=== CFB Data Pipeline (Multi-Year) ===
  Loaded 68 NFL draft entries from nfl_draft.json

============================================================
  PROCESSING YEAR 2006
============================================================

[1/7] Fetching FBS teams...
    [cache] /teams/fbs {'year': 2006}
  Found 119 teams

[2/7] Fetching rosters...
  Fetching roster 1/119: Air Force
    [cache] /roster {'team': 'Air Force', 'year': 2006}
  Fetching roster 2/119: Akron
    [cache] /roster {'team': 'Akron', 'year': 2006}
  Fetching roster 3/119: Alabama
    [cache] /roster {'team': 'Alabama', 'year': 2006}
  Fetching roster 4/119: Arizona
    [cache] /roster {'team': 'Arizona', 'year': 2006}
  Fetching roster 5/119: Arizona State
    [cache] /roster {'team': 'Arizona State', 'year': 2006}
  Fetching roster 6/119: Arkansas
    [cache] /roster {'team': 'Arkansas', 'year': 2006}
  Fetching roster 7/119: Arkansas State
    [cache] /roster {'team': 'Arkansas State', 'year': 2006}
  Fetching roster 8/119: Army
    [cache] /roster {'team': 'Army', 'year': 2006}
  Fetching roster 9/119: Auburn
    [cache] /roster {'team': 'Auburn', 'year': 2006}
  Fetching roster 10/119: Ball State
    [cache] /roster {'team': 'Ball State', 'year': 2006}
  Fetching roster 11/119: Baylor
    [cache] /roster {'team': 'Baylor', 'year': 2006}
  Fetching roster 12/119: Boise State
    [cache] /roster {'team': 'Boise State', 'year': 2006}
  Fetching roster 13/119: Boston College
    [cache] /roster {'team': 'Boston College', 'year': 2006}
  Fetching roster 14/119: Bowling Green
    [cache] /roster {'team': 'Bowling Green', 'year': 2006}
  Fetching roster 15/119: Buffalo
    [cache] /roster {'team': 'Buffalo', 'year': 2006}
  Fetching roster 16/119: BYU
    [cache] /roster {'team': 'BYU', 'year': 2006}
  Fetching roster 17/119: California
    [cache] /roster {'team': 'California', 'year': 2006}
  Fetching roster 18/119: Central Michigan
    [cache] /roster {'team': 'Central Michigan', 'year': 2006}
  Fetching roster 19/119: Cincinnati
    [cache] /roster {'team': 'Cincinnati', 'year': 2006}
  Fetching roster 20/119: Clemson
    [cache] /roster {'team': 'Clemson', 'year': 2006}
  Fetching roster 21/119: Colorado
    [cache] /roster {'team': 'Colorado', 'year': 2006}
  Fetching roster 22/119: Colorado State
    [cache] /roster {'team': 'Colorado State', 'year': 2006}
  Fetching roster 23/119: Duke
    [cache] /roster {'team': 'Duke', 'year': 2006}
  Fetching roster 24/119: East Carolina
    [cache] /roster {'team': 'East Carolina', 'year': 2006}
  Fetching roster 25/119: Eastern Michigan
    [cache] /roster {'team': 'Eastern Michigan', 'year': 2006}
  Fetching roster 26/119: Florida
    [cache] /roster {'team': 'Florida', 'year': 2006}
  Fetching roster 27/119: Florida Atlantic
    [cache] /roster {'team': 'Florida Atlantic', 'year': 2006}
  Fetching roster 28/119: Florida International
    [cache] /roster {'team': 'Florida International', 'year': 2006}
  Fetching roster 29/119: Florida State
    [cache] /roster {'team': 'Florida State', 'year': 2006}
  Fetching roster 30/119: Fresno State
    [cache] /roster {'team': 'Fresno State', 'year': 2006}
  Fetching roster 31/119: Georgia
    [cache] /roster {'team': 'Georgia', 'year': 2006}
  Fetching roster 32/119: Georgia Tech
    [cache] /roster {'team': 'Georgia Tech', 'year': 2006}
  Fetching roster 33/119: Hawai'i
    [cache] /roster {'team': "Hawai'i", 'year': 2006}
  Fetching roster 34/119: Houston
    [cache] /roster {'team': 'Houston', 'year': 2006}
  Fetching roster 35/119: Idaho
    [cache] /roster {'team': 'Idaho', 'year': 2006}
  Fetching roster 36/119: Illinois
    [cache] /roster {'team': 'Illinois', 'year': 2006}
  Fetching roster 37/119: Indiana
    [cache] /roster {'team': 'Indiana', 'year': 2006}
  Fetching roster 38/119: Iowa
    [cache] /roster {'team': 'Iowa', 'year': 2006}
  Fetching roster 39/119: Iowa State
    [cache] /roster {'team': 'Iowa State', 'year': 2006}
  Fetching roster 40/119: Kansas
    [cache] /roster {'team': 'Kansas', 'year': 2006}
  Fetching roster 41/119: Kansas State
    [cache] /roster {'team': 'Kansas State', 'year': 2006}
  Fetching roster 42/119: Kent State
    [cache] /roster {'team': 'Kent State', 'year': 2006}
  Fetching roster 43/119: Kentucky
    [cache] /roster {'team': 'Kentucky', 'year': 2006}
  Fetching roster 44/119: Louisiana
    [cache] /roster {'team': 'Louisiana', 'year': 2006}
  Fetching roster 45/119: Louisiana Tech
    [cache] /roster {'team': 'Louisiana Tech', 'year': 2006}
  Fetching roster 46/119: Louisville
    [cache] /roster {'team': 'Louisville', 'year': 2006}
  Fetching roster 47/119: LSU
    [cache] /roster {'team': 'LSU', 'year': 2006}
  Fetching roster 48/119: Marshall
    [cache] /roster {'team': 'Marshall', 'year': 2006}
  Fetching roster 49/119: Maryland
    [cache] /roster {'team': 'Maryland', 'year': 2006}
  Fetching roster 50/119: Memphis
    [cache] /roster {'team': 'Memphis', 'year': 2006}
  Fetching roster 51/119: Miami
    [cache] /roster {'team': 'Miami', 'year': 2006}
  Fetching roster 52/119: Miami (OH)
    [cache] /roster {'team': 'Miami (OH)', 'year': 2006}
  Fetching roster 53/119: Michigan
    [cache] /roster {'team': 'Michigan', 'year': 2006}
  Fetching roster 54/119: Michigan State
    [cache] /roster {'team': 'Michigan State', 'year': 2006}
  Fetching roster 55/119: Middle Tennessee
    [cache] /roster {'team': 'Middle Tennessee', 'year': 2006}
  Fetching roster 56/119: Minnesota
    [cache] /roster {'team': 'Minnesota', 'year': 2006}
  Fetching roster 57/119: Mississippi State
    [cache] /roster {'team': 'Mississippi State', 'year': 2006}
  Fetching roster 58/119: Missouri
    [cache] /roster {'team': 'Missouri', 'year': 2006}
  Fetching roster 59/119: Navy
    [cache] /roster {'team': 'Navy', 'year': 2006}
  Fetching roster 60/119: NC State
    [cache] /roster {'team': 'NC State', 'year': 2006}
  Fetching roster 61/119: Nebraska
    [cache] /roster {'team': 'Nebraska', 'year': 2006}
  Fetching roster 62/119: Nevada
    [cache] /roster {'team': 'Nevada', 'year': 2006}
  Fetching roster 63/119: New Mexico
    [cache] /roster {'team': 'New Mexico', 'year': 2006}
  Fetching roster 64/119: New Mexico State
    [cache] /roster {'team': 'New Mexico State', 'year': 2006}
  Fetching roster 65/119: North Carolina
    [cache] /roster {'team': 'North Carolina', 'year': 2006}
  Fetching roster 66/119: Northern Illinois
    [cache] /roster {'team': 'Northern Illinois', 'year': 2006}
  Fetching roster 67/119: North Texas
    [cache] /roster {'team': 'North Texas', 'year': 2006}
  Fetching roster 68/119: Northwestern
    [cache] /roster {'team': 'Northwestern', 'year': 2006}
  Fetching roster 69/119: Notre Dame
    [cache] /roster {'team': 'Notre Dame', 'year': 2006}
  Fetching roster 70/119: Ohio
    [cache] /roster {'team': 'Ohio', 'year': 2006}
  Fetching roster 71/119: Ohio State
    [cache] /roster {'team': 'Ohio State', 'year': 2006}
  Fetching roster 72/119: Oklahoma
    [cache] /roster {'team': 'Oklahoma', 'year': 2006}
  Fetching roster 73/119: Oklahoma State
    [cache] /roster {'team': 'Oklahoma State', 'year': 2006}
  Fetching roster 74/119: Ole Miss
    [cache] /roster {'team': 'Ole Miss', 'year': 2006}
  Fetching roster 75/119: Oregon
    [cache] /roster {'team': 'Oregon', 'year': 2006}
  Fetching roster 76/119: Oregon State
    [cache] /roster {'team': 'Oregon State', 'year': 2006}
  Fetching roster 77/119: Penn State
    [cache] /roster {'team': 'Penn State', 'year': 2006}
  Fetching roster 78/119: Pittsburgh
    [cache] /roster {'team': 'Pittsburgh', 'year': 2006}
  Fetching roster 79/119: Purdue
    [cache] /roster {'team': 'Purdue', 'year': 2006}
  Fetching roster 80/119: Rice
    [cache] /roster {'team': 'Rice', 'year': 2006}
  Fetching roster 81/119: Rutgers
    [cache] /roster {'team': 'Rutgers', 'year': 2006}
  Fetching roster 82/119: San Diego State
    [cache] /roster {'team': 'San Diego State', 'year': 2006}
  Fetching roster 83/119: San José State
    [cache] /roster {'team': 'San José State', 'year': 2006}
  Fetching roster 84/119: SMU
    [cache] /roster {'team': 'SMU', 'year': 2006}
  Fetching roster 85/119: South Carolina
    [cache] /roster {'team': 'South Carolina', 'year': 2006}
  Fetching roster 86/119: Southern Miss
    [cache] /roster {'team': 'Southern Miss', 'year': 2006}
  Fetching roster 87/119: South Florida
    [cache] /roster {'team': 'South Florida', 'year': 2006}
  Fetching roster 88/119: Stanford
    [cache] /roster {'team': 'Stanford', 'year': 2006}
  Fetching roster 89/119: Syracuse
    [cache] /roster {'team': 'Syracuse', 'year': 2006}
  Fetching roster 90/119: TCU
    [cache] /roster {'team': 'TCU', 'year': 2006}
  Fetching roster 91/119: Temple
    [cache] /roster {'team': 'Temple', 'year': 2006}
  Fetching roster 92/119: Tennessee
    [cache] /roster {'team': 'Tennessee', 'year': 2006}
  Fetching roster 93/119: Texas
    [cache] /roster {'team': 'Texas', 'year': 2006}
  Fetching roster 94/119: Texas A&M
    [cache] /roster {'team': 'Texas A&M', 'year': 2006}
  Fetching roster 95/119: Texas Tech
    [cache] /roster {'team': 'Texas Tech', 'year': 2006}
  Fetching roster 96/119: Toledo
    [cache] /roster {'team': 'Toledo', 'year': 2006}
  Fetching roster 97/119: Troy
    [cache] /roster {'team': 'Troy', 'year': 2006}
  Fetching roster 98/119: Tulane
    [cache] /roster {'team': 'Tulane', 'year': 2006}
  Fetching roster 99/119: Tulsa
    [cache] /roster {'team': 'Tulsa', 'year': 2006}
  Fetching roster 100/119: UAB
    [cache] /roster {'team': 'UAB', 'year': 2006}
  Fetching roster 101/119: UCF
    [cache] /roster {'team': 'UCF', 'year': 2006}
  Fetching roster 102/119: UCLA
    [cache] /roster {'team': 'UCLA', 'year': 2006}
  Fetching roster 103/119: UConn
    [cache] /roster {'team': 'UConn', 'year': 2006}
  Fetching roster 104/119: UL Monroe
    [cache] /roster {'team': 'UL Monroe', 'year': 2006}
  Fetching roster 105/119: UNLV
    [cache] /roster {'team': 'UNLV', 'year': 2006}
  Fetching roster 106/119: USC
    [cache] /roster {'team': 'USC', 'year': 2006}
  Fetching roster 107/119: Utah
    [cache] /roster {'team': 'Utah', 'year': 2006}
  Fetching roster 108/119: Utah State
    [cache] /roster {'team': 'Utah State', 'year': 2006}
  Fetching roster 109/119: UTEP
    [cache] /roster {'team': 'UTEP', 'year': 2006}
  Fetching roster 110/119: Vanderbilt
    [cache] /roster {'team': 'Vanderbilt', 'year': 2006}
  Fetching roster 111/119: Virginia
    [cache] /roster {'team': 'Virginia', 'year': 2006}
  Fetching roster 112/119: Virginia Tech
    [cache] /roster {'team': 'Virginia Tech', 'year': 2006}
  Fetching roster 113/119: Wake Forest
    [cache] /roster {'team': 'Wake Forest', 'year': 2006}
  Fetching roster 114/119: Washington
    [cache] /roster {'team': 'Washington', 'year': 2006}
  Fetching roster 115/119: Washington State
    [cache] /roster {'team': 'Washington State', 'year': 2006}
  Fetching roster 116/119: Western Michigan
    [cache] /roster {'team': 'Western Michigan', 'year': 2006}
  Fetching roster 117/119: West Virginia
    [cache] /roster {'team': 'West Virginia', 'year': 2006}
  Fetching roster 118/119: Wisconsin
    [cache] /roster {'team': 'Wisconsin', 'year': 2006}
  Fetching roster 119/119: Wyoming
    [cache] /roster {'team': 'Wyoming', 'year': 2006}

[3/7] Fetching player stats...
    [cache] /stats/player/season {'year': 2006, 'seasonType': 'regular'}
  551 player stat entries

[3b] Fetching player usage...
    [cache] /player/usage {'year': 2006, 'seasonType': 'regular'}
  0 usage entries

[3c] Fetching player awards...
    GET /awards {'year': 2006}
    WARNING: /awards {'year': 2006} failed: Expecting value: line 2 column 1 (char 1)
  0 award entries
  0 OL draft picks mapped for 2007 NFL Draft

[4/7] Fetching PPA data...
    [cache] /ppa/players/season {'year': 2006}
  0 PPA entries

[5/7] Fetching team stats + SP+ + talent...
    [cache] /stats/season {'year': 2006}
    [cache] /ratings/sp {'year': 2006}
    [cache] /talent {'year': 2006}

[6/7] Fetching recruiting data...
    Class 2002...
    [cache] /recruiting/players {'year': 2002}
    Class 2003...
    [cache] /recruiting/players {'year': 2003}
    Class 2004...
    [cache] /recruiting/players {'year': 2004}
    Class 2005...
    [cache] /recruiting/players {'year': 2005}
    Class 2006...
    [cache] /recruiting/players {'year': 2006}

[6b] Fetching game results and player game stats (Phase 2)...
    [cache] /games {'year': 2006, 'seasonType': 'regular'}
  1373 games fetched
  Fetching game stats 1/119: Air Force
    [cache] /games/players {'year': 2006, 'seasonType': 'regular', 'team': 'Air Force'}
  Fetching game stats 2/119: Akron
    [cache] /games/players {'year': 2006, 'seasonType': 'regular', 'team': 'Akron'}
  Fetching game stats 3/119: Alabama
    [cache] /games/players {'year': 2006, 'seasonType': 'regular', 'team': 'Alabama'}
  Fetching game stats 4/119: Arizona
    [cache] /games/players {'year': 2006, 'seasonType': 'regular', 'team': 'Arizona'}
  Fetching game stats 5/119: Arizona State
    [cache] /games/players {'year': 2006, 'seasonType': 'regular', 'team': 'Arizona State'}
  Fetching game stats 6/119: Arkansas
    [cache] /games/players {'year': 2006, 'seasonType': 'regular', 'team': 'Arkansas'}
  Fetching game stats 7/119: Arkansas State
    [cache] /games/players {'year': 2006, 'seasonType': 'regular', 'team': 'Arkansas State'}
  Fetching game stats 8/119: Army
    [cache] /games/players {'year': 2006, 'seasonType': 'regular', 'team': 'Army'}
  Fetching game stats 9/119: Auburn
    [cache] /games/players {'year': 2006, 'seasonType': 'regular', 'team': 'Auburn'}
  Fetching game stats 10/119: Ball State
    [cache] /games/players {'year': 2006, 'seasonType': 'regular', 'team': 'Ball State'}
  Fetching game stats 11/119: Baylor
    [cache] /games/players {'year': 2006, 'seasonType': 'regular', 'team': 'Baylor'}
  Fetching game stats 12/119: Boise State
    [cache] /games/players {'year': 2006, 'seasonType': 'regular', 'team': 'Boise State'}
  Fetching game stats 13/119: Boston College
    [cache] /games/players {'year': 2006, 'seasonType': 'regular', 'team': 'Boston College'}
  Fetching game stats 14/119: Bowling Green
    [cache] /games/players {'year': 2006, 'seasonType': 'regular', 'team': 'Bowling Green'}
  Fetching game stats 15/119: Buffalo
    [cache] /games/players {'year': 2006, 'seasonType': 'regular', 'team': 'Buffalo'}
  Fetching game stats 16/119: BYU
    [cache] /games/players {'year': 2006, 'seasonType': 'regular', 'team': 'BYU'}
  Fetching game stats 17/119: California
    [cache] /games/players {'year': 2006, 'seasonType': 'regular', 'team': 'California'}
  Fetching game stats 18/119: Central Michigan
    [cache] /games/players {'year': 2006, 'seasonType': 'regular', 'team': 'Central Michigan'}
  Fetching game stats 19/119: Cincinnati
    [cache] /games/players {'year': 2006, 'seasonType': 'regular', 'team': 'Cincinnati'}
  Fetching game stats 20/119: Clemson
    [cache] /games/players {'year': 2006, 'seasonType': 'regular', 'team': 'Clemson'}
  Fetching game stats 21/119: Colorado
    [cache] /games/players {'year': 2006, 'seasonType': 'regular', 'team': 'Colorado'}
  Fetching game stats 22/119: Colorado State
    [cache] /games/players {'year': 2006, 'seasonType': 'regular', 'team': 'Colorado State'}
  Fetching game stats 23/119: Duke
    [cache] /games/players {'year': 2006, 'seasonType': 'regular', 'team': 'Duke'}
  Fetching game stats 24/119: East Carolina
    [cache] /games/players {'year': 2006, 'seasonType': 'regular', 'team': 'East Carolina'}
  Fetching game stats 25/119: Eastern Michigan
    [cache] /games/players {'year': 2006, 'seasonType': 'regular', 'team': 'Eastern Michigan'}
  Fetching game stats 26/119: Florida
    [cache] /games/players {'year': 2006, 'seasonType': 'regular', 'team': 'Florida'}
  Fetching game stats 27/119: Florida Atlantic
    [cache] /games/players {'year': 2006, 'seasonType': 'regular', 'team': 'Florida Atlantic'}
  Fetching game stats 28/119: Florida International
    [cache] /games/players {'year': 2006, 'seasonType': 'regular', 'team': 'Florida International'}
  Fetching game stats 29/119: Florida State
    [cache] /games/players {'year': 2006, 'seasonType': 'regular', 'team': 'Florida State'}
  Fetching game stats 30/119: Fresno State
    [cache] /games/players {'year': 2006, 'seasonType': 'regular', 'team': 'Fresno State'}
  Fetching game stats 31/119: Georgia
    [cache] /games/players {'year': 2006, 'seasonType': 'regular', 'team': 'Georgia'}
  Fetching game stats 32/119: Georgia Tech
    [cache] /games/players {'year': 2006, 'seasonType': 'regular', 'team': 'Georgia Tech'}
  Fetching game stats 33/119: Hawai'i
    [cache] /games/players {'year': 2006, 'seasonType': 'regular', 'team': "Hawai'i"}
  Fetching game stats 34/119: Houston
    [cache] /games/players {'year': 2006, 'seasonType': 'regular', 'team': 'Houston'}
  Fetching game stats 35/119: Idaho
    [cache] /games/players {'year': 2006, 'seasonType': 'regular', 'team': 'Idaho'}
  Fetching game stats 36/119: Illinois
    [cache] /games/players {'year': 2006, 'seasonType': 'regular', 'team': 'Illinois'}
  Fetching game stats 37/119: Indiana
    [cache] /games/players {'year': 2006, 'seasonType': 'regular', 'team': 'Indiana'}
  Fetching game stats 38/119: Iowa
    [cache] /games/players {'year': 2006, 'seasonType': 'regular', 'team': 'Iowa'}
  Fetching game stats 39/119: Iowa State
    [cache] /games/players {'year': 2006, 'seasonType': 'regular', 'team': 'Iowa State'}
  Fetching game stats 40/119: Kansas
    [cache] /games/players {'year': 2006, 'seasonType': 'regular', 'team': 'Kansas'}
  Fetching game stats 41/119: Kansas State
    [cache] /games/players {'year': 2006, 'seasonType': 'regular', 'team': 'Kansas State'}
  Fetching game stats 42/119: Kent State
    [cache] /games/players {'year': 2006, 'seasonType': 'regular', 'team': 'Kent State'}
  Fetching game stats 43/119: Kentucky
    [cache] /games/players {'year': 2006, 'seasonType': 'regular', 'team': 'Kentucky'}
  Fetching game stats 44/119: Louisiana
    [cache] /games/players {'year': 2006, 'seasonType': 'regular', 'team': 'Louisiana'}
  Fetching game stats 45/119: Louisiana Tech
    [cache] /games/players {'year': 2006, 'seasonType': 'regular', 'team': 'Louisiana Tech'}
  Fetching game stats 46/119: Louisville
    [cache] /games/players {'year': 2006, 'seasonType': 'regular', 'team': 'Louisville'}
  Fetching game stats 47/119: LSU
    [cache] /games/players {'year': 2006, 'seasonType': 'regular', 'team': 'LSU'}
  Fetching game stats 48/119: Marshall
    [cache] /games/players {'year': 2006, 'seasonType': 'regular', 'team': 'Marshall'}
  Fetching game stats 49/119: Maryland
    [cache] /games/players {'year': 2006, 'seasonType': 'regular', 'team': 'Maryland'}
  Fetching game stats 50/119: Memphis
    [cache] /games/players {'year': 2006, 'seasonType': 'regular', 'team': 'Memphis'}
  Fetching game stats 51/119: Miami
    [cache] /games/players {'year': 2006, 'seasonType': 'regular', 'team': 'Miami'}
  Fetching game stats 52/119: Miami (OH)
    [cache] /games/players {'year': 2006, 'seasonType': 'regular', 'team': 'Miami (OH)'}
  Fetching game stats 53/119: Michigan
    [cache] /games/players {'year': 2006, 'seasonType': 'regular', 'team': 'Michigan'}
  Fetching game stats 54/119: Michigan State
    [cache] /games/players {'year': 2006, 'seasonType': 'regular', 'team': 'Michigan State'}
  Fetching game stats 55/119: Middle Tennessee
    [cache] /games/players {'year': 2006, 'seasonType': 'regular', 'team': 'Middle Tennessee'}
  Fetching game stats 56/119: Minnesota
    [cache] /games/players {'year': 2006, 'seasonType': 'regular', 'team': 'Minnesota'}
  Fetching game stats 57/119: Mississippi State
    [cache] /games/players {'year': 2006, 'seasonType': 'regular', 'team': 'Mississippi State'}
  Fetching game stats 58/119: Missouri
    [cache] /games/players {'year': 2006, 'seasonType': 'regular', 'team': 'Missouri'}
  Fetching game stats 59/119: Navy
    [cache] /games/players {'year': 2006, 'seasonType': 'regular', 'team': 'Navy'}
  Fetching game stats 60/119: NC State
    [cache] /games/players {'year': 2006, 'seasonType': 'regular', 'team': 'NC State'}
  Fetching game stats 61/119: Nebraska
    [cache] /games/players {'year': 2006, 'seasonType': 'regular', 'team': 'Nebraska'}
  Fetching game stats 62/119: Nevada
    [cache] /games/players {'year': 2006, 'seasonType': 'regular', 'team': 'Nevada'}
  Fetching game stats 63/119: New Mexico
    [cache] /games/players {'year': 2006, 'seasonType': 'regular', 'team': 'New Mexico'}
  Fetching game stats 64/119: New Mexico State
    [cache] /games/players {'year': 2006, 'seasonType': 'regular', 'team': 'New Mexico State'}
  Fetching game stats 65/119: North Carolina
    [cache] /games/players {'year': 2006, 'seasonType': 'regular', 'team': 'North Carolina'}
  Fetching game stats 66/119: Northern Illinois
    [cache] /games/players {'year': 2006, 'seasonType': 'regular', 'team': 'Northern Illinois'}
  Fetching game stats 67/119: North Texas
    [cache] /games/players {'year': 2006, 'seasonType': 'regular', 'team': 'North Texas'}
  Fetching game stats 68/119: Northwestern
    [cache] /games/players {'year': 2006, 'seasonType': 'regular', 'team': 'Northwestern'}
  Fetching game stats 69/119: Notre Dame
    [cache] /games/players {'year': 2006, 'seasonType': 'regular', 'team': 'Notre Dame'}
  Fetching game stats 70/119: Ohio
    [cache] /games/players {'year': 2006, 'seasonType': 'regular', 'team': 'Ohio'}
  Fetching game stats 71/119: Ohio State
    [cache] /games/players {'year': 2006, 'seasonType': 'regular', 'team': 'Ohio State'}
  Fetching game stats 72/119: Oklahoma
    [cache] /games/players {'year': 2006, 'seasonType': 'regular', 'team': 'Oklahoma'}
  Fetching game stats 73/119: Oklahoma State
    [cache] /games/players {'year': 2006, 'seasonType': 'regular', 'team': 'Oklahoma State'}
  Fetching game stats 74/119: Ole Miss
    [cache] /games/players {'year': 2006, 'seasonType': 'regular', 'team': 'Ole Miss'}
  Fetching game stats 75/119: Oregon
    [cache] /games/players {'year': 2006, 'seasonType': 'regular', 'team': 'Oregon'}
  Fetching game stats 76/119: Oregon State
    [cache] /games/players {'year': 2006, 'seasonType': 'regular', 'team': 'Oregon State'}
  Fetching game stats 77/119: Penn State
    [cache] /games/players {'year': 2006, 'seasonType': 'regular', 'team': 'Penn State'}
  Fetching game stats 78/119: Pittsburgh
    [cache] /games/players {'year': 2006, 'seasonType': 'regular', 'team': 'Pittsburgh'}
  Fetching game stats 79/119: Purdue
    [cache] /games/players {'year': 2006, 'seasonType': 'regular', 'team': 'Purdue'}
  Fetching game stats 80/119: Rice
    [cache] /games/players {'year': 2006, 'seasonType': 'regular', 'team': 'Rice'}
  Fetching game stats 81/119: Rutgers
    [cache] /games/players {'year': 2006, 'seasonType': 'regular', 'team': 'Rutgers'}
  Fetching game stats 82/119: San Diego State
    [cache] /games/players {'year': 2006, 'seasonType': 'regular', 'team': 'San Diego State'}
  Fetching game stats 83/119: San José State
    [cache] /games/players {'year': 2006, 'seasonType': 'regular', 'team': 'San José State'}
  Fetching game stats 84/119: SMU
    [cache] /games/players {'year': 2006, 'seasonType': 'regular', 'team': 'SMU'}
  Fetching game stats 85/119: South Carolina
    [cache] /games/players {'year': 2006, 'seasonType': 'regular', 'team': 'South Carolina'}
  Fetching game stats 86/119: Southern Miss
    [cache] /games/players {'year': 2006, 'seasonType': 'regular', 'team': 'Southern Miss'}
  Fetching game stats 87/119: South Florida
    [cache] /games/players {'year': 2006, 'seasonType': 'regular', 'team': 'South Florida'}
  Fetching game stats 88/119: Stanford
    [cache] /games/players {'year': 2006, 'seasonType': 'regular', 'team': 'Stanford'}
  Fetching game stats 89/119: Syracuse
    [cache] /games/players {'year': 2006, 'seasonType': 'regular', 'team': 'Syracuse'}
  Fetching game stats 90/119: TCU
    [cache] /games/players {'year': 2006, 'seasonType': 'regular', 'team': 'TCU'}
  Fetching game stats 91/119: Temple
    [cache] /games/players {'year': 2006, 'seasonType': 'regular', 'team': 'Temple'}
  Fetching game stats 92/119: Tennessee
    [cache] /games/players {'year': 2006, 'seasonType': 'regular', 'team': 'Tennessee'}
  Fetching game stats 93/119: Texas
    [cache] /games/players {'year': 2006, 'seasonType': 'regular', 'team': 'Texas'}
  Fetching game stats 94/119: Texas A&M
    [cache] /games/players {'year': 2006, 'seasonType': 'regular', 'team': 'Texas A&M'}
  Fetching game stats 95/119: Texas Tech
    [cache] /games/players {'year': 2006, 'seasonType': 'regular', 'team': 'Texas Tech'}
  Fetching game stats 96/119: Toledo
    [cache] /games/players {'year': 2006, 'seasonType': 'regular', 'team': 'Toledo'}
  Fetching game stats 97/119: Troy
    [cache] /games/players {'year': 2006, 'seasonType': 'regular', 'team': 'Troy'}
  Fetching game stats 98/119: Tulane
    [cache] /games/players {'year': 2006, 'seasonType': 'regular', 'team': 'Tulane'}
  Fetching game stats 99/119: Tulsa
    [cache] /games/players {'year': 2006, 'seasonType': 'regular', 'team': 'Tulsa'}
  Fetching game stats 100/119: UAB
    [cache] /games/players {'year': 2006, 'seasonType': 'regular', 'team': 'UAB'}
  Fetching game stats 101/119: UCF
    [cache] /games/players {'year': 2006, 'seasonType': 'regular', 'team': 'UCF'}
  Fetching game stats 102/119: UCLA
    [cache] /games/players {'year': 2006, 'seasonType': 'regular', 'team': 'UCLA'}
  Fetching game stats 103/119: UConn
    [cache] /games/players {'year': 2006, 'seasonType': 'regular', 'team': 'UConn'}
  Fetching game stats 104/119: UL Monroe
    [cache] /games/players {'year': 2006, 'seasonType': 'regular', 'team': 'UL Monroe'}
  Fetching game stats 105/119: UNLV
    [cache] /games/players {'year': 2006, 'seasonType': 'regular', 'team': 'UNLV'}
  Fetching game stats 106/119: USC
    [cache] /games/players {'year': 2006, 'seasonType': 'regular', 'team': 'USC'}
  Fetching game stats 107/119: Utah
    [cache] /games/players {'year': 2006, 'seasonType': 'regular', 'team': 'Utah'}
  Fetching game stats 108/119: Utah State
    [cache] /games/players {'year': 2006, 'seasonType': 'regular', 'team': 'Utah State'}
  Fetching game stats 109/119: UTEP
    [cache] /games/players {'year': 2006, 'seasonType': 'regular', 'team': 'UTEP'}
  Fetching game stats 110/119: Vanderbilt
    [cache] /games/players {'year': 2006, 'seasonType': 'regular', 'team': 'Vanderbilt'}
  Fetching game stats 111/119: Virginia
    [cache] /games/players {'year': 2006, 'seasonType': 'regular', 'team': 'Virginia'}
  Fetching game stats 112/119: Virginia Tech
    [cache] /games/players {'year': 2006, 'seasonType': 'regular', 'team': 'Virginia Tech'}
  Fetching game stats 113/119: Wake Forest
    [cache] /games/players {'year': 2006, 'seasonType': 'regular', 'team': 'Wake Forest'}
  Fetching game stats 114/119: Washington
    [cache] /games/players {'year': 2006, 'seasonType': 'regular', 'team': 'Washington'}
  Fetching game stats 115/119: Washington State
    [cache] /games/players {'year': 2006, 'seasonType': 'regular', 'team': 'Washington State'}
  Fetching game stats 116/119: Western Michigan
    [cache] /games/players {'year': 2006, 'seasonType': 'regular', 'team': 'Western Michigan'}
  Fetching game stats 117/119: West Virginia
    [cache] /games/players {'year': 2006, 'seasonType': 'regular', 'team': 'West Virginia'}
  Fetching game stats 118/119: Wisconsin
    [cache] /games/players {'year': 2006, 'seasonType': 'regular', 'team': 'Wisconsin'}
  Fetching game stats 119/119: Wyoming
    [cache] /games/players {'year': 2006, 'seasonType': 'regular', 'team': 'Wyoming'}
  755 unique games with player stats fetched

[6c] Fetching drives and plays by week (weeks 1-16)...
    drives week 1/16
    [cache] /drives {'year': 2006, 'week': 1, 'seasonType': 'regular'}
    drives week 2/16
    [cache] /drives {'year': 2006, 'week': 2, 'seasonType': 'regular'}
    drives week 3/16
    [cache] /drives {'year': 2006, 'week': 3, 'seasonType': 'regular'}
    drives week 4/16
    [cache] /drives {'year': 2006, 'week': 4, 'seasonType': 'regular'}
    drives week 5/16
    [cache] /drives {'year': 2006, 'week': 5, 'seasonType': 'regular'}
    drives week 6/16
    [cache] /drives {'year': 2006, 'week': 6, 'seasonType': 'regular'}
    drives week 7/16
    [cache] /drives {'year': 2006, 'week': 7, 'seasonType': 'regular'}
    drives week 8/16
    [cache] /drives {'year': 2006, 'week': 8, 'seasonType': 'regular'}
    drives week 9/16
    [cache] /drives {'year': 2006, 'week': 9, 'seasonType': 'regular'}
    drives week 10/16
    [cache] /drives {'year': 2006, 'week': 10, 'seasonType': 'regular'}
    drives week 11/16
    [cache] /drives {'year': 2006, 'week': 11, 'seasonType': 'regular'}
    drives week 12/16
    [cache] /drives {'year': 2006, 'week': 12, 'seasonType': 'regular'}
    drives week 13/16
    [cache] /drives {'year': 2006, 'week': 13, 'seasonType': 'regular'}
    drives week 14/16
    [cache] /drives {'year': 2006, 'week': 14, 'seasonType': 'regular'}
    drives week 15/16
    [cache] /drives {'year': 2006, 'week': 15, 'seasonType': 'regular'}
    drives week 16/16
    [cache] /drives {'year': 2006, 'week': 16, 'seasonType': 'regular'}
  15925 total drives fetched
    plays week 1/16
    [cache] /plays {'year': 2006, 'week': 1, 'seasonType': 'regular'}
    plays week 2/16
    [cache] /plays {'year': 2006, 'week': 2, 'seasonType': 'regular'}
    plays week 3/16
    [cache] /plays {'year': 2006, 'week': 3, 'seasonType': 'regular'}
    plays week 4/16
    [cache] /plays {'year': 2006, 'week': 4, 'seasonType': 'regular'}
    plays week 5/16
    [cache] /plays {'year': 2006, 'week': 5, 'seasonType': 'regular'}
    plays week 6/16
    [cache] /plays {'year': 2006, 'week': 6, 'seasonType': 'regular'}
    plays week 7/16
    [cache] /plays {'year': 2006, 'week': 7, 'seasonType': 'regular'}
    plays week 8/16
    [cache] /plays {'year': 2006, 'week': 8, 'seasonType': 'regular'}
    plays week 9/16
    [cache] /plays {'year': 2006, 'week': 9, 'seasonType': 'regular'}
    plays week 10/16
    [cache] /plays {'year': 2006, 'week': 10, 'seasonType': 'regular'}
    plays week 11/16
    [cache] /plays {'year': 2006, 'week': 11, 'seasonType': 'regular'}
    plays week 12/16
    [cache] /plays {'year': 2006, 'week': 12, 'seasonType': 'regular'}
    plays week 13/16
    [cache] /plays {'year': 2006, 'week': 13, 'seasonType': 'regular'}
    plays week 14/16
    [cache] /plays {'year': 2006, 'week': 14, 'seasonType': 'regular'}
    plays week 15/16
    [cache] /plays {'year': 2006, 'week': 15, 'seasonType': 'regular'}
    plays week 16/16
    [cache] /plays {'year': 2006, 'week': 16, 'seasonType': 'regular'}
  109298 total plays fetched
  1605 rushers with parsed carry data (54 QBs excluded)

[7/7] Processing ratings...
  Building opponent-weighted stats from gamelog...
  3182 players with opponent-weighted stats
Building player gamelogs (early pass for gamelog-derived skills)...
  Gamelog-derived skills computed for 3182 players
Normalizing ratings...
Applying backup/no-data tier ratings...
  2077 backup/no-data players rated via star-anchor pathway
Computing team ratings...
Generating public names...

  Year 2006 rating distribution:
    40-49:  1807 (50%) #########################
    50-59:   413 (11%) #####
    60-69:   711 (20%) ##########
    70-79:   519 (14%) #######
    80-89:    93 ( 2%) #
    90-99:     6 ( 0%) 
    Min=40 Max=94 Median=49
  119 teams, 3549 players.
Building schedule, drives, and plays...
  1373 games, 3182 players with gamelogs
  15925 drives, 109298 plays

Writing to C:\Projects\CFB-Video-Game\app\assets\data/
  2006/teams_private.json: 119 entries
  2006/teams_public.json: 119 entries
  2006/players_private.json: 3549 entries
  2006/players_public.json: 3549 entries
  2006/ratings.json: 3549 entries
  2006/team_schedule.json: 1373 entries
  2006/player_gamelog.json: 3182 keys, 17444 entries
  2006/team_drives.json: 165 keys, 15925 entries
  2006/team_plays_wk*.json.gz: 14 weeks, 109298 plays
  Loaded 3548 player IDs from 2006 for continuity check

============================================================
  PROCESSING YEAR 2007
============================================================

[1/7] Fetching FBS teams...
    [cache] /teams/fbs {'year': 2007}
  Found 120 teams

[2/7] Fetching rosters...
  Fetching roster 1/120: Air Force
    [cache] /roster {'team': 'Air Force', 'year': 2007}
  Fetching roster 2/120: Akron
    [cache] /roster {'team': 'Akron', 'year': 2007}
  Fetching roster 3/120: Alabama
    [cache] /roster {'team': 'Alabama', 'year': 2007}
  Fetching roster 4/120: Arizona
    [cache] /roster {'team': 'Arizona', 'year': 2007}
  Fetching roster 5/120: Arizona State
    [cache] /roster {'team': 'Arizona State', 'year': 2007}
  Fetching roster 6/120: Arkansas
    [cache] /roster {'team': 'Arkansas', 'year': 2007}
  Fetching roster 7/120: Arkansas State
    [cache] /roster {'team': 'Arkansas State', 'year': 2007}
  Fetching roster 8/120: Army
    [cache] /roster {'team': 'Army', 'year': 2007}
  Fetching roster 9/120: Auburn
    [cache] /roster {'team': 'Auburn', 'year': 2007}
  Fetching roster 10/120: Ball State
    [cache] /roster {'team': 'Ball State', 'year': 2007}
  Fetching roster 11/120: Baylor
    [cache] /roster {'team': 'Baylor', 'year': 2007}
  Fetching roster 12/120: Boise State
    [cache] /roster {'team': 'Boise State', 'year': 2007}
  Fetching roster 13/120: Boston College
    [cache] /roster {'team': 'Boston College', 'year': 2007}
  Fetching roster 14/120: Bowling Green
    [cache] /roster {'team': 'Bowling Green', 'year': 2007}
  Fetching roster 15/120: Buffalo
    [cache] /roster {'team': 'Buffalo', 'year': 2007}
  Fetching roster 16/120: BYU
    [cache] /roster {'team': 'BYU', 'year': 2007}
  Fetching roster 17/120: California
    [cache] /roster {'team': 'California', 'year': 2007}
  Fetching roster 18/120: Central Michigan
    [cache] /roster {'team': 'Central Michigan', 'year': 2007}
  Fetching roster 19/120: Cincinnati
    [cache] /roster {'team': 'Cincinnati', 'year': 2007}
  Fetching roster 20/120: Clemson
    [cache] /roster {'team': 'Clemson', 'year': 2007}
  Fetching roster 21/120: Colorado
    [cache] /roster {'team': 'Colorado', 'year': 2007}
  Fetching roster 22/120: Colorado State
    [cache] /roster {'team': 'Colorado State', 'year': 2007}
  Fetching roster 23/120: Duke
    [cache] /roster {'team': 'Duke', 'year': 2007}
  Fetching roster 24/120: East Carolina
    [cache] /roster {'team': 'East Carolina', 'year': 2007}
  Fetching roster 25/120: Eastern Michigan
    [cache] /roster {'team': 'Eastern Michigan', 'year': 2007}
  Fetching roster 26/120: Florida
    [cache] /roster {'team': 'Florida', 'year': 2007}
  Fetching roster 27/120: Florida Atlantic
    [cache] /roster {'team': 'Florida Atlantic', 'year': 2007}
  Fetching roster 28/120: Florida International
    [cache] /roster {'team': 'Florida International', 'year': 2007}
  Fetching roster 29/120: Florida State
    [cache] /roster {'team': 'Florida State', 'year': 2007}
  Fetching roster 30/120: Fresno State
    [cache] /roster {'team': 'Fresno State', 'year': 2007}
  Fetching roster 31/120: Georgia
    [cache] /roster {'team': 'Georgia', 'year': 2007}
  Fetching roster 32/120: Georgia Tech
    [cache] /roster {'team': 'Georgia Tech', 'year': 2007}
  Fetching roster 33/120: Hawai'i
    [cache] /roster {'team': "Hawai'i", 'year': 2007}
  Fetching roster 34/120: Houston
    [cache] /roster {'team': 'Houston', 'year': 2007}
  Fetching roster 35/120: Idaho
    [cache] /roster {'team': 'Idaho', 'year': 2007}
  Fetching roster 36/120: Illinois
    [cache] /roster {'team': 'Illinois', 'year': 2007}
  Fetching roster 37/120: Indiana
    [cache] /roster {'team': 'Indiana', 'year': 2007}
  Fetching roster 38/120: Iowa
    [cache] /roster {'team': 'Iowa', 'year': 2007}
  Fetching roster 39/120: Iowa State
    [cache] /roster {'team': 'Iowa State', 'year': 2007}
  Fetching roster 40/120: Kansas
    [cache] /roster {'team': 'Kansas', 'year': 2007}
  Fetching roster 41/120: Kansas State
    [cache] /roster {'team': 'Kansas State', 'year': 2007}
  Fetching roster 42/120: Kent State
    [cache] /roster {'team': 'Kent State', 'year': 2007}
  Fetching roster 43/120: Kentucky
    [cache] /roster {'team': 'Kentucky', 'year': 2007}
  Fetching roster 44/120: Louisiana
    [cache] /roster {'team': 'Louisiana', 'year': 2007}
  Fetching roster 45/120: Louisiana Tech
    [cache] /roster {'team': 'Louisiana Tech', 'year': 2007}
  Fetching roster 46/120: Louisville
    [cache] /roster {'team': 'Louisville', 'year': 2007}
  Fetching roster 47/120: LSU
    [cache] /roster {'team': 'LSU', 'year': 2007}
  Fetching roster 48/120: Marshall
    [cache] /roster {'team': 'Marshall', 'year': 2007}
  Fetching roster 49/120: Maryland
    [cache] /roster {'team': 'Maryland', 'year': 2007}
  Fetching roster 50/120: Memphis
    [cache] /roster {'team': 'Memphis', 'year': 2007}
  Fetching roster 51/120: Miami
    [cache] /roster {'team': 'Miami', 'year': 2007}
  Fetching roster 52/120: Miami (OH)
    [cache] /roster {'team': 'Miami (OH)', 'year': 2007}
  Fetching roster 53/120: Michigan
    [cache] /roster {'team': 'Michigan', 'year': 2007}
  Fetching roster 54/120: Michigan State
    [cache] /roster {'team': 'Michigan State', 'year': 2007}
  Fetching roster 55/120: Middle Tennessee
    [cache] /roster {'team': 'Middle Tennessee', 'year': 2007}
  Fetching roster 56/120: Minnesota
    [cache] /roster {'team': 'Minnesota', 'year': 2007}
  Fetching roster 57/120: Mississippi State
    [cache] /roster {'team': 'Mississippi State', 'year': 2007}
  Fetching roster 58/120: Missouri
    [cache] /roster {'team': 'Missouri', 'year': 2007}
  Fetching roster 59/120: Navy
    [cache] /roster {'team': 'Navy', 'year': 2007}
  Fetching roster 60/120: NC State
    [cache] /roster {'team': 'NC State', 'year': 2007}
  Fetching roster 61/120: Nebraska
    [cache] /roster {'team': 'Nebraska', 'year': 2007}
  Fetching roster 62/120: Nevada
    [cache] /roster {'team': 'Nevada', 'year': 2007}
  Fetching roster 63/120: New Mexico
    [cache] /roster {'team': 'New Mexico', 'year': 2007}
  Fetching roster 64/120: New Mexico State
    [cache] /roster {'team': 'New Mexico State', 'year': 2007}
  Fetching roster 65/120: North Carolina
    [cache] /roster {'team': 'North Carolina', 'year': 2007}
  Fetching roster 66/120: Northern Illinois
    [cache] /roster {'team': 'Northern Illinois', 'year': 2007}
  Fetching roster 67/120: North Texas
    [cache] /roster {'team': 'North Texas', 'year': 2007}
  Fetching roster 68/120: Northwestern
    [cache] /roster {'team': 'Northwestern', 'year': 2007}
  Fetching roster 69/120: Notre Dame
    [cache] /roster {'team': 'Notre Dame', 'year': 2007}
  Fetching roster 70/120: Ohio
    [cache] /roster {'team': 'Ohio', 'year': 2007}
  Fetching roster 71/120: Ohio State
    [cache] /roster {'team': 'Ohio State', 'year': 2007}
  Fetching roster 72/120: Oklahoma
    [cache] /roster {'team': 'Oklahoma', 'year': 2007}
  Fetching roster 73/120: Oklahoma State
    [cache] /roster {'team': 'Oklahoma State', 'year': 2007}
  Fetching roster 74/120: Ole Miss
    [cache] /roster {'team': 'Ole Miss', 'year': 2007}
  Fetching roster 75/120: Oregon
    [cache] /roster {'team': 'Oregon', 'year': 2007}
  Fetching roster 76/120: Oregon State
    [cache] /roster {'team': 'Oregon State', 'year': 2007}
  Fetching roster 77/120: Penn State
    [cache] /roster {'team': 'Penn State', 'year': 2007}
  Fetching roster 78/120: Pittsburgh
    [cache] /roster {'team': 'Pittsburgh', 'year': 2007}
  Fetching roster 79/120: Purdue
    [cache] /roster {'team': 'Purdue', 'year': 2007}
  Fetching roster 80/120: Rice
    [cache] /roster {'team': 'Rice', 'year': 2007}
  Fetching roster 81/120: Rutgers
    [cache] /roster {'team': 'Rutgers', 'year': 2007}
  Fetching roster 82/120: San Diego State
    [cache] /roster {'team': 'San Diego State', 'year': 2007}
  Fetching roster 83/120: San José State
    [cache] /roster {'team': 'San José State', 'year': 2007}
  Fetching roster 84/120: SMU
    [cache] /roster {'team': 'SMU', 'year': 2007}
  Fetching roster 85/120: South Carolina
    [cache] /roster {'team': 'South Carolina', 'year': 2007}
  Fetching roster 86/120: Southern Miss
    [cache] /roster {'team': 'Southern Miss', 'year': 2007}
  Fetching roster 87/120: South Florida
    [cache] /roster {'team': 'South Florida', 'year': 2007}
  Fetching roster 88/120: Stanford
    [cache] /roster {'team': 'Stanford', 'year': 2007}
  Fetching roster 89/120: Syracuse
    [cache] /roster {'team': 'Syracuse', 'year': 2007}
  Fetching roster 90/120: TCU
    [cache] /roster {'team': 'TCU', 'year': 2007}
  Fetching roster 91/120: Temple
    [cache] /roster {'team': 'Temple', 'year': 2007}
  Fetching roster 92/120: Tennessee
    [cache] /roster {'team': 'Tennessee', 'year': 2007}
  Fetching roster 93/120: Texas
    [cache] /roster {'team': 'Texas', 'year': 2007}
  Fetching roster 94/120: Texas A&M
    [cache] /roster {'team': 'Texas A&M', 'year': 2007}
  Fetching roster 95/120: Texas Tech
    [cache] /roster {'team': 'Texas Tech', 'year': 2007}
  Fetching roster 96/120: Toledo
    [cache] /roster {'team': 'Toledo', 'year': 2007}
  Fetching roster 97/120: Troy
    [cache] /roster {'team': 'Troy', 'year': 2007}
  Fetching roster 98/120: Tulane
    [cache] /roster {'team': 'Tulane', 'year': 2007}
  Fetching roster 99/120: Tulsa
    [cache] /roster {'team': 'Tulsa', 'year': 2007}
  Fetching roster 100/120: UAB
    [cache] /roster {'team': 'UAB', 'year': 2007}
  Fetching roster 101/120: UCF
    [cache] /roster {'team': 'UCF', 'year': 2007}
  Fetching roster 102/120: UCLA
    [cache] /roster {'team': 'UCLA', 'year': 2007}
  Fetching roster 103/120: UConn
    [cache] /roster {'team': 'UConn', 'year': 2007}
  Fetching roster 104/120: UL Monroe
    [cache] /roster {'team': 'UL Monroe', 'year': 2007}
  Fetching roster 105/120: UNLV
    [cache] /roster {'team': 'UNLV', 'year': 2007}
  Fetching roster 106/120: USC
    [cache] /roster {'team': 'USC', 'year': 2007}
  Fetching roster 107/120: Utah
    [cache] /roster {'team': 'Utah', 'year': 2007}
  Fetching roster 108/120: Utah State
    [cache] /roster {'team': 'Utah State', 'year': 2007}
  Fetching roster 109/120: UTEP
    [cache] /roster {'team': 'UTEP', 'year': 2007}
  Fetching roster 110/120: Vanderbilt
    [cache] /roster {'team': 'Vanderbilt', 'year': 2007}
  Fetching roster 111/120: Virginia
    [cache] /roster {'team': 'Virginia', 'year': 2007}
  Fetching roster 112/120: Virginia Tech
    [cache] /roster {'team': 'Virginia Tech', 'year': 2007}
  Fetching roster 113/120: Wake Forest
    [cache] /roster {'team': 'Wake Forest', 'year': 2007}
  Fetching roster 114/120: Washington
    [cache] /roster {'team': 'Washington', 'year': 2007}
  Fetching roster 115/120: Washington State
    [cache] /roster {'team': 'Washington State', 'year': 2007}
  Fetching roster 116/120: Western Kentucky
    [cache] /roster {'team': 'Western Kentucky', 'year': 2007}
  Fetching roster 117/120: Western Michigan
    [cache] /roster {'team': 'Western Michigan', 'year': 2007}
  Fetching roster 118/120: West Virginia
    [cache] /roster {'team': 'West Virginia', 'year': 2007}
  Fetching roster 119/120: Wisconsin
    [cache] /roster {'team': 'Wisconsin', 'year': 2007}
  Fetching roster 120/120: Wyoming
    [cache] /roster {'team': 'Wyoming', 'year': 2007}

[3/7] Fetching player stats...
    [cache] /stats/player/season {'year': 2007, 'seasonType': 'regular'}
  1284 player stat entries

[3b] Fetching player usage...
    [cache] /player/usage {'year': 2007, 'seasonType': 'regular'}
  0 usage entries

[3c] Fetching player awards...
    GET /awards {'year': 2007}
    WARNING: /awards {'year': 2007} failed: Expecting value: line 2 column 1 (char 1)
  0 award entries
  0 OL draft picks mapped for 2008 NFL Draft

[4/7] Fetching PPA data...
    [cache] /ppa/players/season {'year': 2007}
  0 PPA entries

[5/7] Fetching team stats + SP+ + talent...
    [cache] /stats/season {'year': 2007}
    [cache] /ratings/sp {'year': 2007}
    [cache] /talent {'year': 2007}

[6/7] Fetching recruiting data...
    Class 2003...
    [cache] /recruiting/players {'year': 2003}
    Class 2004...
    [cache] /recruiting/players {'year': 2004}
    Class 2005...
    [cache] /recruiting/players {'year': 2005}
    Class 2006...
    [cache] /recruiting/players {'year': 2006}
    Class 2007...
    [cache] /recruiting/players {'year': 2007}

[6b] Fetching game results and player game stats (Phase 2)...
    [cache] /games {'year': 2007, 'seasonType': 'regular'}
  1437 games fetched
  Fetching game stats 1/120: Air Force
    [cache] /games/players {'year': 2007, 'seasonType': 'regular', 'team': 'Air Force'}
  Fetching game stats 2/120: Akron
    [cache] /games/players {'year': 2007, 'seasonType': 'regular', 'team': 'Akron'}
  Fetching game stats 3/120: Alabama
    [cache] /games/players {'year': 2007, 'seasonType': 'regular', 'team': 'Alabama'}
  Fetching game stats 4/120: Arizona
    [cache] /games/players {'year': 2007, 'seasonType': 'regular', 'team': 'Arizona'}
  Fetching game stats 5/120: Arizona State
    [cache] /games/players {'year': 2007, 'seasonType': 'regular', 'team': 'Arizona State'}
  Fetching game stats 6/120: Arkansas
    [cache] /games/players {'year': 2007, 'seasonType': 'regular', 'team': 'Arkansas'}
  Fetching game stats 7/120: Arkansas State
    [cache] /games/players {'year': 2007, 'seasonType': 'regular', 'team': 'Arkansas State'}
  Fetching game stats 8/120: Army
    [cache] /games/players {'year': 2007, 'seasonType': 'regular', 'team': 'Army'}
  Fetching game stats 9/120: Auburn
    [cache] /games/players {'year': 2007, 'seasonType': 'regular', 'team': 'Auburn'}
  Fetching game stats 10/120: Ball State
    [cache] /games/players {'year': 2007, 'seasonType': 'regular', 'team': 'Ball State'}
  Fetching game stats 11/120: Baylor
    [cache] /games/players {'year': 2007, 'seasonType': 'regular', 'team': 'Baylor'}
  Fetching game stats 12/120: Boise State
    [cache] /games/players {'year': 2007, 'seasonType': 'regular', 'team': 'Boise State'}
  Fetching game stats 13/120: Boston College
    [cache] /games/players {'year': 2007, 'seasonType': 'regular', 'team': 'Boston College'}
  Fetching game stats 14/120: Bowling Green
    [cache] /games/players {'year': 2007, 'seasonType': 'regular', 'team': 'Bowling Green'}
  Fetching game stats 15/120: Buffalo
    [cache] /games/players {'year': 2007, 'seasonType': 'regular', 'team': 'Buffalo'}
  Fetching game stats 16/120: BYU
    [cache] /games/players {'year': 2007, 'seasonType': 'regular', 'team': 'BYU'}
  Fetching game stats 17/120: California
    [cache] /games/players {'year': 2007, 'seasonType': 'regular', 'team': 'California'}
  Fetching game stats 18/120: Central Michigan
    [cache] /games/players {'year': 2007, 'seasonType': 'regular', 'team': 'Central Michigan'}
  Fetching game stats 19/120: Cincinnati
    [cache] /games/players {'year': 2007, 'seasonType': 'regular', 'team': 'Cincinnati'}
  Fetching game stats 20/120: Clemson
    [cache] /games/players {'year': 2007, 'seasonType': 'regular', 'team': 'Clemson'}
  Fetching game stats 21/120: Colorado
    [cache] /games/players {'year': 2007, 'seasonType': 'regular', 'team': 'Colorado'}
  Fetching game stats 22/120: Colorado State
    [cache] /games/players {'year': 2007, 'seasonType': 'regular', 'team': 'Colorado State'}
  Fetching game stats 23/120: Duke
    [cache] /games/players {'year': 2007, 'seasonType': 'regular', 'team': 'Duke'}
  Fetching game stats 24/120: East Carolina
    [cache] /games/players {'year': 2007, 'seasonType': 'regular', 'team': 'East Carolina'}
  Fetching game stats 25/120: Eastern Michigan
    [cache] /games/players {'year': 2007, 'seasonType': 'regular', 'team': 'Eastern Michigan'}
  Fetching game stats 26/120: Florida
    [cache] /games/players {'year': 2007, 'seasonType': 'regular', 'team': 'Florida'}
  Fetching game stats 27/120: Florida Atlantic
    [cache] /games/players {'year': 2007, 'seasonType': 'regular', 'team': 'Florida Atlantic'}
  Fetching game stats 28/120: Florida International
    [cache] /games/players {'year': 2007, 'seasonType': 'regular', 'team': 'Florida International'}
  Fetching game stats 29/120: Florida State
    [cache] /games/players {'year': 2007, 'seasonType': 'regular', 'team': 'Florida State'}
  Fetching game stats 30/120: Fresno State
    [cache] /games/players {'year': 2007, 'seasonType': 'regular', 'team': 'Fresno State'}
  Fetching game stats 31/120: Georgia
    [cache] /games/players {'year': 2007, 'seasonType': 'regular', 'team': 'Georgia'}
  Fetching game stats 32/120: Georgia Tech
    [cache] /games/players {'year': 2007, 'seasonType': 'regular', 'team': 'Georgia Tech'}
  Fetching game stats 33/120: Hawai'i
    [cache] /games/players {'year': 2007, 'seasonType': 'regular', 'team': "Hawai'i"}
  Fetching game stats 34/120: Houston
    [cache] /games/players {'year': 2007, 'seasonType': 'regular', 'team': 'Houston'}
  Fetching game stats 35/120: Idaho
    [cache] /games/players {'year': 2007, 'seasonType': 'regular', 'team': 'Idaho'}
  Fetching game stats 36/120: Illinois
    [cache] /games/players {'year': 2007, 'seasonType': 'regular', 'team': 'Illinois'}
  Fetching game stats 37/120: Indiana
    [cache] /games/players {'year': 2007, 'seasonType': 'regular', 'team': 'Indiana'}
  Fetching game stats 38/120: Iowa
    [cache] /games/players {'year': 2007, 'seasonType': 'regular', 'team': 'Iowa'}
  Fetching game stats 39/120: Iowa State
    [cache] /games/players {'year': 2007, 'seasonType': 'regular', 'team': 'Iowa State'}
  Fetching game stats 40/120: Kansas
    [cache] /games/players {'year': 2007, 'seasonType': 'regular', 'team': 'Kansas'}
  Fetching game stats 41/120: Kansas State
    [cache] /games/players {'year': 2007, 'seasonType': 'regular', 'team': 'Kansas State'}
  Fetching game stats 42/120: Kent State
    [cache] /games/players {'year': 2007, 'seasonType': 'regular', 'team': 'Kent State'}
  Fetching game stats 43/120: Kentucky
    [cache] /games/players {'year': 2007, 'seasonType': 'regular', 'team': 'Kentucky'}
  Fetching game stats 44/120: Louisiana
    [cache] /games/players {'year': 2007, 'seasonType': 'regular', 'team': 'Louisiana'}
  Fetching game stats 45/120: Louisiana Tech
    [cache] /games/players {'year': 2007, 'seasonType': 'regular', 'team': 'Louisiana Tech'}
  Fetching game stats 46/120: Louisville
    [cache] /games/players {'year': 2007, 'seasonType': 'regular', 'team': 'Louisville'}
  Fetching game stats 47/120: LSU
    [cache] /games/players {'year': 2007, 'seasonType': 'regular', 'team': 'LSU'}
  Fetching game stats 48/120: Marshall
    [cache] /games/players {'year': 2007, 'seasonType': 'regular', 'team': 'Marshall'}
  Fetching game stats 49/120: Maryland
    [cache] /games/players {'year': 2007, 'seasonType': 'regular', 'team': 'Maryland'}
  Fetching game stats 50/120: Memphis
    [cache] /games/players {'year': 2007, 'seasonType': 'regular', 'team': 'Memphis'}
  Fetching game stats 51/120: Miami
    [cache] /games/players {'year': 2007, 'seasonType': 'regular', 'team': 'Miami'}
  Fetching game stats 52/120: Miami (OH)
    [cache] /games/players {'year': 2007, 'seasonType': 'regular', 'team': 'Miami (OH)'}
  Fetching game stats 53/120: Michigan
    [cache] /games/players {'year': 2007, 'seasonType': 'regular', 'team': 'Michigan'}
  Fetching game stats 54/120: Michigan State
    [cache] /games/players {'year': 2007, 'seasonType': 'regular', 'team': 'Michigan State'}
  Fetching game stats 55/120: Middle Tennessee
    [cache] /games/players {'year': 2007, 'seasonType': 'regular', 'team': 'Middle Tennessee'}
  Fetching game stats 56/120: Minnesota
    [cache] /games/players {'year': 2007, 'seasonType': 'regular', 'team': 'Minnesota'}
  Fetching game stats 57/120: Mississippi State
    [cache] /games/players {'year': 2007, 'seasonType': 'regular', 'team': 'Mississippi State'}
  Fetching game stats 58/120: Missouri
    [cache] /games/players {'year': 2007, 'seasonType': 'regular', 'team': 'Missouri'}
  Fetching game stats 59/120: Navy
    [cache] /games/players {'year': 2007, 'seasonType': 'regular', 'team': 'Navy'}
  Fetching game stats 60/120: NC State
    [cache] /games/players {'year': 2007, 'seasonType': 'regular', 'team': 'NC State'}
  Fetching game stats 61/120: Nebraska
    [cache] /games/players {'year': 2007, 'seasonType': 'regular', 'team': 'Nebraska'}
  Fetching game stats 62/120: Nevada
    [cache] /games/players {'year': 2007, 'seasonType': 'regular', 'team': 'Nevada'}
  Fetching game stats 63/120: New Mexico
    [cache] /games/players {'year': 2007, 'seasonType': 'regular', 'team': 'New Mexico'}
  Fetching game stats 64/120: New Mexico State
    [cache] /games/players {'year': 2007, 'seasonType': 'regular', 'team': 'New Mexico State'}
  Fetching game stats 65/120: North Carolina
    [cache] /games/players {'year': 2007, 'seasonType': 'regular', 'team': 'North Carolina'}
  Fetching game stats 66/120: Northern Illinois
    [cache] /games/players {'year': 2007, 'seasonType': 'regular', 'team': 'Northern Illinois'}
  Fetching game stats 67/120: North Texas
    [cache] /games/players {'year': 2007, 'seasonType': 'regular', 'team': 'North Texas'}
  Fetching game stats 68/120: Northwestern
    [cache] /games/players {'year': 2007, 'seasonType': 'regular', 'team': 'Northwestern'}
  Fetching game stats 69/120: Notre Dame
    [cache] /games/players {'year': 2007, 'seasonType': 'regular', 'team': 'Notre Dame'}
  Fetching game stats 70/120: Ohio
    [cache] /games/players {'year': 2007, 'seasonType': 'regular', 'team': 'Ohio'}
  Fetching game stats 71/120: Ohio State
    [cache] /games/players {'year': 2007, 'seasonType': 'regular', 'team': 'Ohio State'}
  Fetching game stats 72/120: Oklahoma
    [cache] /games/players {'year': 2007, 'seasonType': 'regular', 'team': 'Oklahoma'}
  Fetching game stats 73/120: Oklahoma State
    [cache] /games/players {'year': 2007, 'seasonType': 'regular', 'team': 'Oklahoma State'}
  Fetching game stats 74/120: Ole Miss
    [cache] /games/players {'year': 2007, 'seasonType': 'regular', 'team': 'Ole Miss'}
  Fetching game stats 75/120: Oregon
    [cache] /games/players {'year': 2007, 'seasonType': 'regular', 'team': 'Oregon'}
  Fetching game stats 76/120: Oregon State
    [cache] /games/players {'year': 2007, 'seasonType': 'regular', 'team': 'Oregon State'}
  Fetching game stats 77/120: Penn State
    [cache] /games/players {'year': 2007, 'seasonType': 'regular', 'team': 'Penn State'}
  Fetching game stats 78/120: Pittsburgh
    [cache] /games/players {'year': 2007, 'seasonType': 'regular', 'team': 'Pittsburgh'}
  Fetching game stats 79/120: Purdue
    [cache] /games/players {'year': 2007, 'seasonType': 'regular', 'team': 'Purdue'}
  Fetching game stats 80/120: Rice
    [cache] /games/players {'year': 2007, 'seasonType': 'regular', 'team': 'Rice'}
  Fetching game stats 81/120: Rutgers
    [cache] /games/players {'year': 2007, 'seasonType': 'regular', 'team': 'Rutgers'}
  Fetching game stats 82/120: San Diego State
    [cache] /games/players {'year': 2007, 'seasonType': 'regular', 'team': 'San Diego State'}
  Fetching game stats 83/120: San José State
    [cache] /games/players {'year': 2007, 'seasonType': 'regular', 'team': 'San José State'}
  Fetching game stats 84/120: SMU
    [cache] /games/players {'year': 2007, 'seasonType': 'regular', 'team': 'SMU'}
  Fetching game stats 85/120: South Carolina
    [cache] /games/players {'year': 2007, 'seasonType': 'regular', 'team': 'South Carolina'}
  Fetching game stats 86/120: Southern Miss
    [cache] /games/players {'year': 2007, 'seasonType': 'regular', 'team': 'Southern Miss'}
  Fetching game stats 87/120: South Florida
    [cache] /games/players {'year': 2007, 'seasonType': 'regular', 'team': 'South Florida'}
  Fetching game stats 88/120: Stanford
    [cache] /games/players {'year': 2007, 'seasonType': 'regular', 'team': 'Stanford'}
  Fetching game stats 89/120: Syracuse
    [cache] /games/players {'year': 2007, 'seasonType': 'regular', 'team': 'Syracuse'}
  Fetching game stats 90/120: TCU
    [cache] /games/players {'year': 2007, 'seasonType': 'regular', 'team': 'TCU'}
  Fetching game stats 91/120: Temple
    [cache] /games/players {'year': 2007, 'seasonType': 'regular', 'team': 'Temple'}
  Fetching game stats 92/120: Tennessee
    [cache] /games/players {'year': 2007, 'seasonType': 'regular', 'team': 'Tennessee'}
  Fetching game stats 93/120: Texas
    [cache] /games/players {'year': 2007, 'seasonType': 'regular', 'team': 'Texas'}
  Fetching game stats 94/120: Texas A&M
    [cache] /games/players {'year': 2007, 'seasonType': 'regular', 'team': 'Texas A&M'}
  Fetching game stats 95/120: Texas Tech
    [cache] /games/players {'year': 2007, 'seasonType': 'regular', 'team': 'Texas Tech'}
  Fetching game stats 96/120: Toledo
    [cache] /games/players {'year': 2007, 'seasonType': 'regular', 'team': 'Toledo'}
  Fetching game stats 97/120: Troy
    [cache] /games/players {'year': 2007, 'seasonType': 'regular', 'team': 'Troy'}
  Fetching game stats 98/120: Tulane
    [cache] /games/players {'year': 2007, 'seasonType': 'regular', 'team': 'Tulane'}
  Fetching game stats 99/120: Tulsa
    [cache] /games/players {'year': 2007, 'seasonType': 'regular', 'team': 'Tulsa'}
  Fetching game stats 100/120: UAB
    [cache] /games/players {'year': 2007, 'seasonType': 'regular', 'team': 'UAB'}
  Fetching game stats 101/120: UCF
    [cache] /games/players {'year': 2007, 'seasonType': 'regular', 'team': 'UCF'}
  Fetching game stats 102/120: UCLA
    [cache] /games/players {'year': 2007, 'seasonType': 'regular', 'team': 'UCLA'}
  Fetching game stats 103/120: UConn
    [cache] /games/players {'year': 2007, 'seasonType': 'regular', 'team': 'UConn'}
  Fetching game stats 104/120: UL Monroe
    [cache] /games/players {'year': 2007, 'seasonType': 'regular', 'team': 'UL Monroe'}
  Fetching game stats 105/120: UNLV
    [cache] /games/players {'year': 2007, 'seasonType': 'regular', 'team': 'UNLV'}
  Fetching game stats 106/120: USC
    [cache] /games/players {'year': 2007, 'seasonType': 'regular', 'team': 'USC'}
  Fetching game stats 107/120: Utah
    [cache] /games/players {'year': 2007, 'seasonType': 'regular', 'team': 'Utah'}
  Fetching game stats 108/120: Utah State
    [cache] /games/players {'year': 2007, 'seasonType': 'regular', 'team': 'Utah State'}
  Fetching game stats 109/120: UTEP
    [cache] /games/players {'year': 2007, 'seasonType': 'regular', 'team': 'UTEP'}
  Fetching game stats 110/120: Vanderbilt
    [cache] /games/players {'year': 2007, 'seasonType': 'regular', 'team': 'Vanderbilt'}
  Fetching game stats 111/120: Virginia
    [cache] /games/players {'year': 2007, 'seasonType': 'regular', 'team': 'Virginia'}
  Fetching game stats 112/120: Virginia Tech
    [cache] /games/players {'year': 2007, 'seasonType': 'regular', 'team': 'Virginia Tech'}
  Fetching game stats 113/120: Wake Forest
    [cache] /games/players {'year': 2007, 'seasonType': 'regular', 'team': 'Wake Forest'}
  Fetching game stats 114/120: Washington
    [cache] /games/players {'year': 2007, 'seasonType': 'regular', 'team': 'Washington'}
  Fetching game stats 115/120: Washington State
    [cache] /games/players {'year': 2007, 'seasonType': 'regular', 'team': 'Washington State'}
  Fetching game stats 116/120: Western Kentucky
    [cache] /games/players {'year': 2007, 'seasonType': 'regular', 'team': 'Western Kentucky'}
  Fetching game stats 117/120: Western Michigan
    [cache] /games/players {'year': 2007, 'seasonType': 'regular', 'team': 'Western Michigan'}
  Fetching game stats 118/120: West Virginia
    [cache] /games/players {'year': 2007, 'seasonType': 'regular', 'team': 'West Virginia'}
  Fetching game stats 119/120: Wisconsin
    [cache] /games/players {'year': 2007, 'seasonType': 'regular', 'team': 'Wisconsin'}
  Fetching game stats 120/120: Wyoming
    [cache] /games/players {'year': 2007, 'seasonType': 'regular', 'team': 'Wyoming'}
  761 unique games with player stats fetched

[6c] Fetching drives and plays by week (weeks 1-16)...
    drives week 1/16
    [cache] /drives {'year': 2007, 'week': 1, 'seasonType': 'regular'}
    drives week 2/16
    [cache] /drives {'year': 2007, 'week': 2, 'seasonType': 'regular'}
    drives week 3/16
    [cache] /drives {'year': 2007, 'week': 3, 'seasonType': 'regular'}
    drives week 4/16
    [cache] /drives {'year': 2007, 'week': 4, 'seasonType': 'regular'}
    drives week 5/16
    [cache] /drives {'year': 2007, 'week': 5, 'seasonType': 'regular'}
    drives week 6/16
    [cache] /drives {'year': 2007, 'week': 6, 'seasonType': 'regular'}
    drives week 7/16
    [cache] /drives {'year': 2007, 'week': 7, 'seasonType': 'regular'}
    drives week 8/16
    [cache] /drives {'year': 2007, 'week': 8, 'seasonType': 'regular'}
    drives week 9/16
    [cache] /drives {'year': 2007, 'week': 9, 'seasonType': 'regular'}
    drives week 10/16
    [cache] /drives {'year': 2007, 'week': 10, 'seasonType': 'regular'}
    drives week 11/16
    [cache] /drives {'year': 2007, 'week': 11, 'seasonType': 'regular'}
    drives week 12/16
    [cache] /drives {'year': 2007, 'week': 12, 'seasonType': 'regular'}
    drives week 13/16
    [cache] /drives {'year': 2007, 'week': 13, 'seasonType': 'regular'}
    drives week 14/16
    [cache] /drives {'year': 2007, 'week': 14, 'seasonType': 'regular'}
    drives week 15/16
    [cache] /drives {'year': 2007, 'week': 15, 'seasonType': 'regular'}
    drives week 16/16
    [cache] /drives {'year': 2007, 'week': 16, 'seasonType': 'regular'}
  18026 total drives fetched
    plays week 1/16
    [cache] /plays {'year': 2007, 'week': 1, 'seasonType': 'regular'}
    plays week 2/16
    [cache] /plays {'year': 2007, 'week': 2, 'seasonType': 'regular'}
    plays week 3/16
    [cache] /plays {'year': 2007, 'week': 3, 'seasonType': 'regular'}
    plays week 4/16
    [cache] /plays {'year': 2007, 'week': 4, 'seasonType': 'regular'}
    plays week 5/16
    [cache] /plays {'year': 2007, 'week': 5, 'seasonType': 'regular'}
    plays week 6/16
    [cache] /plays {'year': 2007, 'week': 6, 'seasonType': 'regular'}
    plays week 7/16
    [cache] /plays {'year': 2007, 'week': 7, 'seasonType': 'regular'}
    plays week 8/16
    [cache] /plays {'year': 2007, 'week': 8, 'seasonType': 'regular'}
    plays week 9/16
    [cache] /plays {'year': 2007, 'week': 9, 'seasonType': 'regular'}
    plays week 10/16
    [cache] /plays {'year': 2007, 'week': 10, 'seasonType': 'regular'}
    plays week 11/16
    [cache] /plays {'year': 2007, 'week': 11, 'seasonType': 'regular'}
    plays week 12/16
    [cache] /plays {'year': 2007, 'week': 12, 'seasonType': 'regular'}
    plays week 13/16
    [cache] /plays {'year': 2007, 'week': 13, 'seasonType': 'regular'}
    plays week 14/16
    [cache] /plays {'year': 2007, 'week': 14, 'seasonType': 'regular'}
    plays week 15/16
    [cache] /plays {'year': 2007, 'week': 15, 'seasonType': 'regular'}
    plays week 16/16
    [cache] /plays {'year': 2007, 'week': 16, 'seasonType': 'regular'}
  125432 total plays fetched
  1548 rushers with parsed carry data (117 QBs excluded)

[7/7] Processing ratings...
  Building opponent-weighted stats from gamelog...
  3380 players with opponent-weighted stats
Building player gamelogs (early pass for gamelog-derived skills)...
  Gamelog-derived skills computed for 3380 players
Normalizing ratings...
Applying backup/no-data tier ratings...
  1921 backup/no-data players rated via star-anchor pathway
  OL boosts applied to 1 player(s) (draft/awards/continuity)
Computing team ratings...
Generating public names...

  Year 2007 rating distribution:
    40-49:  1585 (43%) #####################
    50-59:   556 (15%) #######
    60-69:   822 (22%) ###########
    70-79:   541 (14%) #######
    80-89:   161 ( 4%) ##
    90-99:    19 ( 0%) 
    Min=40 Max=94 Median=54
  120 teams, 3684 players.
Building schedule, drives, and plays...
  1437 games, 3380 players with gamelogs
  18026 drives, 125432 plays

Writing to C:\Projects\CFB-Video-Game\app\assets\data/
  2007/teams_private.json: 120 entries
  2007/teams_public.json: 120 entries
  2007/players_private.json: 3684 entries
  2007/players_public.json: 3684 entries
  2007/ratings.json: 3684 entries
  2007/team_schedule.json: 1437 entries
  2007/player_gamelog.json: 3380 keys, 18203 entries
  2007/team_drives.json: 171 keys, 18026 entries
  2007/team_plays_wk*.json.gz: 14 weeks, 125432 plays
  Loaded 3683 player IDs from 2007 for continuity check

============================================================
  PROCESSING YEAR 2008
============================================================

[1/7] Fetching FBS teams...
    [cache] /teams/fbs {'year': 2008}
  Found 120 teams

[2/7] Fetching rosters...
  Fetching roster 1/120: Air Force
    [cache] /roster {'team': 'Air Force', 'year': 2008}
  Fetching roster 2/120: Akron
    [cache] /roster {'team': 'Akron', 'year': 2008}
  Fetching roster 3/120: Alabama
    [cache] /roster {'team': 'Alabama', 'year': 2008}
  Fetching roster 4/120: Arizona
    [cache] /roster {'team': 'Arizona', 'year': 2008}
  Fetching roster 5/120: Arizona State
    [cache] /roster {'team': 'Arizona State', 'year': 2008}
  Fetching roster 6/120: Arkansas
    [cache] /roster {'team': 'Arkansas', 'year': 2008}
  Fetching roster 7/120: Arkansas State
    [cache] /roster {'team': 'Arkansas State', 'year': 2008}
  Fetching roster 8/120: Army
    [cache] /roster {'team': 'Army', 'year': 2008}
  Fetching roster 9/120: Auburn
    [cache] /roster {'team': 'Auburn', 'year': 2008}
  Fetching roster 10/120: Ball State
    [cache] /roster {'team': 'Ball State', 'year': 2008}
  Fetching roster 11/120: Baylor
    [cache] /roster {'team': 'Baylor', 'year': 2008}
  Fetching roster 12/120: Boise State
    [cache] /roster {'team': 'Boise State', 'year': 2008}
  Fetching roster 13/120: Boston College
    [cache] /roster {'team': 'Boston College', 'year': 2008}
  Fetching roster 14/120: Bowling Green
    [cache] /roster {'team': 'Bowling Green', 'year': 2008}
  Fetching roster 15/120: Buffalo
    [cache] /roster {'team': 'Buffalo', 'year': 2008}
  Fetching roster 16/120: BYU
    [cache] /roster {'team': 'BYU', 'year': 2008}
  Fetching roster 17/120: California
    [cache] /roster {'team': 'California', 'year': 2008}
  Fetching roster 18/120: Central Michigan
    [cache] /roster {'team': 'Central Michigan', 'year': 2008}
  Fetching roster 19/120: Cincinnati
    [cache] /roster {'team': 'Cincinnati', 'year': 2008}
  Fetching roster 20/120: Clemson
    [cache] /roster {'team': 'Clemson', 'year': 2008}
  Fetching roster 21/120: Colorado
    [cache] /roster {'team': 'Colorado', 'year': 2008}
  Fetching roster 22/120: Colorado State
    [cache] /roster {'team': 'Colorado State', 'year': 2008}
  Fetching roster 23/120: Duke
    [cache] /roster {'team': 'Duke', 'year': 2008}
  Fetching roster 24/120: East Carolina
    [cache] /roster {'team': 'East Carolina', 'year': 2008}
  Fetching roster 25/120: Eastern Michigan
    [cache] /roster {'team': 'Eastern Michigan', 'year': 2008}
  Fetching roster 26/120: Florida
    [cache] /roster {'team': 'Florida', 'year': 2008}
  Fetching roster 27/120: Florida Atlantic
    [cache] /roster {'team': 'Florida Atlantic', 'year': 2008}
  Fetching roster 28/120: Florida International
    [cache] /roster {'team': 'Florida International', 'year': 2008}
  Fetching roster 29/120: Florida State
    [cache] /roster {'team': 'Florida State', 'year': 2008}
  Fetching roster 30/120: Fresno State
    [cache] /roster {'team': 'Fresno State', 'year': 2008}
  Fetching roster 31/120: Georgia
    [cache] /roster {'team': 'Georgia', 'year': 2008}
  Fetching roster 32/120: Georgia Tech
    [cache] /roster {'team': 'Georgia Tech', 'year': 2008}
  Fetching roster 33/120: Hawai'i
    [cache] /roster {'team': "Hawai'i", 'year': 2008}
  Fetching roster 34/120: Houston
    [cache] /roster {'team': 'Houston', 'year': 2008}
  Fetching roster 35/120: Idaho
    [cache] /roster {'team': 'Idaho', 'year': 2008}
  Fetching roster 36/120: Illinois
    [cache] /roster {'team': 'Illinois', 'year': 2008}
  Fetching roster 37/120: Indiana
    [cache] /roster {'team': 'Indiana', 'year': 2008}
  Fetching roster 38/120: Iowa
    [cache] /roster {'team': 'Iowa', 'year': 2008}
  Fetching roster 39/120: Iowa State
    [cache] /roster {'team': 'Iowa State', 'year': 2008}
  Fetching roster 40/120: Kansas
    [cache] /roster {'team': 'Kansas', 'year': 2008}
  Fetching roster 41/120: Kansas State
    [cache] /roster {'team': 'Kansas State', 'year': 2008}
  Fetching roster 42/120: Kent State
    [cache] /roster {'team': 'Kent State', 'year': 2008}
  Fetching roster 43/120: Kentucky
    [cache] /roster {'team': 'Kentucky', 'year': 2008}
  Fetching roster 44/120: Louisiana
    [cache] /roster {'team': 'Louisiana', 'year': 2008}
  Fetching roster 45/120: Louisiana Tech
    [cache] /roster {'team': 'Louisiana Tech', 'year': 2008}
  Fetching roster 46/120: Louisville
    [cache] /roster {'team': 'Louisville', 'year': 2008}
  Fetching roster 47/120: LSU
    [cache] /roster {'team': 'LSU', 'year': 2008}
  Fetching roster 48/120: Marshall
    [cache] /roster {'team': 'Marshall', 'year': 2008}
  Fetching roster 49/120: Maryland
    [cache] /roster {'team': 'Maryland', 'year': 2008}
  Fetching roster 50/120: Memphis
    [cache] /roster {'team': 'Memphis', 'year': 2008}
  Fetching roster 51/120: Miami
    [cache] /roster {'team': 'Miami', 'year': 2008}
  Fetching roster 52/120: Miami (OH)
    [cache] /roster {'team': 'Miami (OH)', 'year': 2008}
  Fetching roster 53/120: Michigan
    [cache] /roster {'team': 'Michigan', 'year': 2008}
  Fetching roster 54/120: Michigan State
    [cache] /roster {'team': 'Michigan State', 'year': 2008}
  Fetching roster 55/120: Middle Tennessee
    [cache] /roster {'team': 'Middle Tennessee', 'year': 2008}
  Fetching roster 56/120: Minnesota
    [cache] /roster {'team': 'Minnesota', 'year': 2008}
  Fetching roster 57/120: Mississippi State
    [cache] /roster {'team': 'Mississippi State', 'year': 2008}
  Fetching roster 58/120: Missouri
    [cache] /roster {'team': 'Missouri', 'year': 2008}
  Fetching roster 59/120: Navy
    [cache] /roster {'team': 'Navy', 'year': 2008}
  Fetching roster 60/120: NC State
    [cache] /roster {'team': 'NC State', 'year': 2008}
  Fetching roster 61/120: Nebraska
    [cache] /roster {'team': 'Nebraska', 'year': 2008}
  Fetching roster 62/120: Nevada
    [cache] /roster {'team': 'Nevada', 'year': 2008}
  Fetching roster 63/120: New Mexico
    [cache] /roster {'team': 'New Mexico', 'year': 2008}
  Fetching roster 64/120: New Mexico State
    [cache] /roster {'team': 'New Mexico State', 'year': 2008}
  Fetching roster 65/120: North Carolina
    [cache] /roster {'team': 'North Carolina', 'year': 2008}
  Fetching roster 66/120: Northern Illinois
    [cache] /roster {'team': 'Northern Illinois', 'year': 2008}
  Fetching roster 67/120: North Texas
    [cache] /roster {'team': 'North Texas', 'year': 2008}
  Fetching roster 68/120: Northwestern
    [cache] /roster {'team': 'Northwestern', 'year': 2008}
  Fetching roster 69/120: Notre Dame
    [cache] /roster {'team': 'Notre Dame', 'year': 2008}
  Fetching roster 70/120: Ohio
    [cache] /roster {'team': 'Ohio', 'year': 2008}
  Fetching roster 71/120: Ohio State
    [cache] /roster {'team': 'Ohio State', 'year': 2008}
  Fetching roster 72/120: Oklahoma
    [cache] /roster {'team': 'Oklahoma', 'year': 2008}
  Fetching roster 73/120: Oklahoma State
    [cache] /roster {'team': 'Oklahoma State', 'year': 2008}
  Fetching roster 74/120: Ole Miss
    [cache] /roster {'team': 'Ole Miss', 'year': 2008}
  Fetching roster 75/120: Oregon
    [cache] /roster {'team': 'Oregon', 'year': 2008}
  Fetching roster 76/120: Oregon State
    [cache] /roster {'team': 'Oregon State', 'year': 2008}
  Fetching roster 77/120: Penn State
    [cache] /roster {'team': 'Penn State', 'year': 2008}
  Fetching roster 78/120: Pittsburgh
    [cache] /roster {'team': 'Pittsburgh', 'year': 2008}
  Fetching roster 79/120: Purdue
    [cache] /roster {'team': 'Purdue', 'year': 2008}
  Fetching roster 80/120: Rice
    [cache] /roster {'team': 'Rice', 'year': 2008}
  Fetching roster 81/120: Rutgers
    [cache] /roster {'team': 'Rutgers', 'year': 2008}
  Fetching roster 82/120: San Diego State
    [cache] /roster {'team': 'San Diego State', 'year': 2008}
  Fetching roster 83/120: San José State
    [cache] /roster {'team': 'San José State', 'year': 2008}
  Fetching roster 84/120: SMU
    [cache] /roster {'team': 'SMU', 'year': 2008}
  Fetching roster 85/120: South Carolina
    [cache] /roster {'team': 'South Carolina', 'year': 2008}
  Fetching roster 86/120: Southern Miss
    [cache] /roster {'team': 'Southern Miss', 'year': 2008}
  Fetching roster 87/120: South Florida
    [cache] /roster {'team': 'South Florida', 'year': 2008}
  Fetching roster 88/120: Stanford
    [cache] /roster {'team': 'Stanford', 'year': 2008}
  Fetching roster 89/120: Syracuse
    [cache] /roster {'team': 'Syracuse', 'year': 2008}
  Fetching roster 90/120: TCU
    [cache] /roster {'team': 'TCU', 'year': 2008}
  Fetching roster 91/120: Temple
    [cache] /roster {'team': 'Temple', 'year': 2008}
  Fetching roster 92/120: Tennessee
    [cache] /roster {'team': 'Tennessee', 'year': 2008}
  Fetching roster 93/120: Texas
    [cache] /roster {'team': 'Texas', 'year': 2008}
  Fetching roster 94/120: Texas A&M
    [cache] /roster {'team': 'Texas A&M', 'year': 2008}
  Fetching roster 95/120: Texas Tech
    [cache] /roster {'team': 'Texas Tech', 'year': 2008}
  Fetching roster 96/120: Toledo
    [cache] /roster {'team': 'Toledo', 'year': 2008}
  Fetching roster 97/120: Troy
    [cache] /roster {'team': 'Troy', 'year': 2008}
  Fetching roster 98/120: Tulane
    [cache] /roster {'team': 'Tulane', 'year': 2008}
  Fetching roster 99/120: Tulsa
    [cache] /roster {'team': 'Tulsa', 'year': 2008}
  Fetching roster 100/120: UAB
    [cache] /roster {'team': 'UAB', 'year': 2008}
  Fetching roster 101/120: UCF
    [cache] /roster {'team': 'UCF', 'year': 2008}
  Fetching roster 102/120: UCLA
    [cache] /roster {'team': 'UCLA', 'year': 2008}
  Fetching roster 103/120: UConn
    [cache] /roster {'team': 'UConn', 'year': 2008}
  Fetching roster 104/120: UL Monroe
    [cache] /roster {'team': 'UL Monroe', 'year': 2008}
  Fetching roster 105/120: UNLV
    [cache] /roster {'team': 'UNLV', 'year': 2008}
  Fetching roster 106/120: USC
    [cache] /roster {'team': 'USC', 'year': 2008}
  Fetching roster 107/120: Utah
    [cache] /roster {'team': 'Utah', 'year': 2008}
  Fetching roster 108/120: Utah State
    [cache] /roster {'team': 'Utah State', 'year': 2008}
  Fetching roster 109/120: UTEP
    [cache] /roster {'team': 'UTEP', 'year': 2008}
  Fetching roster 110/120: Vanderbilt
    [cache] /roster {'team': 'Vanderbilt', 'year': 2008}
  Fetching roster 111/120: Virginia
    [cache] /roster {'team': 'Virginia', 'year': 2008}
  Fetching roster 112/120: Virginia Tech
    [cache] /roster {'team': 'Virginia Tech', 'year': 2008}
  Fetching roster 113/120: Wake Forest
    [cache] /roster {'team': 'Wake Forest', 'year': 2008}
  Fetching roster 114/120: Washington
    [cache] /roster {'team': 'Washington', 'year': 2008}
  Fetching roster 115/120: Washington State
    [cache] /roster {'team': 'Washington State', 'year': 2008}
  Fetching roster 116/120: Western Kentucky
    [cache] /roster {'team': 'Western Kentucky', 'year': 2008}
  Fetching roster 117/120: Western Michigan
    [cache] /roster {'team': 'Western Michigan', 'year': 2008}
  Fetching roster 118/120: West Virginia
    [cache] /roster {'team': 'West Virginia', 'year': 2008}
  Fetching roster 119/120: Wisconsin
    [cache] /roster {'team': 'Wisconsin', 'year': 2008}
  Fetching roster 120/120: Wyoming
    [cache] /roster {'team': 'Wyoming', 'year': 2008}

[3/7] Fetching player stats...
    [cache] /stats/player/season {'year': 2008, 'seasonType': 'regular'}
  2287 player stat entries

[3b] Fetching player usage...
    [cache] /player/usage {'year': 2008, 'seasonType': 'regular'}
  0 usage entries

[3c] Fetching player awards...
    GET /awards {'year': 2008}
    WARNING: /awards {'year': 2008} failed: Expecting value: line 2 column 1 (char 1)
  0 award entries
  0 OL draft picks mapped for 2009 NFL Draft

[4/7] Fetching PPA data...
    [cache] /ppa/players/season {'year': 2008}
  0 PPA entries

[5/7] Fetching team stats + SP+ + talent...
    [cache] /stats/season {'year': 2008}
    [cache] /ratings/sp {'year': 2008}
    [cache] /talent {'year': 2008}

[6/7] Fetching recruiting data...
    Class 2004...
    [cache] /recruiting/players {'year': 2004}
    Class 2005...
    [cache] /recruiting/players {'year': 2005}
    Class 2006...
    [cache] /recruiting/players {'year': 2006}
    Class 2007...
    [cache] /recruiting/players {'year': 2007}
    Class 2008...
    [cache] /recruiting/players {'year': 2008}

[6b] Fetching game results and player game stats (Phase 2)...
    [cache] /games {'year': 2008, 'seasonType': 'regular'}
  1445 games fetched
  Fetching game stats 1/120: Air Force
    [cache] /games/players {'year': 2008, 'seasonType': 'regular', 'team': 'Air Force'}
  Fetching game stats 2/120: Akron
    [cache] /games/players {'year': 2008, 'seasonType': 'regular', 'team': 'Akron'}
  Fetching game stats 3/120: Alabama
    [cache] /games/players {'year': 2008, 'seasonType': 'regular', 'team': 'Alabama'}
  Fetching game stats 4/120: Arizona
    [cache] /games/players {'year': 2008, 'seasonType': 'regular', 'team': 'Arizona'}
  Fetching game stats 5/120: Arizona State
    [cache] /games/players {'year': 2008, 'seasonType': 'regular', 'team': 'Arizona State'}
  Fetching game stats 6/120: Arkansas
    [cache] /games/players {'year': 2008, 'seasonType': 'regular', 'team': 'Arkansas'}
  Fetching game stats 7/120: Arkansas State
    [cache] /games/players {'year': 2008, 'seasonType': 'regular', 'team': 'Arkansas State'}
  Fetching game stats 8/120: Army
    [cache] /games/players {'year': 2008, 'seasonType': 'regular', 'team': 'Army'}
  Fetching game stats 9/120: Auburn
    [cache] /games/players {'year': 2008, 'seasonType': 'regular', 'team': 'Auburn'}
  Fetching game stats 10/120: Ball State
    [cache] /games/players {'year': 2008, 'seasonType': 'regular', 'team': 'Ball State'}
  Fetching game stats 11/120: Baylor
    [cache] /games/players {'year': 2008, 'seasonType': 'regular', 'team': 'Baylor'}
  Fetching game stats 12/120: Boise State
    [cache] /games/players {'year': 2008, 'seasonType': 'regular', 'team': 'Boise State'}
  Fetching game stats 13/120: Boston College
    [cache] /games/players {'year': 2008, 'seasonType': 'regular', 'team': 'Boston College'}
  Fetching game stats 14/120: Bowling Green
    [cache] /games/players {'year': 2008, 'seasonType': 'regular', 'team': 'Bowling Green'}
  Fetching game stats 15/120: Buffalo
    [cache] /games/players {'year': 2008, 'seasonType': 'regular', 'team': 'Buffalo'}
  Fetching game stats 16/120: BYU
    [cache] /games/players {'year': 2008, 'seasonType': 'regular', 'team': 'BYU'}
  Fetching game stats 17/120: California
    [cache] /games/players {'year': 2008, 'seasonType': 'regular', 'team': 'California'}
  Fetching game stats 18/120: Central Michigan
    [cache] /games/players {'year': 2008, 'seasonType': 'regular', 'team': 'Central Michigan'}
  Fetching game stats 19/120: Cincinnati
    [cache] /games/players {'year': 2008, 'seasonType': 'regular', 'team': 'Cincinnati'}
  Fetching game stats 20/120: Clemson
    [cache] /games/players {'year': 2008, 'seasonType': 'regular', 'team': 'Clemson'}
  Fetching game stats 21/120: Colorado
    [cache] /games/players {'year': 2008, 'seasonType': 'regular', 'team': 'Colorado'}
  Fetching game stats 22/120: Colorado State
    [cache] /games/players {'year': 2008, 'seasonType': 'regular', 'team': 'Colorado State'}
  Fetching game stats 23/120: Duke
    [cache] /games/players {'year': 2008, 'seasonType': 'regular', 'team': 'Duke'}
  Fetching game stats 24/120: East Carolina
    [cache] /games/players {'year': 2008, 'seasonType': 'regular', 'team': 'East Carolina'}
  Fetching game stats 25/120: Eastern Michigan
    [cache] /games/players {'year': 2008, 'seasonType': 'regular', 'team': 'Eastern Michigan'}
  Fetching game stats 26/120: Florida
    [cache] /games/players {'year': 2008, 'seasonType': 'regular', 'team': 'Florida'}
  Fetching game stats 27/120: Florida Atlantic
    [cache] /games/players {'year': 2008, 'seasonType': 'regular', 'team': 'Florida Atlantic'}
  Fetching game stats 28/120: Florida International
    [cache] /games/players {'year': 2008, 'seasonType': 'regular', 'team': 'Florida International'}
  Fetching game stats 29/120: Florida State
    [cache] /games/players {'year': 2008, 'seasonType': 'regular', 'team': 'Florida State'}
  Fetching game stats 30/120: Fresno State
    [cache] /games/players {'year': 2008, 'seasonType': 'regular', 'team': 'Fresno State'}
  Fetching game stats 31/120: Georgia
    [cache] /games/players {'year': 2008, 'seasonType': 'regular', 'team': 'Georgia'}
  Fetching game stats 32/120: Georgia Tech
    [cache] /games/players {'year': 2008, 'seasonType': 'regular', 'team': 'Georgia Tech'}
  Fetching game stats 33/120: Hawai'i
    [cache] /games/players {'year': 2008, 'seasonType': 'regular', 'team': "Hawai'i"}
  Fetching game stats 34/120: Houston
    [cache] /games/players {'year': 2008, 'seasonType': 'regular', 'team': 'Houston'}
  Fetching game stats 35/120: Idaho
    [cache] /games/players {'year': 2008, 'seasonType': 'regular', 'team': 'Idaho'}
  Fetching game stats 36/120: Illinois
    [cache] /games/players {'year': 2008, 'seasonType': 'regular', 'team': 'Illinois'}
  Fetching game stats 37/120: Indiana
    [cache] /games/players {'year': 2008, 'seasonType': 'regular', 'team': 'Indiana'}
  Fetching game stats 38/120: Iowa
    [cache] /games/players {'year': 2008, 'seasonType': 'regular', 'team': 'Iowa'}
  Fetching game stats 39/120: Iowa State
    [cache] /games/players {'year': 2008, 'seasonType': 'regular', 'team': 'Iowa State'}
  Fetching game stats 40/120: Kansas
    [cache] /games/players {'year': 2008, 'seasonType': 'regular', 'team': 'Kansas'}
  Fetching game stats 41/120: Kansas State
    [cache] /games/players {'year': 2008, 'seasonType': 'regular', 'team': 'Kansas State'}
  Fetching game stats 42/120: Kent State
    [cache] /games/players {'year': 2008, 'seasonType': 'regular', 'team': 'Kent State'}
  Fetching game stats 43/120: Kentucky
    [cache] /games/players {'year': 2008, 'seasonType': 'regular', 'team': 'Kentucky'}
  Fetching game stats 44/120: Louisiana
    [cache] /games/players {'year': 2008, 'seasonType': 'regular', 'team': 'Louisiana'}
  Fetching game stats 45/120: Louisiana Tech
    [cache] /games/players {'year': 2008, 'seasonType': 'regular', 'team': 'Louisiana Tech'}
  Fetching game stats 46/120: Louisville
    [cache] /games/players {'year': 2008, 'seasonType': 'regular', 'team': 'Louisville'}
  Fetching game stats 47/120: LSU
    [cache] /games/players {'year': 2008, 'seasonType': 'regular', 'team': 'LSU'}
  Fetching game stats 48/120: Marshall
    [cache] /games/players {'year': 2008, 'seasonType': 'regular', 'team': 'Marshall'}
  Fetching game stats 49/120: Maryland
    [cache] /games/players {'year': 2008, 'seasonType': 'regular', 'team': 'Maryland'}
  Fetching game stats 50/120: Memphis
    [cache] /games/players {'year': 2008, 'seasonType': 'regular', 'team': 'Memphis'}
  Fetching game stats 51/120: Miami
    [cache] /games/players {'year': 2008, 'seasonType': 'regular', 'team': 'Miami'}
  Fetching game stats 52/120: Miami (OH)
    [cache] /games/players {'year': 2008, 'seasonType': 'regular', 'team': 'Miami (OH)'}
  Fetching game stats 53/120: Michigan
    [cache] /games/players {'year': 2008, 'seasonType': 'regular', 'team': 'Michigan'}
  Fetching game stats 54/120: Michigan State
    [cache] /games/players {'year': 2008, 'seasonType': 'regular', 'team': 'Michigan State'}
  Fetching game stats 55/120: Middle Tennessee
    [cache] /games/players {'year': 2008, 'seasonType': 'regular', 'team': 'Middle Tennessee'}
  Fetching game stats 56/120: Minnesota
    [cache] /games/players {'year': 2008, 'seasonType': 'regular', 'team': 'Minnesota'}
  Fetching game stats 57/120: Mississippi State
    [cache] /games/players {'year': 2008, 'seasonType': 'regular', 'team': 'Mississippi State'}
  Fetching game stats 58/120: Missouri
    [cache] /games/players {'year': 2008, 'seasonType': 'regular', 'team': 'Missouri'}
  Fetching game stats 59/120: Navy
    [cache] /games/players {'year': 2008, 'seasonType': 'regular', 'team': 'Navy'}
  Fetching game stats 60/120: NC State
    [cache] /games/players {'year': 2008, 'seasonType': 'regular', 'team': 'NC State'}
  Fetching game stats 61/120: Nebraska
    [cache] /games/players {'year': 2008, 'seasonType': 'regular', 'team': 'Nebraska'}
  Fetching game stats 62/120: Nevada
    [cache] /games/players {'year': 2008, 'seasonType': 'regular', 'team': 'Nevada'}
  Fetching game stats 63/120: New Mexico
    [cache] /games/players {'year': 2008, 'seasonType': 'regular', 'team': 'New Mexico'}
  Fetching game stats 64/120: New Mexico State
    [cache] /games/players {'year': 2008, 'seasonType': 'regular', 'team': 'New Mexico State'}
  Fetching game stats 65/120: North Carolina
    [cache] /games/players {'year': 2008, 'seasonType': 'regular', 'team': 'North Carolina'}
  Fetching game stats 66/120: Northern Illinois
    [cache] /games/players {'year': 2008, 'seasonType': 'regular', 'team': 'Northern Illinois'}
  Fetching game stats 67/120: North Texas
    [cache] /games/players {'year': 2008, 'seasonType': 'regular', 'team': 'North Texas'}
  Fetching game stats 68/120: Northwestern
    [cache] /games/players {'year': 2008, 'seasonType': 'regular', 'team': 'Northwestern'}
  Fetching game stats 69/120: Notre Dame
    [cache] /games/players {'year': 2008, 'seasonType': 'regular', 'team': 'Notre Dame'}
  Fetching game stats 70/120: Ohio
    [cache] /games/players {'year': 2008, 'seasonType': 'regular', 'team': 'Ohio'}
  Fetching game stats 71/120: Ohio State
    [cache] /games/players {'year': 2008, 'seasonType': 'regular', 'team': 'Ohio State'}
  Fetching game stats 72/120: Oklahoma
    [cache] /games/players {'year': 2008, 'seasonType': 'regular', 'team': 'Oklahoma'}
  Fetching game stats 73/120: Oklahoma State
    [cache] /games/players {'year': 2008, 'seasonType': 'regular', 'team': 'Oklahoma State'}
  Fetching game stats 74/120: Ole Miss
    [cache] /games/players {'year': 2008, 'seasonType': 'regular', 'team': 'Ole Miss'}
  Fetching game stats 75/120: Oregon
    [cache] /games/players {'year': 2008, 'seasonType': 'regular', 'team': 'Oregon'}
  Fetching game stats 76/120: Oregon State
    [cache] /games/players {'year': 2008, 'seasonType': 'regular', 'team': 'Oregon State'}
  Fetching game stats 77/120: Penn State
    [cache] /games/players {'year': 2008, 'seasonType': 'regular', 'team': 'Penn State'}
  Fetching game stats 78/120: Pittsburgh
    [cache] /games/players {'year': 2008, 'seasonType': 'regular', 'team': 'Pittsburgh'}
  Fetching game stats 79/120: Purdue
    [cache] /games/players {'year': 2008, 'seasonType': 'regular', 'team': 'Purdue'}
  Fetching game stats 80/120: Rice
    [cache] /games/players {'year': 2008, 'seasonType': 'regular', 'team': 'Rice'}
  Fetching game stats 81/120: Rutgers
    [cache] /games/players {'year': 2008, 'seasonType': 'regular', 'team': 'Rutgers'}
  Fetching game stats 82/120: San Diego State
    [cache] /games/players {'year': 2008, 'seasonType': 'regular', 'team': 'San Diego State'}
  Fetching game stats 83/120: San José State
    [cache] /games/players {'year': 2008, 'seasonType': 'regular', 'team': 'San José State'}
  Fetching game stats 84/120: SMU
    [cache] /games/players {'year': 2008, 'seasonType': 'regular', 'team': 'SMU'}
  Fetching game stats 85/120: South Carolina
    [cache] /games/players {'year': 2008, 'seasonType': 'regular', 'team': 'South Carolina'}
  Fetching game stats 86/120: Southern Miss
    [cache] /games/players {'year': 2008, 'seasonType': 'regular', 'team': 'Southern Miss'}
  Fetching game stats 87/120: South Florida
    [cache] /games/players {'year': 2008, 'seasonType': 'regular', 'team': 'South Florida'}
  Fetching game stats 88/120: Stanford
    [cache] /games/players {'year': 2008, 'seasonType': 'regular', 'team': 'Stanford'}
  Fetching game stats 89/120: Syracuse
    [cache] /games/players {'year': 2008, 'seasonType': 'regular', 'team': 'Syracuse'}
  Fetching game stats 90/120: TCU
    [cache] /games/players {'year': 2008, 'seasonType': 'regular', 'team': 'TCU'}
  Fetching game stats 91/120: Temple
    [cache] /games/players {'year': 2008, 'seasonType': 'regular', 'team': 'Temple'}
  Fetching game stats 92/120: Tennessee
    [cache] /games/players {'year': 2008, 'seasonType': 'regular', 'team': 'Tennessee'}
  Fetching game stats 93/120: Texas
    [cache] /games/players {'year': 2008, 'seasonType': 'regular', 'team': 'Texas'}
  Fetching game stats 94/120: Texas A&M
    [cache] /games/players {'year': 2008, 'seasonType': 'regular', 'team': 'Texas A&M'}
  Fetching game stats 95/120: Texas Tech
    [cache] /games/players {'year': 2008, 'seasonType': 'regular', 'team': 'Texas Tech'}
  Fetching game stats 96/120: Toledo
    [cache] /games/players {'year': 2008, 'seasonType': 'regular', 'team': 'Toledo'}
  Fetching game stats 97/120: Troy
    [cache] /games/players {'year': 2008, 'seasonType': 'regular', 'team': 'Troy'}
  Fetching game stats 98/120: Tulane
    [cache] /games/players {'year': 2008, 'seasonType': 'regular', 'team': 'Tulane'}
  Fetching game stats 99/120: Tulsa
    [cache] /games/players {'year': 2008, 'seasonType': 'regular', 'team': 'Tulsa'}
  Fetching game stats 100/120: UAB
    [cache] /games/players {'year': 2008, 'seasonType': 'regular', 'team': 'UAB'}
  Fetching game stats 101/120: UCF
    [cache] /games/players {'year': 2008, 'seasonType': 'regular', 'team': 'UCF'}
  Fetching game stats 102/120: UCLA
    [cache] /games/players {'year': 2008, 'seasonType': 'regular', 'team': 'UCLA'}
  Fetching game stats 103/120: UConn
    [cache] /games/players {'year': 2008, 'seasonType': 'regular', 'team': 'UConn'}
  Fetching game stats 104/120: UL Monroe
    [cache] /games/players {'year': 2008, 'seasonType': 'regular', 'team': 'UL Monroe'}
  Fetching game stats 105/120: UNLV
    [cache] /games/players {'year': 2008, 'seasonType': 'regular', 'team': 'UNLV'}
  Fetching game stats 106/120: USC
    [cache] /games/players {'year': 2008, 'seasonType': 'regular', 'team': 'USC'}
  Fetching game stats 107/120: Utah
    [cache] /games/players {'year': 2008, 'seasonType': 'regular', 'team': 'Utah'}
  Fetching game stats 108/120: Utah State
    [cache] /games/players {'year': 2008, 'seasonType': 'regular', 'team': 'Utah State'}
  Fetching game stats 109/120: UTEP
    [cache] /games/players {'year': 2008, 'seasonType': 'regular', 'team': 'UTEP'}
  Fetching game stats 110/120: Vanderbilt
    [cache] /games/players {'year': 2008, 'seasonType': 'regular', 'team': 'Vanderbilt'}
  Fetching game stats 111/120: Virginia
    [cache] /games/players {'year': 2008, 'seasonType': 'regular', 'team': 'Virginia'}
  Fetching game stats 112/120: Virginia Tech
    [cache] /games/players {'year': 2008, 'seasonType': 'regular', 'team': 'Virginia Tech'}
  Fetching game stats 113/120: Wake Forest
    [cache] /games/players {'year': 2008, 'seasonType': 'regular', 'team': 'Wake Forest'}
  Fetching game stats 114/120: Washington
    [cache] /games/players {'year': 2008, 'seasonType': 'regular', 'team': 'Washington'}
  Fetching game stats 115/120: Washington State
    [cache] /games/players {'year': 2008, 'seasonType': 'regular', 'team': 'Washington State'}
  Fetching game stats 116/120: Western Kentucky
    [cache] /games/players {'year': 2008, 'seasonType': 'regular', 'team': 'Western Kentucky'}
  Fetching game stats 117/120: Western Michigan
    [cache] /games/players {'year': 2008, 'seasonType': 'regular', 'team': 'Western Michigan'}
  Fetching game stats 118/120: West Virginia
    [cache] /games/players {'year': 2008, 'seasonType': 'regular', 'team': 'West Virginia'}
  Fetching game stats 119/120: Wisconsin
    [cache] /games/players {'year': 2008, 'seasonType': 'regular', 'team': 'Wisconsin'}
  Fetching game stats 120/120: Wyoming
    [cache] /games/players {'year': 2008, 'seasonType': 'regular', 'team': 'Wyoming'}
  770 unique games with player stats fetched

[6c] Fetching drives and plays by week (weeks 1-16)...
    drives week 1/16
    [cache] /drives {'year': 2008, 'week': 1, 'seasonType': 'regular'}
    drives week 2/16
    [cache] /drives {'year': 2008, 'week': 2, 'seasonType': 'regular'}
    drives week 3/16
    [cache] /drives {'year': 2008, 'week': 3, 'seasonType': 'regular'}
    drives week 4/16
    [cache] /drives {'year': 2008, 'week': 4, 'seasonType': 'regular'}
    drives week 5/16
    [cache] /drives {'year': 2008, 'week': 5, 'seasonType': 'regular'}
    drives week 6/16
    [cache] /drives {'year': 2008, 'week': 6, 'seasonType': 'regular'}
    drives week 7/16
    [cache] /drives {'year': 2008, 'week': 7, 'seasonType': 'regular'}
    drives week 8/16
    [cache] /drives {'year': 2008, 'week': 8, 'seasonType': 'regular'}
    drives week 9/16
    [cache] /drives {'year': 2008, 'week': 9, 'seasonType': 'regular'}
    drives week 10/16
    [cache] /drives {'year': 2008, 'week': 10, 'seasonType': 'regular'}
    drives week 11/16
    [cache] /drives {'year': 2008, 'week': 11, 'seasonType': 'regular'}
    drives week 12/16
    [cache] /drives {'year': 2008, 'week': 12, 'seasonType': 'regular'}
    drives week 13/16
    [cache] /drives {'year': 2008, 'week': 13, 'seasonType': 'regular'}
    drives week 14/16
    [cache] /drives {'year': 2008, 'week': 14, 'seasonType': 'regular'}
    drives week 15/16
    [cache] /drives {'year': 2008, 'week': 15, 'seasonType': 'regular'}
    drives week 16/16
    [cache] /drives {'year': 2008, 'week': 16, 'seasonType': 'regular'}
  18974 total drives fetched
    plays week 1/16
    [cache] /plays {'year': 2008, 'week': 1, 'seasonType': 'regular'}
    plays week 2/16
    [cache] /plays {'year': 2008, 'week': 2, 'seasonType': 'regular'}
    plays week 3/16
    [cache] /plays {'year': 2008, 'week': 3, 'seasonType': 'regular'}
    plays week 4/16
    [cache] /plays {'year': 2008, 'week': 4, 'seasonType': 'regular'}
    plays week 5/16
    [cache] /plays {'year': 2008, 'week': 5, 'seasonType': 'regular'}
    plays week 6/16
    [cache] /plays {'year': 2008, 'week': 6, 'seasonType': 'regular'}
    plays week 7/16
    [cache] /plays {'year': 2008, 'week': 7, 'seasonType': 'regular'}
    plays week 8/16
    [cache] /plays {'year': 2008, 'week': 8, 'seasonType': 'regular'}
    plays week 9/16
    [cache] /plays {'year': 2008, 'week': 9, 'seasonType': 'regular'}
    plays week 10/16
    [cache] /plays {'year': 2008, 'week': 10, 'seasonType': 'regular'}
    plays week 11/16
    [cache] /plays {'year': 2008, 'week': 11, 'seasonType': 'regular'}
    plays week 12/16
    [cache] /plays {'year': 2008, 'week': 12, 'seasonType': 'regular'}
    plays week 13/16
    [cache] /plays {'year': 2008, 'week': 13, 'seasonType': 'regular'}
    plays week 14/16
    [cache] /plays {'year': 2008, 'week': 14, 'seasonType': 'regular'}
    plays week 15/16
    [cache] /plays {'year': 2008, 'week': 15, 'seasonType': 'regular'}
    plays week 16/16
    [cache] /plays {'year': 2008, 'week': 16, 'seasonType': 'regular'}
  131509 total plays fetched
  1551 rushers with parsed carry data (202 QBs excluded)

[7/7] Processing ratings...
  Building opponent-weighted stats from gamelog...
  3489 players with opponent-weighted stats
Building player gamelogs (early pass for gamelog-derived skills)...
  Gamelog-derived skills computed for 3489 players
Normalizing ratings...
Applying backup/no-data tier ratings...
  1655 backup/no-data players rated via star-anchor pathway
  OL boosts applied to 2 player(s) (draft/awards/continuity)
Computing team ratings...
Generating public names...

  Year 2008 rating distribution:
    40-49:  1211 (32%) ################
    50-59:   755 (20%) ##########
    60-69:   912 (24%) ############
    70-79:   597 (15%) #######
    80-89:   232 ( 6%) ###
    90-99:    35 ( 0%) 
    Min=40 Max=96 Median=58
  120 teams, 3742 players.
Building schedule, drives, and plays...
  1445 games, 3489 players with gamelogs
  18974 drives, 131509 plays

Writing to C:\Projects\CFB-Video-Game\app\assets\data/
  2008/teams_private.json: 120 entries
  2008/teams_public.json: 120 entries
  2008/players_private.json: 3742 entries
  2008/players_public.json: 3742 entries
  2008/ratings.json: 3742 entries
  2008/team_schedule.json: 1445 entries
  2008/player_gamelog.json: 3489 keys, 18524 entries
  2008/team_drives.json: 187 keys, 18974 entries
  2008/team_plays_wk*.json.gz: 15 weeks, 131509 plays
  Loaded 3742 player IDs from 2008 for continuity check

============================================================
  PROCESSING YEAR 2009
============================================================

[1/7] Fetching FBS teams...
    [cache] /teams/fbs {'year': 2009}
  Found 120 teams

[2/7] Fetching rosters...
  Fetching roster 1/120: Air Force
    [cache] /roster {'team': 'Air Force', 'year': 2009}
  Fetching roster 2/120: Akron
    [cache] /roster {'team': 'Akron', 'year': 2009}
  Fetching roster 3/120: Alabama
    [cache] /roster {'team': 'Alabama', 'year': 2009}
  Fetching roster 4/120: Arizona
    [cache] /roster {'team': 'Arizona', 'year': 2009}
  Fetching roster 5/120: Arizona State
    [cache] /roster {'team': 'Arizona State', 'year': 2009}
  Fetching roster 6/120: Arkansas
    [cache] /roster {'team': 'Arkansas', 'year': 2009}
  Fetching roster 7/120: Arkansas State
    [cache] /roster {'team': 'Arkansas State', 'year': 2009}
  Fetching roster 8/120: Army
    [cache] /roster {'team': 'Army', 'year': 2009}
  Fetching roster 9/120: Auburn
    [cache] /roster {'team': 'Auburn', 'year': 2009}
  Fetching roster 10/120: Ball State
    [cache] /roster {'team': 'Ball State', 'year': 2009}
  Fetching roster 11/120: Baylor
    [cache] /roster {'team': 'Baylor', 'year': 2009}
  Fetching roster 12/120: Boise State
    [cache] /roster {'team': 'Boise State', 'year': 2009}
  Fetching roster 13/120: Boston College
    [cache] /roster {'team': 'Boston College', 'year': 2009}
  Fetching roster 14/120: Bowling Green
    [cache] /roster {'team': 'Bowling Green', 'year': 2009}
  Fetching roster 15/120: Buffalo
    [cache] /roster {'team': 'Buffalo', 'year': 2009}
  Fetching roster 16/120: BYU
    [cache] /roster {'team': 'BYU', 'year': 2009}
  Fetching roster 17/120: California
    [cache] /roster {'team': 'California', 'year': 2009}
  Fetching roster 18/120: Central Michigan
    [cache] /roster {'team': 'Central Michigan', 'year': 2009}
  Fetching roster 19/120: Cincinnati
    [cache] /roster {'team': 'Cincinnati', 'year': 2009}
  Fetching roster 20/120: Clemson
    [cache] /roster {'team': 'Clemson', 'year': 2009}
  Fetching roster 21/120: Colorado
    [cache] /roster {'team': 'Colorado', 'year': 2009}
  Fetching roster 22/120: Colorado State
    [cache] /roster {'team': 'Colorado State', 'year': 2009}
  Fetching roster 23/120: Duke
    [cache] /roster {'team': 'Duke', 'year': 2009}
  Fetching roster 24/120: East Carolina
    [cache] /roster {'team': 'East Carolina', 'year': 2009}
  Fetching roster 25/120: Eastern Michigan
    [cache] /roster {'team': 'Eastern Michigan', 'year': 2009}
  Fetching roster 26/120: Florida
    [cache] /roster {'team': 'Florida', 'year': 2009}
  Fetching roster 27/120: Florida Atlantic
    [cache] /roster {'team': 'Florida Atlantic', 'year': 2009}
  Fetching roster 28/120: Florida International
    [cache] /roster {'team': 'Florida International', 'year': 2009}
  Fetching roster 29/120: Florida State
    [cache] /roster {'team': 'Florida State', 'year': 2009}
  Fetching roster 30/120: Fresno State
    [cache] /roster {'team': 'Fresno State', 'year': 2009}
  Fetching roster 31/120: Georgia
    [cache] /roster {'team': 'Georgia', 'year': 2009}
  Fetching roster 32/120: Georgia Tech
    [cache] /roster {'team': 'Georgia Tech', 'year': 2009}
  Fetching roster 33/120: Hawai'i
    [cache] /roster {'team': "Hawai'i", 'year': 2009}
  Fetching roster 34/120: Houston
    [cache] /roster {'team': 'Houston', 'year': 2009}
  Fetching roster 35/120: Idaho
    [cache] /roster {'team': 'Idaho', 'year': 2009}
  Fetching roster 36/120: Illinois
    [cache] /roster {'team': 'Illinois', 'year': 2009}
  Fetching roster 37/120: Indiana
    [cache] /roster {'team': 'Indiana', 'year': 2009}
  Fetching roster 38/120: Iowa
    [cache] /roster {'team': 'Iowa', 'year': 2009}
  Fetching roster 39/120: Iowa State
    [cache] /roster {'team': 'Iowa State', 'year': 2009}
  Fetching roster 40/120: Kansas
    [cache] /roster {'team': 'Kansas', 'year': 2009}
  Fetching roster 41/120: Kansas State
    [cache] /roster {'team': 'Kansas State', 'year': 2009}
  Fetching roster 42/120: Kent State
    [cache] /roster {'team': 'Kent State', 'year': 2009}
  Fetching roster 43/120: Kentucky
    [cache] /roster {'team': 'Kentucky', 'year': 2009}
  Fetching roster 44/120: Louisiana
    [cache] /roster {'team': 'Louisiana', 'year': 2009}
  Fetching roster 45/120: Louisiana Tech
    [cache] /roster {'team': 'Louisiana Tech', 'year': 2009}
  Fetching roster 46/120: Louisville
    [cache] /roster {'team': 'Louisville', 'year': 2009}
  Fetching roster 47/120: LSU
    [cache] /roster {'team': 'LSU', 'year': 2009}
  Fetching roster 48/120: Marshall
    [cache] /roster {'team': 'Marshall', 'year': 2009}
  Fetching roster 49/120: Maryland
    [cache] /roster {'team': 'Maryland', 'year': 2009}
  Fetching roster 50/120: Memphis
    [cache] /roster {'team': 'Memphis', 'year': 2009}
  Fetching roster 51/120: Miami
    [cache] /roster {'team': 'Miami', 'year': 2009}
  Fetching roster 52/120: Miami (OH)
    [cache] /roster {'team': 'Miami (OH)', 'year': 2009}
  Fetching roster 53/120: Michigan
    [cache] /roster {'team': 'Michigan', 'year': 2009}
  Fetching roster 54/120: Michigan State
    [cache] /roster {'team': 'Michigan State', 'year': 2009}
  Fetching roster 55/120: Middle Tennessee
    [cache] /roster {'team': 'Middle Tennessee', 'year': 2009}
  Fetching roster 56/120: Minnesota
    [cache] /roster {'team': 'Minnesota', 'year': 2009}
  Fetching roster 57/120: Mississippi State
    [cache] /roster {'team': 'Mississippi State', 'year': 2009}
  Fetching roster 58/120: Missouri
    [cache] /roster {'team': 'Missouri', 'year': 2009}
  Fetching roster 59/120: Navy
    [cache] /roster {'team': 'Navy', 'year': 2009}
  Fetching roster 60/120: NC State
    [cache] /roster {'team': 'NC State', 'year': 2009}
  Fetching roster 61/120: Nebraska
    [cache] /roster {'team': 'Nebraska', 'year': 2009}
  Fetching roster 62/120: Nevada
    [cache] /roster {'team': 'Nevada', 'year': 2009}
  Fetching roster 63/120: New Mexico
    [cache] /roster {'team': 'New Mexico', 'year': 2009}
  Fetching roster 64/120: New Mexico State
    [cache] /roster {'team': 'New Mexico State', 'year': 2009}
  Fetching roster 65/120: North Carolina
    [cache] /roster {'team': 'North Carolina', 'year': 2009}
  Fetching roster 66/120: Northern Illinois
    [cache] /roster {'team': 'Northern Illinois', 'year': 2009}
  Fetching roster 67/120: North Texas
    [cache] /roster {'team': 'North Texas', 'year': 2009}
  Fetching roster 68/120: Northwestern
    [cache] /roster {'team': 'Northwestern', 'year': 2009}
  Fetching roster 69/120: Notre Dame
    [cache] /roster {'team': 'Notre Dame', 'year': 2009}
  Fetching roster 70/120: Ohio
    [cache] /roster {'team': 'Ohio', 'year': 2009}
  Fetching roster 71/120: Ohio State
    [cache] /roster {'team': 'Ohio State', 'year': 2009}
  Fetching roster 72/120: Oklahoma
    [cache] /roster {'team': 'Oklahoma', 'year': 2009}
  Fetching roster 73/120: Oklahoma State
    [cache] /roster {'team': 'Oklahoma State', 'year': 2009}
  Fetching roster 74/120: Ole Miss
    [cache] /roster {'team': 'Ole Miss', 'year': 2009}
  Fetching roster 75/120: Oregon
    [cache] /roster {'team': 'Oregon', 'year': 2009}
  Fetching roster 76/120: Oregon State
    [cache] /roster {'team': 'Oregon State', 'year': 2009}
  Fetching roster 77/120: Penn State
    [cache] /roster {'team': 'Penn State', 'year': 2009}
  Fetching roster 78/120: Pittsburgh
    [cache] /roster {'team': 'Pittsburgh', 'year': 2009}
  Fetching roster 79/120: Purdue
    [cache] /roster {'team': 'Purdue', 'year': 2009}
  Fetching roster 80/120: Rice
    [cache] /roster {'team': 'Rice', 'year': 2009}
  Fetching roster 81/120: Rutgers
    [cache] /roster {'team': 'Rutgers', 'year': 2009}
  Fetching roster 82/120: San Diego State
    [cache] /roster {'team': 'San Diego State', 'year': 2009}
  Fetching roster 83/120: San José State
    [cache] /roster {'team': 'San José State', 'year': 2009}
  Fetching roster 84/120: SMU
    [cache] /roster {'team': 'SMU', 'year': 2009}
  Fetching roster 85/120: South Carolina
    [cache] /roster {'team': 'South Carolina', 'year': 2009}
  Fetching roster 86/120: Southern Miss
    [cache] /roster {'team': 'Southern Miss', 'year': 2009}
  Fetching roster 87/120: South Florida
    [cache] /roster {'team': 'South Florida', 'year': 2009}
  Fetching roster 88/120: Stanford
    [cache] /roster {'team': 'Stanford', 'year': 2009}
  Fetching roster 89/120: Syracuse
    [cache] /roster {'team': 'Syracuse', 'year': 2009}
  Fetching roster 90/120: TCU
    [cache] /roster {'team': 'TCU', 'year': 2009}
  Fetching roster 91/120: Temple
    [cache] /roster {'team': 'Temple', 'year': 2009}
  Fetching roster 92/120: Tennessee
    [cache] /roster {'team': 'Tennessee', 'year': 2009}
  Fetching roster 93/120: Texas
    [cache] /roster {'team': 'Texas', 'year': 2009}
  Fetching roster 94/120: Texas A&M
    [cache] /roster {'team': 'Texas A&M', 'year': 2009}
  Fetching roster 95/120: Texas Tech
    [cache] /roster {'team': 'Texas Tech', 'year': 2009}
  Fetching roster 96/120: Toledo
    [cache] /roster {'team': 'Toledo', 'year': 2009}
  Fetching roster 97/120: Troy
    [cache] /roster {'team': 'Troy', 'year': 2009}
  Fetching roster 98/120: Tulane
    [cache] /roster {'team': 'Tulane', 'year': 2009}
  Fetching roster 99/120: Tulsa
    [cache] /roster {'team': 'Tulsa', 'year': 2009}
  Fetching roster 100/120: UAB
    [cache] /roster {'team': 'UAB', 'year': 2009}
  Fetching roster 101/120: UCF
    [cache] /roster {'team': 'UCF', 'year': 2009}
  Fetching roster 102/120: UCLA
    [cache] /roster {'team': 'UCLA', 'year': 2009}
  Fetching roster 103/120: UConn
    [cache] /roster {'team': 'UConn', 'year': 2009}
  Fetching roster 104/120: UL Monroe
    [cache] /roster {'team': 'UL Monroe', 'year': 2009}
  Fetching roster 105/120: UNLV
    [cache] /roster {'team': 'UNLV', 'year': 2009}
  Fetching roster 106/120: USC
    [cache] /roster {'team': 'USC', 'year': 2009}
  Fetching roster 107/120: Utah
    [cache] /roster {'team': 'Utah', 'year': 2009}
  Fetching roster 108/120: Utah State
    [cache] /roster {'team': 'Utah State', 'year': 2009}
  Fetching roster 109/120: UTEP
    [cache] /roster {'team': 'UTEP', 'year': 2009}
  Fetching roster 110/120: Vanderbilt
    [cache] /roster {'team': 'Vanderbilt', 'year': 2009}
  Fetching roster 111/120: Virginia
    [cache] /roster {'team': 'Virginia', 'year': 2009}
  Fetching roster 112/120: Virginia Tech
    [cache] /roster {'team': 'Virginia Tech', 'year': 2009}
  Fetching roster 113/120: Wake Forest
    [cache] /roster {'team': 'Wake Forest', 'year': 2009}
  Fetching roster 114/120: Washington
    [cache] /roster {'team': 'Washington', 'year': 2009}
  Fetching roster 115/120: Washington State
    [cache] /roster {'team': 'Washington State', 'year': 2009}
  Fetching roster 116/120: Western Kentucky
    [cache] /roster {'team': 'Western Kentucky', 'year': 2009}
  Fetching roster 117/120: Western Michigan
    [cache] /roster {'team': 'Western Michigan', 'year': 2009}
  Fetching roster 118/120: West Virginia
    [cache] /roster {'team': 'West Virginia', 'year': 2009}
  Fetching roster 119/120: Wisconsin
    [cache] /roster {'team': 'Wisconsin', 'year': 2009}
  Fetching roster 120/120: Wyoming
    [cache] /roster {'team': 'Wyoming', 'year': 2009}

[3/7] Fetching player stats...
    [cache] /stats/player/season {'year': 2009, 'seasonType': 'regular'}
  3590 player stat entries

[3b] Fetching player usage...
    [cache] /player/usage {'year': 2009, 'seasonType': 'regular'}
  0 usage entries

[3c] Fetching player awards...
    GET /awards {'year': 2009}
    WARNING: /awards {'year': 2009} failed: Expecting value: line 2 column 1 (char 1)
  0 award entries
  0 OL draft picks mapped for 2010 NFL Draft

[4/7] Fetching PPA data...
    [cache] /ppa/players/season {'year': 2009}
  0 PPA entries

[5/7] Fetching team stats + SP+ + talent...
    [cache] /stats/season {'year': 2009}
    [cache] /ratings/sp {'year': 2009}
    [cache] /talent {'year': 2009}

[6/7] Fetching recruiting data...
    Class 2005...
    [cache] /recruiting/players {'year': 2005}
    Class 2006...
    [cache] /recruiting/players {'year': 2006}
    Class 2007...
    [cache] /recruiting/players {'year': 2007}
    Class 2008...
    [cache] /recruiting/players {'year': 2008}
    Class 2009...
    [cache] /recruiting/players {'year': 2009}

[6b] Fetching game results and player game stats (Phase 2)...
    [cache] /games {'year': 2009, 'seasonType': 'regular'}
  1434 games fetched
  Fetching game stats 1/120: Air Force
    [cache] /games/players {'year': 2009, 'seasonType': 'regular', 'team': 'Air Force'}
  Fetching game stats 2/120: Akron
    [cache] /games/players {'year': 2009, 'seasonType': 'regular', 'team': 'Akron'}
  Fetching game stats 3/120: Alabama
    [cache] /games/players {'year': 2009, 'seasonType': 'regular', 'team': 'Alabama'}
  Fetching game stats 4/120: Arizona
    [cache] /games/players {'year': 2009, 'seasonType': 'regular', 'team': 'Arizona'}
  Fetching game stats 5/120: Arizona State
    [cache] /games/players {'year': 2009, 'seasonType': 'regular', 'team': 'Arizona State'}
  Fetching game stats 6/120: Arkansas
    [cache] /games/players {'year': 2009, 'seasonType': 'regular', 'team': 'Arkansas'}
  Fetching game stats 7/120: Arkansas State
    [cache] /games/players {'year': 2009, 'seasonType': 'regular', 'team': 'Arkansas State'}
  Fetching game stats 8/120: Army
    [cache] /games/players {'year': 2009, 'seasonType': 'regular', 'team': 'Army'}
  Fetching game stats 9/120: Auburn
    [cache] /games/players {'year': 2009, 'seasonType': 'regular', 'team': 'Auburn'}
  Fetching game stats 10/120: Ball State
    [cache] /games/players {'year': 2009, 'seasonType': 'regular', 'team': 'Ball State'}
  Fetching game stats 11/120: Baylor
    [cache] /games/players {'year': 2009, 'seasonType': 'regular', 'team': 'Baylor'}
  Fetching game stats 12/120: Boise State
    [cache] /games/players {'year': 2009, 'seasonType': 'regular', 'team': 'Boise State'}
  Fetching game stats 13/120: Boston College
    [cache] /games/players {'year': 2009, 'seasonType': 'regular', 'team': 'Boston College'}
  Fetching game stats 14/120: Bowling Green
    [cache] /games/players {'year': 2009, 'seasonType': 'regular', 'team': 'Bowling Green'}
  Fetching game stats 15/120: Buffalo
    [cache] /games/players {'year': 2009, 'seasonType': 'regular', 'team': 'Buffalo'}
  Fetching game stats 16/120: BYU
    [cache] /games/players {'year': 2009, 'seasonType': 'regular', 'team': 'BYU'}
  Fetching game stats 17/120: California
    [cache] /games/players {'year': 2009, 'seasonType': 'regular', 'team': 'California'}
  Fetching game stats 18/120: Central Michigan
    [cache] /games/players {'year': 2009, 'seasonType': 'regular', 'team': 'Central Michigan'}
  Fetching game stats 19/120: Cincinnati
    [cache] /games/players {'year': 2009, 'seasonType': 'regular', 'team': 'Cincinnati'}
  Fetching game stats 20/120: Clemson
    [cache] /games/players {'year': 2009, 'seasonType': 'regular', 'team': 'Clemson'}
  Fetching game stats 21/120: Colorado
    [cache] /games/players {'year': 2009, 'seasonType': 'regular', 'team': 'Colorado'}
  Fetching game stats 22/120: Colorado State
    [cache] /games/players {'year': 2009, 'seasonType': 'regular', 'team': 'Colorado State'}
  Fetching game stats 23/120: Duke
    [cache] /games/players {'year': 2009, 'seasonType': 'regular', 'team': 'Duke'}
  Fetching game stats 24/120: East Carolina
    [cache] /games/players {'year': 2009, 'seasonType': 'regular', 'team': 'East Carolina'}
  Fetching game stats 25/120: Eastern Michigan
    [cache] /games/players {'year': 2009, 'seasonType': 'regular', 'team': 'Eastern Michigan'}
  Fetching game stats 26/120: Florida
    [cache] /games/players {'year': 2009, 'seasonType': 'regular', 'team': 'Florida'}
  Fetching game stats 27/120: Florida Atlantic
    [cache] /games/players {'year': 2009, 'seasonType': 'regular', 'team': 'Florida Atlantic'}
  Fetching game stats 28/120: Florida International
    [cache] /games/players {'year': 2009, 'seasonType': 'regular', 'team': 'Florida International'}
  Fetching game stats 29/120: Florida State
    [cache] /games/players {'year': 2009, 'seasonType': 'regular', 'team': 'Florida State'}
  Fetching game stats 30/120: Fresno State
    [cache] /games/players {'year': 2009, 'seasonType': 'regular', 'team': 'Fresno State'}
  Fetching game stats 31/120: Georgia
    [cache] /games/players {'year': 2009, 'seasonType': 'regular', 'team': 'Georgia'}
  Fetching game stats 32/120: Georgia Tech
    [cache] /games/players {'year': 2009, 'seasonType': 'regular', 'team': 'Georgia Tech'}
  Fetching game stats 33/120: Hawai'i
    [cache] /games/players {'year': 2009, 'seasonType': 'regular', 'team': "Hawai'i"}
  Fetching game stats 34/120: Houston
    [cache] /games/players {'year': 2009, 'seasonType': 'regular', 'team': 'Houston'}
  Fetching game stats 35/120: Idaho
    [cache] /games/players {'year': 2009, 'seasonType': 'regular', 'team': 'Idaho'}
  Fetching game stats 36/120: Illinois
    [cache] /games/players {'year': 2009, 'seasonType': 'regular', 'team': 'Illinois'}
  Fetching game stats 37/120: Indiana
    [cache] /games/players {'year': 2009, 'seasonType': 'regular', 'team': 'Indiana'}
  Fetching game stats 38/120: Iowa
    [cache] /games/players {'year': 2009, 'seasonType': 'regular', 'team': 'Iowa'}
  Fetching game stats 39/120: Iowa State
    [cache] /games/players {'year': 2009, 'seasonType': 'regular', 'team': 'Iowa State'}
  Fetching game stats 40/120: Kansas
    [cache] /games/players {'year': 2009, 'seasonType': 'regular', 'team': 'Kansas'}
  Fetching game stats 41/120: Kansas State
    [cache] /games/players {'year': 2009, 'seasonType': 'regular', 'team': 'Kansas State'}
  Fetching game stats 42/120: Kent State
    [cache] /games/players {'year': 2009, 'seasonType': 'regular', 'team': 'Kent State'}
  Fetching game stats 43/120: Kentucky
    [cache] /games/players {'year': 2009, 'seasonType': 'regular', 'team': 'Kentucky'}
  Fetching game stats 44/120: Louisiana
    [cache] /games/players {'year': 2009, 'seasonType': 'regular', 'team': 'Louisiana'}
  Fetching game stats 45/120: Louisiana Tech
    [cache] /games/players {'year': 2009, 'seasonType': 'regular', 'team': 'Louisiana Tech'}
  Fetching game stats 46/120: Louisville
    [cache] /games/players {'year': 2009, 'seasonType': 'regular', 'team': 'Louisville'}
  Fetching game stats 47/120: LSU
    [cache] /games/players {'year': 2009, 'seasonType': 'regular', 'team': 'LSU'}
  Fetching game stats 48/120: Marshall
    [cache] /games/players {'year': 2009, 'seasonType': 'regular', 'team': 'Marshall'}
  Fetching game stats 49/120: Maryland
    [cache] /games/players {'year': 2009, 'seasonType': 'regular', 'team': 'Maryland'}
  Fetching game stats 50/120: Memphis
    [cache] /games/players {'year': 2009, 'seasonType': 'regular', 'team': 'Memphis'}
  Fetching game stats 51/120: Miami
    [cache] /games/players {'year': 2009, 'seasonType': 'regular', 'team': 'Miami'}
  Fetching game stats 52/120: Miami (OH)
    [cache] /games/players {'year': 2009, 'seasonType': 'regular', 'team': 'Miami (OH)'}
  Fetching game stats 53/120: Michigan
    [cache] /games/players {'year': 2009, 'seasonType': 'regular', 'team': 'Michigan'}
  Fetching game stats 54/120: Michigan State
    [cache] /games/players {'year': 2009, 'seasonType': 'regular', 'team': 'Michigan State'}
  Fetching game stats 55/120: Middle Tennessee
    [cache] /games/players {'year': 2009, 'seasonType': 'regular', 'team': 'Middle Tennessee'}
  Fetching game stats 56/120: Minnesota
    [cache] /games/players {'year': 2009, 'seasonType': 'regular', 'team': 'Minnesota'}
  Fetching game stats 57/120: Mississippi State
    [cache] /games/players {'year': 2009, 'seasonType': 'regular', 'team': 'Mississippi State'}
  Fetching game stats 58/120: Missouri
    [cache] /games/players {'year': 2009, 'seasonType': 'regular', 'team': 'Missouri'}
  Fetching game stats 59/120: Navy
    [cache] /games/players {'year': 2009, 'seasonType': 'regular', 'team': 'Navy'}
  Fetching game stats 60/120: NC State
    [cache] /games/players {'year': 2009, 'seasonType': 'regular', 'team': 'NC State'}
  Fetching game stats 61/120: Nebraska
    [cache] /games/players {'year': 2009, 'seasonType': 'regular', 'team': 'Nebraska'}
  Fetching game stats 62/120: Nevada
    [cache] /games/players {'year': 2009, 'seasonType': 'regular', 'team': 'Nevada'}
  Fetching game stats 63/120: New Mexico
    [cache] /games/players {'year': 2009, 'seasonType': 'regular', 'team': 'New Mexico'}
  Fetching game stats 64/120: New Mexico State
    [cache] /games/players {'year': 2009, 'seasonType': 'regular', 'team': 'New Mexico State'}
  Fetching game stats 65/120: North Carolina
    [cache] /games/players {'year': 2009, 'seasonType': 'regular', 'team': 'North Carolina'}
  Fetching game stats 66/120: Northern Illinois
    [cache] /games/players {'year': 2009, 'seasonType': 'regular', 'team': 'Northern Illinois'}
  Fetching game stats 67/120: North Texas
    [cache] /games/players {'year': 2009, 'seasonType': 'regular', 'team': 'North Texas'}
  Fetching game stats 68/120: Northwestern
    [cache] /games/players {'year': 2009, 'seasonType': 'regular', 'team': 'Northwestern'}
  Fetching game stats 69/120: Notre Dame
    [cache] /games/players {'year': 2009, 'seasonType': 'regular', 'team': 'Notre Dame'}
  Fetching game stats 70/120: Ohio
    [cache] /games/players {'year': 2009, 'seasonType': 'regular', 'team': 'Ohio'}
  Fetching game stats 71/120: Ohio State
    [cache] /games/players {'year': 2009, 'seasonType': 'regular', 'team': 'Ohio State'}
  Fetching game stats 72/120: Oklahoma
    [cache] /games/players {'year': 2009, 'seasonType': 'regular', 'team': 'Oklahoma'}
  Fetching game stats 73/120: Oklahoma State
    [cache] /games/players {'year': 2009, 'seasonType': 'regular', 'team': 'Oklahoma State'}
  Fetching game stats 74/120: Ole Miss
    [cache] /games/players {'year': 2009, 'seasonType': 'regular', 'team': 'Ole Miss'}
  Fetching game stats 75/120: Oregon
    [cache] /games/players {'year': 2009, 'seasonType': 'regular', 'team': 'Oregon'}
  Fetching game stats 76/120: Oregon State
    [cache] /games/players {'year': 2009, 'seasonType': 'regular', 'team': 'Oregon State'}
  Fetching game stats 77/120: Penn State
    [cache] /games/players {'year': 2009, 'seasonType': 'regular', 'team': 'Penn State'}
  Fetching game stats 78/120: Pittsburgh
    [cache] /games/players {'year': 2009, 'seasonType': 'regular', 'team': 'Pittsburgh'}
  Fetching game stats 79/120: Purdue
    [cache] /games/players {'year': 2009, 'seasonType': 'regular', 'team': 'Purdue'}
  Fetching game stats 80/120: Rice
    [cache] /games/players {'year': 2009, 'seasonType': 'regular', 'team': 'Rice'}
  Fetching game stats 81/120: Rutgers
    [cache] /games/players {'year': 2009, 'seasonType': 'regular', 'team': 'Rutgers'}
  Fetching game stats 82/120: San Diego State
    [cache] /games/players {'year': 2009, 'seasonType': 'regular', 'team': 'San Diego State'}
  Fetching game stats 83/120: San José State
    [cache] /games/players {'year': 2009, 'seasonType': 'regular', 'team': 'San José State'}
  Fetching game stats 84/120: SMU
    [cache] /games/players {'year': 2009, 'seasonType': 'regular', 'team': 'SMU'}
  Fetching game stats 85/120: South Carolina
    [cache] /games/players {'year': 2009, 'seasonType': 'regular', 'team': 'South Carolina'}
  Fetching game stats 86/120: Southern Miss
    [cache] /games/players {'year': 2009, 'seasonType': 'regular', 'team': 'Southern Miss'}
  Fetching game stats 87/120: South Florida
    [cache] /games/players {'year': 2009, 'seasonType': 'regular', 'team': 'South Florida'}
  Fetching game stats 88/120: Stanford
    [cache] /games/players {'year': 2009, 'seasonType': 'regular', 'team': 'Stanford'}
  Fetching game stats 89/120: Syracuse
    [cache] /games/players {'year': 2009, 'seasonType': 'regular', 'team': 'Syracuse'}
  Fetching game stats 90/120: TCU
    [cache] /games/players {'year': 2009, 'seasonType': 'regular', 'team': 'TCU'}
  Fetching game stats 91/120: Temple
    [cache] /games/players {'year': 2009, 'seasonType': 'regular', 'team': 'Temple'}
  Fetching game stats 92/120: Tennessee
    [cache] /games/players {'year': 2009, 'seasonType': 'regular', 'team': 'Tennessee'}
  Fetching game stats 93/120: Texas
    [cache] /games/players {'year': 2009, 'seasonType': 'regular', 'team': 'Texas'}
  Fetching game stats 94/120: Texas A&M
    [cache] /games/players {'year': 2009, 'seasonType': 'regular', 'team': 'Texas A&M'}
  Fetching game stats 95/120: Texas Tech
    [cache] /games/players {'year': 2009, 'seasonType': 'regular', 'team': 'Texas Tech'}
  Fetching game stats 96/120: Toledo
    [cache] /games/players {'year': 2009, 'seasonType': 'regular', 'team': 'Toledo'}
  Fetching game stats 97/120: Troy
    [cache] /games/players {'year': 2009, 'seasonType': 'regular', 'team': 'Troy'}
  Fetching game stats 98/120: Tulane
    [cache] /games/players {'year': 2009, 'seasonType': 'regular', 'team': 'Tulane'}
  Fetching game stats 99/120: Tulsa
    [cache] /games/players {'year': 2009, 'seasonType': 'regular', 'team': 'Tulsa'}
  Fetching game stats 100/120: UAB
    [cache] /games/players {'year': 2009, 'seasonType': 'regular', 'team': 'UAB'}
  Fetching game stats 101/120: UCF
    [cache] /games/players {'year': 2009, 'seasonType': 'regular', 'team': 'UCF'}
  Fetching game stats 102/120: UCLA
    [cache] /games/players {'year': 2009, 'seasonType': 'regular', 'team': 'UCLA'}
  Fetching game stats 103/120: UConn
    [cache] /games/players {'year': 2009, 'seasonType': 'regular', 'team': 'UConn'}
  Fetching game stats 104/120: UL Monroe
    [cache] /games/players {'year': 2009, 'seasonType': 'regular', 'team': 'UL Monroe'}
  Fetching game stats 105/120: UNLV
    [cache] /games/players {'year': 2009, 'seasonType': 'regular', 'team': 'UNLV'}
  Fetching game stats 106/120: USC
    [cache] /games/players {'year': 2009, 'seasonType': 'regular', 'team': 'USC'}
  Fetching game stats 107/120: Utah
    [cache] /games/players {'year': 2009, 'seasonType': 'regular', 'team': 'Utah'}
  Fetching game stats 108/120: Utah State
    [cache] /games/players {'year': 2009, 'seasonType': 'regular', 'team': 'Utah State'}
  Fetching game stats 109/120: UTEP
    [cache] /games/players {'year': 2009, 'seasonType': 'regular', 'team': 'UTEP'}
  Fetching game stats 110/120: Vanderbilt
    [cache] /games/players {'year': 2009, 'seasonType': 'regular', 'team': 'Vanderbilt'}
  Fetching game stats 111/120: Virginia
    [cache] /games/players {'year': 2009, 'seasonType': 'regular', 'team': 'Virginia'}
  Fetching game stats 112/120: Virginia Tech
    [cache] /games/players {'year': 2009, 'seasonType': 'regular', 'team': 'Virginia Tech'}
  Fetching game stats 113/120: Wake Forest
    [cache] /games/players {'year': 2009, 'seasonType': 'regular', 'team': 'Wake Forest'}
  Fetching game stats 114/120: Washington
    [cache] /games/players {'year': 2009, 'seasonType': 'regular', 'team': 'Washington'}
  Fetching game stats 115/120: Washington State
    [cache] /games/players {'year': 2009, 'seasonType': 'regular', 'team': 'Washington State'}
  Fetching game stats 116/120: Western Kentucky
    [cache] /games/players {'year': 2009, 'seasonType': 'regular', 'team': 'Western Kentucky'}
  Fetching game stats 117/120: Western Michigan
    [cache] /games/players {'year': 2009, 'seasonType': 'regular', 'team': 'Western Michigan'}
  Fetching game stats 118/120: West Virginia
    [cache] /games/players {'year': 2009, 'seasonType': 'regular', 'team': 'West Virginia'}
  Fetching game stats 119/120: Wisconsin
    [cache] /games/players {'year': 2009, 'seasonType': 'regular', 'team': 'Wisconsin'}
  Fetching game stats 120/120: Wyoming
    [cache] /games/players {'year': 2009, 'seasonType': 'regular', 'team': 'Wyoming'}
  774 unique games with player stats fetched

[6c] Fetching drives and plays by week (weeks 1-16)...
    drives week 1/16
    [cache] /drives {'year': 2009, 'week': 1, 'seasonType': 'regular'}
    drives week 2/16
    [cache] /drives {'year': 2009, 'week': 2, 'seasonType': 'regular'}
    drives week 3/16
    [cache] /drives {'year': 2009, 'week': 3, 'seasonType': 'regular'}
    drives week 4/16
    [cache] /drives {'year': 2009, 'week': 4, 'seasonType': 'regular'}
    drives week 5/16
    [cache] /drives {'year': 2009, 'week': 5, 'seasonType': 'regular'}
    drives week 6/16
    [cache] /drives {'year': 2009, 'week': 6, 'seasonType': 'regular'}
    drives week 7/16
    [cache] /drives {'year': 2009, 'week': 7, 'seasonType': 'regular'}
    drives week 8/16
    [cache] /drives {'year': 2009, 'week': 8, 'seasonType': 'regular'}
    drives week 9/16
    [cache] /drives {'year': 2009, 'week': 9, 'seasonType': 'regular'}
    drives week 10/16
    [cache] /drives {'year': 2009, 'week': 10, 'seasonType': 'regular'}
    drives week 11/16
    [cache] /drives {'year': 2009, 'week': 11, 'seasonType': 'regular'}
    drives week 12/16
    [cache] /drives {'year': 2009, 'week': 12, 'seasonType': 'regular'}
    drives week 13/16
    [cache] /drives {'year': 2009, 'week': 13, 'seasonType': 'regular'}
    drives week 14/16
    [cache] /drives {'year': 2009, 'week': 14, 'seasonType': 'regular'}
    drives week 15/16
    [cache] /drives {'year': 2009, 'week': 15, 'seasonType': 'regular'}
    drives week 16/16
    [cache] /drives {'year': 2009, 'week': 16, 'seasonType': 'regular'}
  19331 total drives fetched
    plays week 1/16
    [cache] /plays {'year': 2009, 'week': 1, 'seasonType': 'regular'}
    plays week 2/16
    [cache] /plays {'year': 2009, 'week': 2, 'seasonType': 'regular'}
    plays week 3/16
    [cache] /plays {'year': 2009, 'week': 3, 'seasonType': 'regular'}
    plays week 4/16
    [cache] /plays {'year': 2009, 'week': 4, 'seasonType': 'regular'}
    plays week 5/16
    [cache] /plays {'year': 2009, 'week': 5, 'seasonType': 'regular'}
    plays week 6/16
    [cache] /plays {'year': 2009, 'week': 6, 'seasonType': 'regular'}
    plays week 7/16
    [cache] /plays {'year': 2009, 'week': 7, 'seasonType': 'regular'}
    plays week 8/16
    [cache] /plays {'year': 2009, 'week': 8, 'seasonType': 'regular'}
    plays week 9/16
    [cache] /plays {'year': 2009, 'week': 9, 'seasonType': 'regular'}
    plays week 10/16
    [cache] /plays {'year': 2009, 'week': 10, 'seasonType': 'regular'}
    plays week 11/16
    [cache] /plays {'year': 2009, 'week': 11, 'seasonType': 'regular'}
    plays week 12/16
    [cache] /plays {'year': 2009, 'week': 12, 'seasonType': 'regular'}
    plays week 13/16
    [cache] /plays {'year': 2009, 'week': 13, 'seasonType': 'regular'}
    plays week 14/16
    [cache] /plays {'year': 2009, 'week': 14, 'seasonType': 'regular'}
    plays week 15/16
    [cache] /plays {'year': 2009, 'week': 15, 'seasonType': 'regular'}
    plays week 16/16
    [cache] /plays {'year': 2009, 'week': 16, 'seasonType': 'regular'}
  134983 total plays fetched
  1486 rushers with parsed carry data (538 QBs excluded)

[7/7] Processing ratings...
  Building opponent-weighted stats from gamelog...
  3512 players with opponent-weighted stats
Building player gamelogs (early pass for gamelog-derived skills)...
  Gamelog-derived skills computed for 3512 players
Normalizing ratings...
Applying backup/no-data tier ratings...
  6142 backup/no-data players rated via star-anchor pathway
  OL boosts applied to 3 player(s) (draft/awards/continuity)
Computing team ratings...
Generating public names...

  Year 2009 rating distribution:
    40-49:  4209 (33%) ################
    50-59:  2838 (22%) ###########
    60-69:  2766 (21%) ##########
    70-79:  1895 (15%) #######
    80-89:   777 ( 6%) ###
    90-99:   126 ( 0%) 
    Min=40 Max=97 Median=58
  120 teams, 12611 players.
Building schedule, drives, and plays...
  1434 games, 3512 players with gamelogs
  19331 drives, 134983 plays

Writing to C:\Projects\CFB-Video-Game\app\assets\data/
  2009/teams_private.json: 120 entries
  2009/teams_public.json: 120 entries
  2009/players_private.json: 12611 entries
  2009/players_public.json: 12611 entries
  2009/ratings.json: 12611 entries
  2009/team_schedule.json: 1434 entries
  2009/player_gamelog.json: 3512 keys, 18695 entries
  2009/team_drives.json: 193 keys, 19331 entries
  2009/team_plays_wk*.json.gz: 15 weeks, 134983 plays
  Loaded 12611 player IDs from 2009 for continuity check

============================================================
  PROCESSING YEAR 2010
============================================================

[1/7] Fetching FBS teams...
    [cache] /teams/fbs {'year': 2010}
  Found 120 teams

[2/7] Fetching rosters...
  Fetching roster 1/120: Air Force
    [cache] /roster {'team': 'Air Force', 'year': 2010}
  Fetching roster 2/120: Akron
    [cache] /roster {'team': 'Akron', 'year': 2010}
  Fetching roster 3/120: Alabama
    [cache] /roster {'team': 'Alabama', 'year': 2010}
  Fetching roster 4/120: Arizona
    [cache] /roster {'team': 'Arizona', 'year': 2010}
  Fetching roster 5/120: Arizona State
    [cache] /roster {'team': 'Arizona State', 'year': 2010}
  Fetching roster 6/120: Arkansas
    [cache] /roster {'team': 'Arkansas', 'year': 2010}
  Fetching roster 7/120: Arkansas State
    [cache] /roster {'team': 'Arkansas State', 'year': 2010}
  Fetching roster 8/120: Army
    [cache] /roster {'team': 'Army', 'year': 2010}
  Fetching roster 9/120: Auburn
    [cache] /roster {'team': 'Auburn', 'year': 2010}
  Fetching roster 10/120: Ball State
    [cache] /roster {'team': 'Ball State', 'year': 2010}
  Fetching roster 11/120: Baylor
    [cache] /roster {'team': 'Baylor', 'year': 2010}
  Fetching roster 12/120: Boise State
    [cache] /roster {'team': 'Boise State', 'year': 2010}
  Fetching roster 13/120: Boston College
    [cache] /roster {'team': 'Boston College', 'year': 2010}
  Fetching roster 14/120: Bowling Green
    [cache] /roster {'team': 'Bowling Green', 'year': 2010}
  Fetching roster 15/120: Buffalo
    [cache] /roster {'team': 'Buffalo', 'year': 2010}
  Fetching roster 16/120: BYU
    [cache] /roster {'team': 'BYU', 'year': 2010}
  Fetching roster 17/120: California
    [cache] /roster {'team': 'California', 'year': 2010}
  Fetching roster 18/120: Central Michigan
    [cache] /roster {'team': 'Central Michigan', 'year': 2010}
  Fetching roster 19/120: Cincinnati
    [cache] /roster {'team': 'Cincinnati', 'year': 2010}
  Fetching roster 20/120: Clemson
    [cache] /roster {'team': 'Clemson', 'year': 2010}
  Fetching roster 21/120: Colorado
    [cache] /roster {'team': 'Colorado', 'year': 2010}
  Fetching roster 22/120: Colorado State
    [cache] /roster {'team': 'Colorado State', 'year': 2010}
  Fetching roster 23/120: Duke
    [cache] /roster {'team': 'Duke', 'year': 2010}
  Fetching roster 24/120: East Carolina
    [cache] /roster {'team': 'East Carolina', 'year': 2010}
  Fetching roster 25/120: Eastern Michigan
    [cache] /roster {'team': 'Eastern Michigan', 'year': 2010}
  Fetching roster 26/120: Florida
    [cache] /roster {'team': 'Florida', 'year': 2010}
  Fetching roster 27/120: Florida Atlantic
    [cache] /roster {'team': 'Florida Atlantic', 'year': 2010}
  Fetching roster 28/120: Florida International
    [cache] /roster {'team': 'Florida International', 'year': 2010}
  Fetching roster 29/120: Florida State
    [cache] /roster {'team': 'Florida State', 'year': 2010}
  Fetching roster 30/120: Fresno State
    [cache] /roster {'team': 'Fresno State', 'year': 2010}
  Fetching roster 31/120: Georgia
    [cache] /roster {'team': 'Georgia', 'year': 2010}
  Fetching roster 32/120: Georgia Tech
    [cache] /roster {'team': 'Georgia Tech', 'year': 2010}
  Fetching roster 33/120: Hawai'i
    [cache] /roster {'team': "Hawai'i", 'year': 2010}
  Fetching roster 34/120: Houston
    [cache] /roster {'team': 'Houston', 'year': 2010}
  Fetching roster 35/120: Idaho
    [cache] /roster {'team': 'Idaho', 'year': 2010}
  Fetching roster 36/120: Illinois
    [cache] /roster {'team': 'Illinois', 'year': 2010}
  Fetching roster 37/120: Indiana
    [cache] /roster {'team': 'Indiana', 'year': 2010}
  Fetching roster 38/120: Iowa
    [cache] /roster {'team': 'Iowa', 'year': 2010}
  Fetching roster 39/120: Iowa State
    [cache] /roster {'team': 'Iowa State', 'year': 2010}
  Fetching roster 40/120: Kansas
    [cache] /roster {'team': 'Kansas', 'year': 2010}
  Fetching roster 41/120: Kansas State
    [cache] /roster {'team': 'Kansas State', 'year': 2010}
  Fetching roster 42/120: Kent State
    [cache] /roster {'team': 'Kent State', 'year': 2010}
  Fetching roster 43/120: Kentucky
    [cache] /roster {'team': 'Kentucky', 'year': 2010}
  Fetching roster 44/120: Louisiana
    [cache] /roster {'team': 'Louisiana', 'year': 2010}
  Fetching roster 45/120: Louisiana Tech
    [cache] /roster {'team': 'Louisiana Tech', 'year': 2010}
  Fetching roster 46/120: Louisville
    [cache] /roster {'team': 'Louisville', 'year': 2010}
  Fetching roster 47/120: LSU
    [cache] /roster {'team': 'LSU', 'year': 2010}
  Fetching roster 48/120: Marshall
    [cache] /roster {'team': 'Marshall', 'year': 2010}
  Fetching roster 49/120: Maryland
    [cache] /roster {'team': 'Maryland', 'year': 2010}
  Fetching roster 50/120: Memphis
    [cache] /roster {'team': 'Memphis', 'year': 2010}
  Fetching roster 51/120: Miami
    [cache] /roster {'team': 'Miami', 'year': 2010}
  Fetching roster 52/120: Miami (OH)
    [cache] /roster {'team': 'Miami (OH)', 'year': 2010}
  Fetching roster 53/120: Michigan
    [cache] /roster {'team': 'Michigan', 'year': 2010}
  Fetching roster 54/120: Michigan State
    [cache] /roster {'team': 'Michigan State', 'year': 2010}
  Fetching roster 55/120: Middle Tennessee
    [cache] /roster {'team': 'Middle Tennessee', 'year': 2010}
  Fetching roster 56/120: Minnesota
    [cache] /roster {'team': 'Minnesota', 'year': 2010}
  Fetching roster 57/120: Mississippi State
    [cache] /roster {'team': 'Mississippi State', 'year': 2010}
  Fetching roster 58/120: Missouri
    [cache] /roster {'team': 'Missouri', 'year': 2010}
  Fetching roster 59/120: Navy
    [cache] /roster {'team': 'Navy', 'year': 2010}
  Fetching roster 60/120: NC State
    [cache] /roster {'team': 'NC State', 'year': 2010}
  Fetching roster 61/120: Nebraska
    [cache] /roster {'team': 'Nebraska', 'year': 2010}
  Fetching roster 62/120: Nevada
    [cache] /roster {'team': 'Nevada', 'year': 2010}
  Fetching roster 63/120: New Mexico
    [cache] /roster {'team': 'New Mexico', 'year': 2010}
  Fetching roster 64/120: New Mexico State
    [cache] /roster {'team': 'New Mexico State', 'year': 2010}
  Fetching roster 65/120: North Carolina
    [cache] /roster {'team': 'North Carolina', 'year': 2010}
  Fetching roster 66/120: Northern Illinois
    [cache] /roster {'team': 'Northern Illinois', 'year': 2010}
  Fetching roster 67/120: North Texas
    [cache] /roster {'team': 'North Texas', 'year': 2010}
  Fetching roster 68/120: Northwestern
    [cache] /roster {'team': 'Northwestern', 'year': 2010}
  Fetching roster 69/120: Notre Dame
    [cache] /roster {'team': 'Notre Dame', 'year': 2010}
  Fetching roster 70/120: Ohio
    [cache] /roster {'team': 'Ohio', 'year': 2010}
  Fetching roster 71/120: Ohio State
    [cache] /roster {'team': 'Ohio State', 'year': 2010}
  Fetching roster 72/120: Oklahoma
    [cache] /roster {'team': 'Oklahoma', 'year': 2010}
  Fetching roster 73/120: Oklahoma State
    [cache] /roster {'team': 'Oklahoma State', 'year': 2010}
  Fetching roster 74/120: Ole Miss
    [cache] /roster {'team': 'Ole Miss', 'year': 2010}
  Fetching roster 75/120: Oregon
    [cache] /roster {'team': 'Oregon', 'year': 2010}
  Fetching roster 76/120: Oregon State
    [cache] /roster {'team': 'Oregon State', 'year': 2010}
  Fetching roster 77/120: Penn State
    [cache] /roster {'team': 'Penn State', 'year': 2010}
  Fetching roster 78/120: Pittsburgh
    [cache] /roster {'team': 'Pittsburgh', 'year': 2010}
  Fetching roster 79/120: Purdue
    [cache] /roster {'team': 'Purdue', 'year': 2010}
  Fetching roster 80/120: Rice
    [cache] /roster {'team': 'Rice', 'year': 2010}
  Fetching roster 81/120: Rutgers
    [cache] /roster {'team': 'Rutgers', 'year': 2010}
  Fetching roster 82/120: San Diego State
    [cache] /roster {'team': 'San Diego State', 'year': 2010}
  Fetching roster 83/120: San José State
    [cache] /roster {'team': 'San José State', 'year': 2010}
  Fetching roster 84/120: SMU
    [cache] /roster {'team': 'SMU', 'year': 2010}
  Fetching roster 85/120: South Carolina
    [cache] /roster {'team': 'South Carolina', 'year': 2010}
  Fetching roster 86/120: Southern Miss
    [cache] /roster {'team': 'Southern Miss', 'year': 2010}
  Fetching roster 87/120: South Florida
    [cache] /roster {'team': 'South Florida', 'year': 2010}
  Fetching roster 88/120: Stanford
    [cache] /roster {'team': 'Stanford', 'year': 2010}
  Fetching roster 89/120: Syracuse
    [cache] /roster {'team': 'Syracuse', 'year': 2010}
  Fetching roster 90/120: TCU
    [cache] /roster {'team': 'TCU', 'year': 2010}
  Fetching roster 91/120: Temple
    [cache] /roster {'team': 'Temple', 'year': 2010}
  Fetching roster 92/120: Tennessee
    [cache] /roster {'team': 'Tennessee', 'year': 2010}
  Fetching roster 93/120: Texas
    [cache] /roster {'team': 'Texas', 'year': 2010}
  Fetching roster 94/120: Texas A&M
    [cache] /roster {'team': 'Texas A&M', 'year': 2010}
  Fetching roster 95/120: Texas Tech
    [cache] /roster {'team': 'Texas Tech', 'year': 2010}
  Fetching roster 96/120: Toledo
    [cache] /roster {'team': 'Toledo', 'year': 2010}
  Fetching roster 97/120: Troy
    [cache] /roster {'team': 'Troy', 'year': 2010}
  Fetching roster 98/120: Tulane
    [cache] /roster {'team': 'Tulane', 'year': 2010}
  Fetching roster 99/120: Tulsa
    [cache] /roster {'team': 'Tulsa', 'year': 2010}
  Fetching roster 100/120: UAB
    [cache] /roster {'team': 'UAB', 'year': 2010}
  Fetching roster 101/120: UCF
    [cache] /roster {'team': 'UCF', 'year': 2010}
  Fetching roster 102/120: UCLA
    [cache] /roster {'team': 'UCLA', 'year': 2010}
  Fetching roster 103/120: UConn
    [cache] /roster {'team': 'UConn', 'year': 2010}
  Fetching roster 104/120: UL Monroe
    [cache] /roster {'team': 'UL Monroe', 'year': 2010}
  Fetching roster 105/120: UNLV
    [cache] /roster {'team': 'UNLV', 'year': 2010}
  Fetching roster 106/120: USC
    [cache] /roster {'team': 'USC', 'year': 2010}
  Fetching roster 107/120: Utah
    [cache] /roster {'team': 'Utah', 'year': 2010}
  Fetching roster 108/120: Utah State
    [cache] /roster {'team': 'Utah State', 'year': 2010}
  Fetching roster 109/120: UTEP
    [cache] /roster {'team': 'UTEP', 'year': 2010}
  Fetching roster 110/120: Vanderbilt
    [cache] /roster {'team': 'Vanderbilt', 'year': 2010}
  Fetching roster 111/120: Virginia
    [cache] /roster {'team': 'Virginia', 'year': 2010}
  Fetching roster 112/120: Virginia Tech
    [cache] /roster {'team': 'Virginia Tech', 'year': 2010}
  Fetching roster 113/120: Wake Forest
    [cache] /roster {'team': 'Wake Forest', 'year': 2010}
  Fetching roster 114/120: Washington
    [cache] /roster {'team': 'Washington', 'year': 2010}
  Fetching roster 115/120: Washington State
    [cache] /roster {'team': 'Washington State', 'year': 2010}
  Fetching roster 116/120: Western Kentucky
    [cache] /roster {'team': 'Western Kentucky', 'year': 2010}
  Fetching roster 117/120: Western Michigan
    [cache] /roster {'team': 'Western Michigan', 'year': 2010}
  Fetching roster 118/120: West Virginia
    [cache] /roster {'team': 'West Virginia', 'year': 2010}
  Fetching roster 119/120: Wisconsin
    [cache] /roster {'team': 'Wisconsin', 'year': 2010}
  Fetching roster 120/120: Wyoming
    [cache] /roster {'team': 'Wyoming', 'year': 2010}

[3/7] Fetching player stats...
    [cache] /stats/player/season {'year': 2010, 'seasonType': 'regular'}
  3684 player stat entries

[3b] Fetching player usage...
    [cache] /player/usage {'year': 2010, 'seasonType': 'regular'}
  0 usage entries

[3c] Fetching player awards...
    GET /awards {'year': 2010}
    WARNING: /awards {'year': 2010} failed: Expecting value: line 2 column 1 (char 1)
  0 award entries
  0 OL draft picks mapped for 2011 NFL Draft

[4/7] Fetching PPA data...
    [cache] /ppa/players/season {'year': 2010}
  0 PPA entries

[5/7] Fetching team stats + SP+ + talent...
    [cache] /stats/season {'year': 2010}
    [cache] /ratings/sp {'year': 2010}
    [cache] /talent {'year': 2010}

[6/7] Fetching recruiting data...
    Class 2006...
    [cache] /recruiting/players {'year': 2006}
    Class 2007...
    [cache] /recruiting/players {'year': 2007}
    Class 2008...
    [cache] /recruiting/players {'year': 2008}
    Class 2009...
    [cache] /recruiting/players {'year': 2009}
    Class 2010...
    [cache] /recruiting/players {'year': 2010}

[6b] Fetching game results and player game stats (Phase 2)...
    [cache] /games {'year': 2010, 'seasonType': 'regular'}
  1427 games fetched
  Fetching game stats 1/120: Air Force
    [cache] /games/players {'year': 2010, 'seasonType': 'regular', 'team': 'Air Force'}
  Fetching game stats 2/120: Akron
    [cache] /games/players {'year': 2010, 'seasonType': 'regular', 'team': 'Akron'}
  Fetching game stats 3/120: Alabama
    [cache] /games/players {'year': 2010, 'seasonType': 'regular', 'team': 'Alabama'}
  Fetching game stats 4/120: Arizona
    [cache] /games/players {'year': 2010, 'seasonType': 'regular', 'team': 'Arizona'}
  Fetching game stats 5/120: Arizona State
    [cache] /games/players {'year': 2010, 'seasonType': 'regular', 'team': 'Arizona State'}
  Fetching game stats 6/120: Arkansas
    [cache] /games/players {'year': 2010, 'seasonType': 'regular', 'team': 'Arkansas'}
  Fetching game stats 7/120: Arkansas State
    [cache] /games/players {'year': 2010, 'seasonType': 'regular', 'team': 'Arkansas State'}
  Fetching game stats 8/120: Army
    [cache] /games/players {'year': 2010, 'seasonType': 'regular', 'team': 'Army'}
  Fetching game stats 9/120: Auburn
    [cache] /games/players {'year': 2010, 'seasonType': 'regular', 'team': 'Auburn'}
  Fetching game stats 10/120: Ball State
    [cache] /games/players {'year': 2010, 'seasonType': 'regular', 'team': 'Ball State'}
  Fetching game stats 11/120: Baylor
    [cache] /games/players {'year': 2010, 'seasonType': 'regular', 'team': 'Baylor'}
  Fetching game stats 12/120: Boise State
    [cache] /games/players {'year': 2010, 'seasonType': 'regular', 'team': 'Boise State'}
  Fetching game stats 13/120: Boston College
    [cache] /games/players {'year': 2010, 'seasonType': 'regular', 'team': 'Boston College'}
  Fetching game stats 14/120: Bowling Green
    [cache] /games/players {'year': 2010, 'seasonType': 'regular', 'team': 'Bowling Green'}
  Fetching game stats 15/120: Buffalo
    [cache] /games/players {'year': 2010, 'seasonType': 'regular', 'team': 'Buffalo'}
  Fetching game stats 16/120: BYU
    [cache] /games/players {'year': 2010, 'seasonType': 'regular', 'team': 'BYU'}
  Fetching game stats 17/120: California
    [cache] /games/players {'year': 2010, 'seasonType': 'regular', 'team': 'California'}
  Fetching game stats 18/120: Central Michigan
    [cache] /games/players {'year': 2010, 'seasonType': 'regular', 'team': 'Central Michigan'}
  Fetching game stats 19/120: Cincinnati
    [cache] /games/players {'year': 2010, 'seasonType': 'regular', 'team': 'Cincinnati'}
  Fetching game stats 20/120: Clemson
    [cache] /games/players {'year': 2010, 'seasonType': 'regular', 'team': 'Clemson'}
  Fetching game stats 21/120: Colorado
    [cache] /games/players {'year': 2010, 'seasonType': 'regular', 'team': 'Colorado'}
  Fetching game stats 22/120: Colorado State
    [cache] /games/players {'year': 2010, 'seasonType': 'regular', 'team': 'Colorado State'}
  Fetching game stats 23/120: Duke
    [cache] /games/players {'year': 2010, 'seasonType': 'regular', 'team': 'Duke'}
    WARNING: /games/players {'year': 2010, 'seasonType': 'regular', 'team': 'Duke'} failed: Expecting ':' delimiter: line 1 column 32761 (char 32760)
  Fetching game stats 24/120: East Carolina
    [cache] /games/players {'year': 2010, 'seasonType': 'regular', 'team': 'East Carolina'}
  Fetching game stats 25/120: Eastern Michigan
    [cache] /games/players {'year': 2010, 'seasonType': 'regular', 'team': 'Eastern Michigan'}
  Fetching game stats 26/120: Florida
    [cache] /games/players {'year': 2010, 'seasonType': 'regular', 'team': 'Florida'}
  Fetching game stats 27/120: Florida Atlantic
    [cache] /games/players {'year': 2010, 'seasonType': 'regular', 'team': 'Florida Atlantic'}
  Fetching game stats 28/120: Florida International
    [cache] /games/players {'year': 2010, 'seasonType': 'regular', 'team': 'Florida International'}
  Fetching game stats 29/120: Florida State
    [cache] /games/players {'year': 2010, 'seasonType': 'regular', 'team': 'Florida State'}
  Fetching game stats 30/120: Fresno State
    [cache] /games/players {'year': 2010, 'seasonType': 'regular', 'team': 'Fresno State'}
  Fetching game stats 31/120: Georgia
    [cache] /games/players {'year': 2010, 'seasonType': 'regular', 'team': 'Georgia'}
  Fetching game stats 32/120: Georgia Tech
    [cache] /games/players {'year': 2010, 'seasonType': 'regular', 'team': 'Georgia Tech'}
  Fetching game stats 33/120: Hawai'i
    [cache] /games/players {'year': 2010, 'seasonType': 'regular', 'team': "Hawai'i"}
  Fetching game stats 34/120: Houston
    [cache] /games/players {'year': 2010, 'seasonType': 'regular', 'team': 'Houston'}
  Fetching game stats 35/120: Idaho
    [cache] /games/players {'year': 2010, 'seasonType': 'regular', 'team': 'Idaho'}
  Fetching game stats 36/120: Illinois
    [cache] /games/players {'year': 2010, 'seasonType': 'regular', 'team': 'Illinois'}
  Fetching game stats 37/120: Indiana
    [cache] /games/players {'year': 2010, 'seasonType': 'regular', 'team': 'Indiana'}
  Fetching game stats 38/120: Iowa
    [cache] /games/players {'year': 2010, 'seasonType': 'regular', 'team': 'Iowa'}
  Fetching game stats 39/120: Iowa State
    [cache] /games/players {'year': 2010, 'seasonType': 'regular', 'team': 'Iowa State'}
  Fetching game stats 40/120: Kansas
    [cache] /games/players {'year': 2010, 'seasonType': 'regular', 'team': 'Kansas'}
  Fetching game stats 41/120: Kansas State
    [cache] /games/players {'year': 2010, 'seasonType': 'regular', 'team': 'Kansas State'}
  Fetching game stats 42/120: Kent State
    [cache] /games/players {'year': 2010, 'seasonType': 'regular', 'team': 'Kent State'}
  Fetching game stats 43/120: Kentucky
    [cache] /games/players {'year': 2010, 'seasonType': 'regular', 'team': 'Kentucky'}
  Fetching game stats 44/120: Louisiana
    [cache] /games/players {'year': 2010, 'seasonType': 'regular', 'team': 'Louisiana'}
  Fetching game stats 45/120: Louisiana Tech
    [cache] /games/players {'year': 2010, 'seasonType': 'regular', 'team': 'Louisiana Tech'}
  Fetching game stats 46/120: Louisville
    [cache] /games/players {'year': 2010, 'seasonType': 'regular', 'team': 'Louisville'}
  Fetching game stats 47/120: LSU
    [cache] /games/players {'year': 2010, 'seasonType': 'regular', 'team': 'LSU'}
  Fetching game stats 48/120: Marshall
    [cache] /games/players {'year': 2010, 'seasonType': 'regular', 'team': 'Marshall'}
  Fetching game stats 49/120: Maryland
    [cache] /games/players {'year': 2010, 'seasonType': 'regular', 'team': 'Maryland'}
  Fetching game stats 50/120: Memphis
    [cache] /games/players {'year': 2010, 'seasonType': 'regular', 'team': 'Memphis'}
  Fetching game stats 51/120: Miami
    [cache] /games/players {'year': 2010, 'seasonType': 'regular', 'team': 'Miami'}
  Fetching game stats 52/120: Miami (OH)
    [cache] /games/players {'year': 2010, 'seasonType': 'regular', 'team': 'Miami (OH)'}
  Fetching game stats 53/120: Michigan
    [cache] /games/players {'year': 2010, 'seasonType': 'regular', 'team': 'Michigan'}
  Fetching game stats 54/120: Michigan State
    [cache] /games/players {'year': 2010, 'seasonType': 'regular', 'team': 'Michigan State'}
  Fetching game stats 55/120: Middle Tennessee
    [cache] /games/players {'year': 2010, 'seasonType': 'regular', 'team': 'Middle Tennessee'}
  Fetching game stats 56/120: Minnesota
    [cache] /games/players {'year': 2010, 'seasonType': 'regular', 'team': 'Minnesota'}
  Fetching game stats 57/120: Mississippi State
    [cache] /games/players {'year': 2010, 'seasonType': 'regular', 'team': 'Mississippi State'}
  Fetching game stats 58/120: Missouri
    [cache] /games/players {'year': 2010, 'seasonType': 'regular', 'team': 'Missouri'}
  Fetching game stats 59/120: Navy
    [cache] /games/players {'year': 2010, 'seasonType': 'regular', 'team': 'Navy'}
  Fetching game stats 60/120: NC State
    [cache] /games/players {'year': 2010, 'seasonType': 'regular', 'team': 'NC State'}
  Fetching game stats 61/120: Nebraska
    [cache] /games/players {'year': 2010, 'seasonType': 'regular', 'team': 'Nebraska'}
  Fetching game stats 62/120: Nevada
    [cache] /games/players {'year': 2010, 'seasonType': 'regular', 'team': 'Nevada'}
  Fetching game stats 63/120: New Mexico
    [cache] /games/players {'year': 2010, 'seasonType': 'regular', 'team': 'New Mexico'}
  Fetching game stats 64/120: New Mexico State
    [cache] /games/players {'year': 2010, 'seasonType': 'regular', 'team': 'New Mexico State'}
  Fetching game stats 65/120: North Carolina
    [cache] /games/players {'year': 2010, 'seasonType': 'regular', 'team': 'North Carolina'}
  Fetching game stats 66/120: Northern Illinois
    [cache] /games/players {'year': 2010, 'seasonType': 'regular', 'team': 'Northern Illinois'}
  Fetching game stats 67/120: North Texas
    [cache] /games/players {'year': 2010, 'seasonType': 'regular', 'team': 'North Texas'}
  Fetching game stats 68/120: Northwestern
    [cache] /games/players {'year': 2010, 'seasonType': 'regular', 'team': 'Northwestern'}
  Fetching game stats 69/120: Notre Dame
    [cache] /games/players {'year': 2010, 'seasonType': 'regular', 'team': 'Notre Dame'}
  Fetching game stats 70/120: Ohio
    [cache] /games/players {'year': 2010, 'seasonType': 'regular', 'team': 'Ohio'}
  Fetching game stats 71/120: Ohio State
    [cache] /games/players {'year': 2010, 'seasonType': 'regular', 'team': 'Ohio State'}
  Fetching game stats 72/120: Oklahoma
    [cache] /games/players {'year': 2010, 'seasonType': 'regular', 'team': 'Oklahoma'}
  Fetching game stats 73/120: Oklahoma State
    [cache] /games/players {'year': 2010, 'seasonType': 'regular', 'team': 'Oklahoma State'}
  Fetching game stats 74/120: Ole Miss
    [cache] /games/players {'year': 2010, 'seasonType': 'regular', 'team': 'Ole Miss'}
  Fetching game stats 75/120: Oregon
    [cache] /games/players {'year': 2010, 'seasonType': 'regular', 'team': 'Oregon'}
  Fetching game stats 76/120: Oregon State
    [cache] /games/players {'year': 2010, 'seasonType': 'regular', 'team': 'Oregon State'}
  Fetching game stats 77/120: Penn State
    [cache] /games/players {'year': 2010, 'seasonType': 'regular', 'team': 'Penn State'}
  Fetching game stats 78/120: Pittsburgh
    [cache] /games/players {'year': 2010, 'seasonType': 'regular', 'team': 'Pittsburgh'}
  Fetching game stats 79/120: Purdue
    [cache] /games/players {'year': 2010, 'seasonType': 'regular', 'team': 'Purdue'}
  Fetching game stats 80/120: Rice
    [cache] /games/players {'year': 2010, 'seasonType': 'regular', 'team': 'Rice'}
  Fetching game stats 81/120: Rutgers
    [cache] /games/players {'year': 2010, 'seasonType': 'regular', 'team': 'Rutgers'}
  Fetching game stats 82/120: San Diego State
    [cache] /games/players {'year': 2010, 'seasonType': 'regular', 'team': 'San Diego State'}
  Fetching game stats 83/120: San José State
    [cache] /games/players {'year': 2010, 'seasonType': 'regular', 'team': 'San José State'}
  Fetching game stats 84/120: SMU
    [cache] /games/players {'year': 2010, 'seasonType': 'regular', 'team': 'SMU'}
  Fetching game stats 85/120: South Carolina
    [cache] /games/players {'year': 2010, 'seasonType': 'regular', 'team': 'South Carolina'}
  Fetching game stats 86/120: Southern Miss
    [cache] /games/players {'year': 2010, 'seasonType': 'regular', 'team': 'Southern Miss'}
  Fetching game stats 87/120: South Florida
    [cache] /games/players {'year': 2010, 'seasonType': 'regular', 'team': 'South Florida'}
  Fetching game stats 88/120: Stanford
    [cache] /games/players {'year': 2010, 'seasonType': 'regular', 'team': 'Stanford'}
  Fetching game stats 89/120: Syracuse
    [cache] /games/players {'year': 2010, 'seasonType': 'regular', 'team': 'Syracuse'}
  Fetching game stats 90/120: TCU
    [cache] /games/players {'year': 2010, 'seasonType': 'regular', 'team': 'TCU'}
  Fetching game stats 91/120: Temple
    [cache] /games/players {'year': 2010, 'seasonType': 'regular', 'team': 'Temple'}
  Fetching game stats 92/120: Tennessee
    [cache] /games/players {'year': 2010, 'seasonType': 'regular', 'team': 'Tennessee'}
  Fetching game stats 93/120: Texas
    [cache] /games/players {'year': 2010, 'seasonType': 'regular', 'team': 'Texas'}
  Fetching game stats 94/120: Texas A&M
    [cache] /games/players {'year': 2010, 'seasonType': 'regular', 'team': 'Texas A&M'}
  Fetching game stats 95/120: Texas Tech
    [cache] /games/players {'year': 2010, 'seasonType': 'regular', 'team': 'Texas Tech'}
  Fetching game stats 96/120: Toledo
    [cache] /games/players {'year': 2010, 'seasonType': 'regular', 'team': 'Toledo'}
  Fetching game stats 97/120: Troy
    [cache] /games/players {'year': 2010, 'seasonType': 'regular', 'team': 'Troy'}
  Fetching game stats 98/120: Tulane
    [cache] /games/players {'year': 2010, 'seasonType': 'regular', 'team': 'Tulane'}
  Fetching game stats 99/120: Tulsa
    [cache] /games/players {'year': 2010, 'seasonType': 'regular', 'team': 'Tulsa'}
  Fetching game stats 100/120: UAB
    [cache] /games/players {'year': 2010, 'seasonType': 'regular', 'team': 'UAB'}
  Fetching game stats 101/120: UCF
    [cache] /games/players {'year': 2010, 'seasonType': 'regular', 'team': 'UCF'}
  Fetching game stats 102/120: UCLA
    [cache] /games/players {'year': 2010, 'seasonType': 'regular', 'team': 'UCLA'}
  Fetching game stats 103/120: UConn
    [cache] /games/players {'year': 2010, 'seasonType': 'regular', 'team': 'UConn'}
  Fetching game stats 104/120: UL Monroe
    [cache] /games/players {'year': 2010, 'seasonType': 'regular', 'team': 'UL Monroe'}
  Fetching game stats 105/120: UNLV
    [cache] /games/players {'year': 2010, 'seasonType': 'regular', 'team': 'UNLV'}
  Fetching game stats 106/120: USC
    [cache] /games/players {'year': 2010, 'seasonType': 'regular', 'team': 'USC'}
  Fetching game stats 107/120: Utah
    [cache] /games/players {'year': 2010, 'seasonType': 'regular', 'team': 'Utah'}
  Fetching game stats 108/120: Utah State
    [cache] /games/players {'year': 2010, 'seasonType': 'regular', 'team': 'Utah State'}
  Fetching game stats 109/120: UTEP
    [cache] /games/players {'year': 2010, 'seasonType': 'regular', 'team': 'UTEP'}
  Fetching game stats 110/120: Vanderbilt
    [cache] /games/players {'year': 2010, 'seasonType': 'regular', 'team': 'Vanderbilt'}
  Fetching game stats 111/120: Virginia
    [cache] /games/players {'year': 2010, 'seasonType': 'regular', 'team': 'Virginia'}
  Fetching game stats 112/120: Virginia Tech
    [cache] /games/players {'year': 2010, 'seasonType': 'regular', 'team': 'Virginia Tech'}
  Fetching game stats 113/120: Wake Forest
    [cache] /games/players {'year': 2010, 'seasonType': 'regular', 'team': 'Wake Forest'}
  Fetching game stats 114/120: Washington
    [cache] /games/players {'year': 2010, 'seasonType': 'regular', 'team': 'Washington'}
  Fetching game stats 115/120: Washington State
    [cache] /games/players {'year': 2010, 'seasonType': 'regular', 'team': 'Washington State'}
    WARNING: /games/players {'year': 2010, 'seasonType': 'regular', 'team': 'Washington State'} failed: Expecting ':' delimiter: line 1 column 32768 (char 32767)
  Fetching game stats 116/120: Western Kentucky
    [cache] /games/players {'year': 2010, 'seasonType': 'regular', 'team': 'Western Kentucky'}
  Fetching game stats 117/120: Western Michigan
    [cache] /games/players {'year': 2010, 'seasonType': 'regular', 'team': 'Western Michigan'}
  Fetching game stats 118/120: West Virginia
    [cache] /games/players {'year': 2010, 'seasonType': 'regular', 'team': 'West Virginia'}
  Fetching game stats 119/120: Wisconsin
    [cache] /games/players {'year': 2010, 'seasonType': 'regular', 'team': 'Wisconsin'}
  Fetching game stats 120/120: Wyoming
    [cache] /games/players {'year': 2010, 'seasonType': 'regular', 'team': 'Wyoming'}
  771 unique games with player stats fetched

[6c] Fetching drives and plays by week (weeks 1-16)...
    drives week 1/16
    [cache] /drives {'year': 2010, 'week': 1, 'seasonType': 'regular'}
    drives week 2/16
    [cache] /drives {'year': 2010, 'week': 2, 'seasonType': 'regular'}
    drives week 3/16
    [cache] /drives {'year': 2010, 'week': 3, 'seasonType': 'regular'}
    drives week 4/16
    [cache] /drives {'year': 2010, 'week': 4, 'seasonType': 'regular'}
    drives week 5/16
    [cache] /drives {'year': 2010, 'week': 5, 'seasonType': 'regular'}
    drives week 6/16
    [cache] /drives {'year': 2010, 'week': 6, 'seasonType': 'regular'}
    drives week 7/16
    [cache] /drives {'year': 2010, 'week': 7, 'seasonType': 'regular'}
    drives week 8/16
    [cache] /drives {'year': 2010, 'week': 8, 'seasonType': 'regular'}
    drives week 9/16
    [cache] /drives {'year': 2010, 'week': 9, 'seasonType': 'regular'}
    drives week 10/16
    [cache] /drives {'year': 2010, 'week': 10, 'seasonType': 'regular'}
    drives week 11/16
    [cache] /drives {'year': 2010, 'week': 11, 'seasonType': 'regular'}
    drives week 12/16
    [cache] /drives {'year': 2010, 'week': 12, 'seasonType': 'regular'}
    drives week 13/16
    [cache] /drives {'year': 2010, 'week': 13, 'seasonType': 'regular'}
    drives week 14/16
    [cache] /drives {'year': 2010, 'week': 14, 'seasonType': 'regular'}
    drives week 15/16
    [cache] /drives {'year': 2010, 'week': 15, 'seasonType': 'regular'}
    drives week 16/16
    [cache] /drives {'year': 2010, 'week': 16, 'seasonType': 'regular'}
  19254 total drives fetched
    plays week 1/16
    [cache] /plays {'year': 2010, 'week': 1, 'seasonType': 'regular'}
    plays week 2/16
    [cache] /plays {'year': 2010, 'week': 2, 'seasonType': 'regular'}
    plays week 3/16
    [cache] /plays {'year': 2010, 'week': 3, 'seasonType': 'regular'}
    plays week 4/16
    [cache] /plays {'year': 2010, 'week': 4, 'seasonType': 'regular'}
    plays week 5/16
    [cache] /plays {'year': 2010, 'week': 5, 'seasonType': 'regular'}
    plays week 6/16
    [cache] /plays {'year': 2010, 'week': 6, 'seasonType': 'regular'}
    plays week 7/16
    [cache] /plays {'year': 2010, 'week': 7, 'seasonType': 'regular'}
    plays week 8/16
    [cache] /plays {'year': 2010, 'week': 8, 'seasonType': 'regular'}
    plays week 9/16
    [cache] /plays {'year': 2010, 'week': 9, 'seasonType': 'regular'}
    plays week 10/16
    [cache] /plays {'year': 2010, 'week': 10, 'seasonType': 'regular'}
    plays week 11/16
    [cache] /plays {'year': 2010, 'week': 11, 'seasonType': 'regular'}
    plays week 12/16
    [cache] /plays {'year': 2010, 'week': 12, 'seasonType': 'regular'}
    plays week 13/16
    [cache] /plays {'year': 2010, 'week': 13, 'seasonType': 'regular'}
    plays week 14/16
    [cache] /plays {'year': 2010, 'week': 14, 'seasonType': 'regular'}
    plays week 15/16
    [cache] /plays {'year': 2010, 'week': 15, 'seasonType': 'regular'}
    plays week 16/16
    [cache] /plays {'year': 2010, 'week': 16, 'seasonType': 'regular'}
  135196 total plays fetched
  1521 rushers with parsed carry data (548 QBs excluded)

[7/7] Processing ratings...
  Building opponent-weighted stats from gamelog...
  3543 players with opponent-weighted stats
Building player gamelogs (early pass for gamelog-derived skills)...
  Gamelog-derived skills computed for 3543 players
Normalizing ratings...
Applying backup/no-data tier ratings...
  6525 backup/no-data players rated via star-anchor pathway
  OL boosts applied to 1004 player(s) (draft/awards/continuity)
Computing team ratings...
Generating public names...

  Year 2010 rating distribution:
    40-49:  4388 (33%) ################
    50-59:  2665 (20%) ##########
    60-69:  2898 (22%) ###########
    70-79:  2216 (16%) ########
    80-89:   772 ( 5%) ##
    90-99:   133 ( 1%) 
    Min=40 Max=97 Median=58
  120 teams, 13072 players.
Building schedule, drives, and plays...
  1427 games, 3543 players with gamelogs
  19254 drives, 135196 plays

Writing to C:\Projects\CFB-Video-Game\app\assets\data/
  2010/teams_private.json: 120 entries
  2010/teams_public.json: 120 entries
  2010/players_private.json: 13072 entries
  2010/players_public.json: 13072 entries
  2010/ratings.json: 13072 entries
  2010/team_schedule.json: 1427 entries
  2010/player_gamelog.json: 3543 keys, 18807 entries
  2010/team_drives.json: 192 keys, 19254 entries
  2010/team_plays_wk*.json.gz: 15 weeks, 135196 plays
  Loaded 13072 player IDs from 2010 for continuity check

============================================================
  PROCESSING YEAR 2011
============================================================

[1/7] Fetching FBS teams...
    [cache] /teams/fbs {'year': 2011}
  Found 120 teams

[2/7] Fetching rosters...
  Fetching roster 1/120: Air Force
    [cache] /roster {'team': 'Air Force', 'year': 2011}
  Fetching roster 2/120: Akron
    [cache] /roster {'team': 'Akron', 'year': 2011}
  Fetching roster 3/120: Alabama
    [cache] /roster {'team': 'Alabama', 'year': 2011}
  Fetching roster 4/120: Arizona
    [cache] /roster {'team': 'Arizona', 'year': 2011}
  Fetching roster 5/120: Arizona State
    [cache] /roster {'team': 'Arizona State', 'year': 2011}
  Fetching roster 6/120: Arkansas
    [cache] /roster {'team': 'Arkansas', 'year': 2011}
  Fetching roster 7/120: Arkansas State
    [cache] /roster {'team': 'Arkansas State', 'year': 2011}
  Fetching roster 8/120: Army
    [cache] /roster {'team': 'Army', 'year': 2011}
  Fetching roster 9/120: Auburn
    [cache] /roster {'team': 'Auburn', 'year': 2011}
  Fetching roster 10/120: Ball State
    [cache] /roster {'team': 'Ball State', 'year': 2011}
  Fetching roster 11/120: Baylor
    [cache] /roster {'team': 'Baylor', 'year': 2011}
  Fetching roster 12/120: Boise State
    [cache] /roster {'team': 'Boise State', 'year': 2011}
  Fetching roster 13/120: Boston College
    [cache] /roster {'team': 'Boston College', 'year': 2011}
  Fetching roster 14/120: Bowling Green
    [cache] /roster {'team': 'Bowling Green', 'year': 2011}
  Fetching roster 15/120: Buffalo
    [cache] /roster {'team': 'Buffalo', 'year': 2011}
  Fetching roster 16/120: BYU
    [cache] /roster {'team': 'BYU', 'year': 2011}
  Fetching roster 17/120: California
    [cache] /roster {'team': 'California', 'year': 2011}
  Fetching roster 18/120: Central Michigan
    [cache] /roster {'team': 'Central Michigan', 'year': 2011}
  Fetching roster 19/120: Cincinnati
    [cache] /roster {'team': 'Cincinnati', 'year': 2011}
  Fetching roster 20/120: Clemson
    [cache] /roster {'team': 'Clemson', 'year': 2011}
  Fetching roster 21/120: Colorado
    [cache] /roster {'team': 'Colorado', 'year': 2011}
  Fetching roster 22/120: Colorado State
    [cache] /roster {'team': 'Colorado State', 'year': 2011}
  Fetching roster 23/120: Duke
    [cache] /roster {'team': 'Duke', 'year': 2011}
  Fetching roster 24/120: East Carolina
    [cache] /roster {'team': 'East Carolina', 'year': 2011}
  Fetching roster 25/120: Eastern Michigan
    [cache] /roster {'team': 'Eastern Michigan', 'year': 2011}
  Fetching roster 26/120: Florida
    [cache] /roster {'team': 'Florida', 'year': 2011}
  Fetching roster 27/120: Florida Atlantic
    [cache] /roster {'team': 'Florida Atlantic', 'year': 2011}
  Fetching roster 28/120: Florida International
    [cache] /roster {'team': 'Florida International', 'year': 2011}
  Fetching roster 29/120: Florida State
    [cache] /roster {'team': 'Florida State', 'year': 2011}
  Fetching roster 30/120: Fresno State
    [cache] /roster {'team': 'Fresno State', 'year': 2011}
  Fetching roster 31/120: Georgia
    [cache] /roster {'team': 'Georgia', 'year': 2011}
  Fetching roster 32/120: Georgia Tech
    [cache] /roster {'team': 'Georgia Tech', 'year': 2011}
  Fetching roster 33/120: Hawai'i
    [cache] /roster {'team': "Hawai'i", 'year': 2011}
  Fetching roster 34/120: Houston
    [cache] /roster {'team': 'Houston', 'year': 2011}
  Fetching roster 35/120: Idaho
    [cache] /roster {'team': 'Idaho', 'year': 2011}
  Fetching roster 36/120: Illinois
    [cache] /roster {'team': 'Illinois', 'year': 2011}
  Fetching roster 37/120: Indiana
    [cache] /roster {'team': 'Indiana', 'year': 2011}
  Fetching roster 38/120: Iowa
    [cache] /roster {'team': 'Iowa', 'year': 2011}
  Fetching roster 39/120: Iowa State
    [cache] /roster {'team': 'Iowa State', 'year': 2011}
  Fetching roster 40/120: Kansas
    [cache] /roster {'team': 'Kansas', 'year': 2011}
  Fetching roster 41/120: Kansas State
    [cache] /roster {'team': 'Kansas State', 'year': 2011}
  Fetching roster 42/120: Kent State
    [cache] /roster {'team': 'Kent State', 'year': 2011}
  Fetching roster 43/120: Kentucky
    [cache] /roster {'team': 'Kentucky', 'year': 2011}
  Fetching roster 44/120: Louisiana
    [cache] /roster {'team': 'Louisiana', 'year': 2011}
  Fetching roster 45/120: Louisiana Tech
    [cache] /roster {'team': 'Louisiana Tech', 'year': 2011}
  Fetching roster 46/120: Louisville
    [cache] /roster {'team': 'Louisville', 'year': 2011}
  Fetching roster 47/120: LSU
    [cache] /roster {'team': 'LSU', 'year': 2011}
  Fetching roster 48/120: Marshall
    [cache] /roster {'team': 'Marshall', 'year': 2011}
  Fetching roster 49/120: Maryland
    [cache] /roster {'team': 'Maryland', 'year': 2011}
  Fetching roster 50/120: Memphis
    [cache] /roster {'team': 'Memphis', 'year': 2011}
  Fetching roster 51/120: Miami
    [cache] /roster {'team': 'Miami', 'year': 2011}
  Fetching roster 52/120: Miami (OH)
    [cache] /roster {'team': 'Miami (OH)', 'year': 2011}
  Fetching roster 53/120: Michigan
    [cache] /roster {'team': 'Michigan', 'year': 2011}
  Fetching roster 54/120: Michigan State
    [cache] /roster {'team': 'Michigan State', 'year': 2011}
  Fetching roster 55/120: Middle Tennessee
    [cache] /roster {'team': 'Middle Tennessee', 'year': 2011}
  Fetching roster 56/120: Minnesota
    [cache] /roster {'team': 'Minnesota', 'year': 2011}
  Fetching roster 57/120: Mississippi State
    [cache] /roster {'team': 'Mississippi State', 'year': 2011}
  Fetching roster 58/120: Missouri
    [cache] /roster {'team': 'Missouri', 'year': 2011}
  Fetching roster 59/120: Navy
    [cache] /roster {'team': 'Navy', 'year': 2011}
  Fetching roster 60/120: NC State
    [cache] /roster {'team': 'NC State', 'year': 2011}
  Fetching roster 61/120: Nebraska
    [cache] /roster {'team': 'Nebraska', 'year': 2011}
  Fetching roster 62/120: Nevada
    [cache] /roster {'team': 'Nevada', 'year': 2011}
  Fetching roster 63/120: New Mexico
    [cache] /roster {'team': 'New Mexico', 'year': 2011}
  Fetching roster 64/120: New Mexico State
    [cache] /roster {'team': 'New Mexico State', 'year': 2011}
  Fetching roster 65/120: North Carolina
    [cache] /roster {'team': 'North Carolina', 'year': 2011}
  Fetching roster 66/120: Northern Illinois
    [cache] /roster {'team': 'Northern Illinois', 'year': 2011}
  Fetching roster 67/120: North Texas
    [cache] /roster {'team': 'North Texas', 'year': 2011}
  Fetching roster 68/120: Northwestern
    [cache] /roster {'team': 'Northwestern', 'year': 2011}
  Fetching roster 69/120: Notre Dame
    [cache] /roster {'team': 'Notre Dame', 'year': 2011}
  Fetching roster 70/120: Ohio
    [cache] /roster {'team': 'Ohio', 'year': 2011}
  Fetching roster 71/120: Ohio State
    [cache] /roster {'team': 'Ohio State', 'year': 2011}
  Fetching roster 72/120: Oklahoma
    [cache] /roster {'team': 'Oklahoma', 'year': 2011}
  Fetching roster 73/120: Oklahoma State
    [cache] /roster {'team': 'Oklahoma State', 'year': 2011}
  Fetching roster 74/120: Ole Miss
    [cache] /roster {'team': 'Ole Miss', 'year': 2011}
  Fetching roster 75/120: Oregon
    [cache] /roster {'team': 'Oregon', 'year': 2011}
  Fetching roster 76/120: Oregon State
    [cache] /roster {'team': 'Oregon State', 'year': 2011}
  Fetching roster 77/120: Penn State
    [cache] /roster {'team': 'Penn State', 'year': 2011}
  Fetching roster 78/120: Pittsburgh
    [cache] /roster {'team': 'Pittsburgh', 'year': 2011}
  Fetching roster 79/120: Purdue
    [cache] /roster {'team': 'Purdue', 'year': 2011}
  Fetching roster 80/120: Rice
    [cache] /roster {'team': 'Rice', 'year': 2011}
  Fetching roster 81/120: Rutgers
    [cache] /roster {'team': 'Rutgers', 'year': 2011}
  Fetching roster 82/120: San Diego State
    [cache] /roster {'team': 'San Diego State', 'year': 2011}
  Fetching roster 83/120: San José State
    [cache] /roster {'team': 'San José State', 'year': 2011}
  Fetching roster 84/120: SMU
    [cache] /roster {'team': 'SMU', 'year': 2011}
  Fetching roster 85/120: South Carolina
    [cache] /roster {'team': 'South Carolina', 'year': 2011}
  Fetching roster 86/120: Southern Miss
    [cache] /roster {'team': 'Southern Miss', 'year': 2011}
  Fetching roster 87/120: South Florida
    [cache] /roster {'team': 'South Florida', 'year': 2011}
  Fetching roster 88/120: Stanford
    [cache] /roster {'team': 'Stanford', 'year': 2011}
  Fetching roster 89/120: Syracuse
    [cache] /roster {'team': 'Syracuse', 'year': 2011}
  Fetching roster 90/120: TCU
    [cache] /roster {'team': 'TCU', 'year': 2011}
  Fetching roster 91/120: Temple
    [cache] /roster {'team': 'Temple', 'year': 2011}
  Fetching roster 92/120: Tennessee
    [cache] /roster {'team': 'Tennessee', 'year': 2011}
  Fetching roster 93/120: Texas
    [cache] /roster {'team': 'Texas', 'year': 2011}
  Fetching roster 94/120: Texas A&M
    [cache] /roster {'team': 'Texas A&M', 'year': 2011}
  Fetching roster 95/120: Texas Tech
    [cache] /roster {'team': 'Texas Tech', 'year': 2011}
  Fetching roster 96/120: Toledo
    [cache] /roster {'team': 'Toledo', 'year': 2011}
  Fetching roster 97/120: Troy
    [cache] /roster {'team': 'Troy', 'year': 2011}
  Fetching roster 98/120: Tulane
    [cache] /roster {'team': 'Tulane', 'year': 2011}
  Fetching roster 99/120: Tulsa
    [cache] /roster {'team': 'Tulsa', 'year': 2011}
  Fetching roster 100/120: UAB
    [cache] /roster {'team': 'UAB', 'year': 2011}
  Fetching roster 101/120: UCF
    [cache] /roster {'team': 'UCF', 'year': 2011}
  Fetching roster 102/120: UCLA
    [cache] /roster {'team': 'UCLA', 'year': 2011}
  Fetching roster 103/120: UConn
    [cache] /roster {'team': 'UConn', 'year': 2011}
  Fetching roster 104/120: UL Monroe
    [cache] /roster {'team': 'UL Monroe', 'year': 2011}
  Fetching roster 105/120: UNLV
    [cache] /roster {'team': 'UNLV', 'year': 2011}
  Fetching roster 106/120: USC
    [cache] /roster {'team': 'USC', 'year': 2011}
  Fetching roster 107/120: Utah
    [cache] /roster {'team': 'Utah', 'year': 2011}
  Fetching roster 108/120: Utah State
    [cache] /roster {'team': 'Utah State', 'year': 2011}
  Fetching roster 109/120: UTEP
    [cache] /roster {'team': 'UTEP', 'year': 2011}
  Fetching roster 110/120: Vanderbilt
    [cache] /roster {'team': 'Vanderbilt', 'year': 2011}
  Fetching roster 111/120: Virginia
    [cache] /roster {'team': 'Virginia', 'year': 2011}
  Fetching roster 112/120: Virginia Tech
    [cache] /roster {'team': 'Virginia Tech', 'year': 2011}
  Fetching roster 113/120: Wake Forest
    [cache] /roster {'team': 'Wake Forest', 'year': 2011}
  Fetching roster 114/120: Washington
    [cache] /roster {'team': 'Washington', 'year': 2011}
  Fetching roster 115/120: Washington State
    [cache] /roster {'team': 'Washington State', 'year': 2011}
  Fetching roster 116/120: Western Kentucky
    [cache] /roster {'team': 'Western Kentucky', 'year': 2011}
  Fetching roster 117/120: Western Michigan
    [cache] /roster {'team': 'Western Michigan', 'year': 2011}
  Fetching roster 118/120: West Virginia
    [cache] /roster {'team': 'West Virginia', 'year': 2011}
  Fetching roster 119/120: Wisconsin
    [cache] /roster {'team': 'Wisconsin', 'year': 2011}
  Fetching roster 120/120: Wyoming
    [cache] /roster {'team': 'Wyoming', 'year': 2011}

[3/7] Fetching player stats...
    [cache] /stats/player/season {'year': 2011, 'seasonType': 'regular'}
  3768 player stat entries

[3b] Fetching player usage...
    [cache] /player/usage {'year': 2011, 'seasonType': 'regular'}
  0 usage entries

[3c] Fetching player awards...
    GET /awards {'year': 2011}
    WARNING: /awards {'year': 2011} failed: Expecting value: line 2 column 1 (char 1)
  0 award entries
  0 OL draft picks mapped for 2012 NFL Draft

[4/7] Fetching PPA data...
    [cache] /ppa/players/season {'year': 2011}
  0 PPA entries

[5/7] Fetching team stats + SP+ + talent...
    [cache] /stats/season {'year': 2011}
    [cache] /ratings/sp {'year': 2011}
    [cache] /talent {'year': 2011}

[6/7] Fetching recruiting data...
    Class 2007...
    [cache] /recruiting/players {'year': 2007}
    Class 2008...
    [cache] /recruiting/players {'year': 2008}
    Class 2009...
    [cache] /recruiting/players {'year': 2009}
    Class 2010...
    [cache] /recruiting/players {'year': 2010}
    Class 2011...
    [cache] /recruiting/players {'year': 2011}

[6b] Fetching game results and player game stats (Phase 2)...
    [cache] /games {'year': 2011, 'seasonType': 'regular'}
  1463 games fetched
  Fetching game stats 1/120: Air Force
    [cache] /games/players {'year': 2011, 'seasonType': 'regular', 'team': 'Air Force'}
  Fetching game stats 2/120: Akron
    [cache] /games/players {'year': 2011, 'seasonType': 'regular', 'team': 'Akron'}
  Fetching game stats 3/120: Alabama
    [cache] /games/players {'year': 2011, 'seasonType': 'regular', 'team': 'Alabama'}
  Fetching game stats 4/120: Arizona
    [cache] /games/players {'year': 2011, 'seasonType': 'regular', 'team': 'Arizona'}
  Fetching game stats 5/120: Arizona State
    [cache] /games/players {'year': 2011, 'seasonType': 'regular', 'team': 'Arizona State'}
  Fetching game stats 6/120: Arkansas
    [cache] /games/players {'year': 2011, 'seasonType': 'regular', 'team': 'Arkansas'}
  Fetching game stats 7/120: Arkansas State
    [cache] /games/players {'year': 2011, 'seasonType': 'regular', 'team': 'Arkansas State'}
  Fetching game stats 8/120: Army
    [cache] /games/players {'year': 2011, 'seasonType': 'regular', 'team': 'Army'}
  Fetching game stats 9/120: Auburn
    [cache] /games/players {'year': 2011, 'seasonType': 'regular', 'team': 'Auburn'}
  Fetching game stats 10/120: Ball State
    [cache] /games/players {'year': 2011, 'seasonType': 'regular', 'team': 'Ball State'}
  Fetching game stats 11/120: Baylor
    [cache] /games/players {'year': 2011, 'seasonType': 'regular', 'team': 'Baylor'}
  Fetching game stats 12/120: Boise State
    [cache] /games/players {'year': 2011, 'seasonType': 'regular', 'team': 'Boise State'}
  Fetching game stats 13/120: Boston College
    [cache] /games/players {'year': 2011, 'seasonType': 'regular', 'team': 'Boston College'}
  Fetching game stats 14/120: Bowling Green
    [cache] /games/players {'year': 2011, 'seasonType': 'regular', 'team': 'Bowling Green'}
  Fetching game stats 15/120: Buffalo
    [cache] /games/players {'year': 2011, 'seasonType': 'regular', 'team': 'Buffalo'}
  Fetching game stats 16/120: BYU
    [cache] /games/players {'year': 2011, 'seasonType': 'regular', 'team': 'BYU'}
  Fetching game stats 17/120: California
    [cache] /games/players {'year': 2011, 'seasonType': 'regular', 'team': 'California'}
  Fetching game stats 18/120: Central Michigan
    [cache] /games/players {'year': 2011, 'seasonType': 'regular', 'team': 'Central Michigan'}
  Fetching game stats 19/120: Cincinnati
    [cache] /games/players {'year': 2011, 'seasonType': 'regular', 'team': 'Cincinnati'}
  Fetching game stats 20/120: Clemson
    [cache] /games/players {'year': 2011, 'seasonType': 'regular', 'team': 'Clemson'}
  Fetching game stats 21/120: Colorado
    [cache] /games/players {'year': 2011, 'seasonType': 'regular', 'team': 'Colorado'}
  Fetching game stats 22/120: Colorado State
    [cache] /games/players {'year': 2011, 'seasonType': 'regular', 'team': 'Colorado State'}
  Fetching game stats 23/120: Duke
    [cache] /games/players {'year': 2011, 'seasonType': 'regular', 'team': 'Duke'}
  Fetching game stats 24/120: East Carolina
    [cache] /games/players {'year': 2011, 'seasonType': 'regular', 'team': 'East Carolina'}
  Fetching game stats 25/120: Eastern Michigan
    [cache] /games/players {'year': 2011, 'seasonType': 'regular', 'team': 'Eastern Michigan'}
  Fetching game stats 26/120: Florida
    [cache] /games/players {'year': 2011, 'seasonType': 'regular', 'team': 'Florida'}
  Fetching game stats 27/120: Florida Atlantic
    [cache] /games/players {'year': 2011, 'seasonType': 'regular', 'team': 'Florida Atlantic'}
  Fetching game stats 28/120: Florida International
    [cache] /games/players {'year': 2011, 'seasonType': 'regular', 'team': 'Florida International'}
  Fetching game stats 29/120: Florida State
    [cache] /games/players {'year': 2011, 'seasonType': 'regular', 'team': 'Florida State'}
  Fetching game stats 30/120: Fresno State
    [cache] /games/players {'year': 2011, 'seasonType': 'regular', 'team': 'Fresno State'}
  Fetching game stats 31/120: Georgia
    [cache] /games/players {'year': 2011, 'seasonType': 'regular', 'team': 'Georgia'}
  Fetching game stats 32/120: Georgia Tech
    [cache] /games/players {'year': 2011, 'seasonType': 'regular', 'team': 'Georgia Tech'}
  Fetching game stats 33/120: Hawai'i
    [cache] /games/players {'year': 2011, 'seasonType': 'regular', 'team': "Hawai'i"}
  Fetching game stats 34/120: Houston
    [cache] /games/players {'year': 2011, 'seasonType': 'regular', 'team': 'Houston'}
  Fetching game stats 35/120: Idaho
    [cache] /games/players {'year': 2011, 'seasonType': 'regular', 'team': 'Idaho'}
  Fetching game stats 36/120: Illinois
    [cache] /games/players {'year': 2011, 'seasonType': 'regular', 'team': 'Illinois'}
  Fetching game stats 37/120: Indiana
    [cache] /games/players {'year': 2011, 'seasonType': 'regular', 'team': 'Indiana'}
  Fetching game stats 38/120: Iowa
    [cache] /games/players {'year': 2011, 'seasonType': 'regular', 'team': 'Iowa'}
  Fetching game stats 39/120: Iowa State
    [cache] /games/players {'year': 2011, 'seasonType': 'regular', 'team': 'Iowa State'}
  Fetching game stats 40/120: Kansas
    [cache] /games/players {'year': 2011, 'seasonType': 'regular', 'team': 'Kansas'}
  Fetching game stats 41/120: Kansas State
    [cache] /games/players {'year': 2011, 'seasonType': 'regular', 'team': 'Kansas State'}
  Fetching game stats 42/120: Kent State
    [cache] /games/players {'year': 2011, 'seasonType': 'regular', 'team': 'Kent State'}
  Fetching game stats 43/120: Kentucky
    [cache] /games/players {'year': 2011, 'seasonType': 'regular', 'team': 'Kentucky'}
  Fetching game stats 44/120: Louisiana
    [cache] /games/players {'year': 2011, 'seasonType': 'regular', 'team': 'Louisiana'}
  Fetching game stats 45/120: Louisiana Tech
    [cache] /games/players {'year': 2011, 'seasonType': 'regular', 'team': 'Louisiana Tech'}
  Fetching game stats 46/120: Louisville
    [cache] /games/players {'year': 2011, 'seasonType': 'regular', 'team': 'Louisville'}
  Fetching game stats 47/120: LSU
    [cache] /games/players {'year': 2011, 'seasonType': 'regular', 'team': 'LSU'}
  Fetching game stats 48/120: Marshall
    [cache] /games/players {'year': 2011, 'seasonType': 'regular', 'team': 'Marshall'}
  Fetching game stats 49/120: Maryland
    [cache] /games/players {'year': 2011, 'seasonType': 'regular', 'team': 'Maryland'}
  Fetching game stats 50/120: Memphis
    [cache] /games/players {'year': 2011, 'seasonType': 'regular', 'team': 'Memphis'}
  Fetching game stats 51/120: Miami
    [cache] /games/players {'year': 2011, 'seasonType': 'regular', 'team': 'Miami'}
  Fetching game stats 52/120: Miami (OH)
    [cache] /games/players {'year': 2011, 'seasonType': 'regular', 'team': 'Miami (OH)'}
  Fetching game stats 53/120: Michigan
    [cache] /games/players {'year': 2011, 'seasonType': 'regular', 'team': 'Michigan'}
  Fetching game stats 54/120: Michigan State
    [cache] /games/players {'year': 2011, 'seasonType': 'regular', 'team': 'Michigan State'}
  Fetching game stats 55/120: Middle Tennessee
    [cache] /games/players {'year': 2011, 'seasonType': 'regular', 'team': 'Middle Tennessee'}
  Fetching game stats 56/120: Minnesota
    [cache] /games/players {'year': 2011, 'seasonType': 'regular', 'team': 'Minnesota'}
  Fetching game stats 57/120: Mississippi State
    [cache] /games/players {'year': 2011, 'seasonType': 'regular', 'team': 'Mississippi State'}
  Fetching game stats 58/120: Missouri
    [cache] /games/players {'year': 2011, 'seasonType': 'regular', 'team': 'Missouri'}
  Fetching game stats 59/120: Navy
    [cache] /games/players {'year': 2011, 'seasonType': 'regular', 'team': 'Navy'}
  Fetching game stats 60/120: NC State
    [cache] /games/players {'year': 2011, 'seasonType': 'regular', 'team': 'NC State'}
  Fetching game stats 61/120: Nebraska
    [cache] /games/players {'year': 2011, 'seasonType': 'regular', 'team': 'Nebraska'}
  Fetching game stats 62/120: Nevada
    [cache] /games/players {'year': 2011, 'seasonType': 'regular', 'team': 'Nevada'}
  Fetching game stats 63/120: New Mexico
    [cache] /games/players {'year': 2011, 'seasonType': 'regular', 'team': 'New Mexico'}
  Fetching game stats 64/120: New Mexico State
    [cache] /games/players {'year': 2011, 'seasonType': 'regular', 'team': 'New Mexico State'}
  Fetching game stats 65/120: North Carolina
    [cache] /games/players {'year': 2011, 'seasonType': 'regular', 'team': 'North Carolina'}
  Fetching game stats 66/120: Northern Illinois
    [cache] /games/players {'year': 2011, 'seasonType': 'regular', 'team': 'Northern Illinois'}
  Fetching game stats 67/120: North Texas
    [cache] /games/players {'year': 2011, 'seasonType': 'regular', 'team': 'North Texas'}
  Fetching game stats 68/120: Northwestern
    [cache] /games/players {'year': 2011, 'seasonType': 'regular', 'team': 'Northwestern'}
  Fetching game stats 69/120: Notre Dame
    [cache] /games/players {'year': 2011, 'seasonType': 'regular', 'team': 'Notre Dame'}
  Fetching game stats 70/120: Ohio
    [cache] /games/players {'year': 2011, 'seasonType': 'regular', 'team': 'Ohio'}
  Fetching game stats 71/120: Ohio State
    [cache] /games/players {'year': 2011, 'seasonType': 'regular', 'team': 'Ohio State'}
  Fetching game stats 72/120: Oklahoma
    [cache] /games/players {'year': 2011, 'seasonType': 'regular', 'team': 'Oklahoma'}
  Fetching game stats 73/120: Oklahoma State
    [cache] /games/players {'year': 2011, 'seasonType': 'regular', 'team': 'Oklahoma State'}
  Fetching game stats 74/120: Ole Miss
    [cache] /games/players {'year': 2011, 'seasonType': 'regular', 'team': 'Ole Miss'}
  Fetching game stats 75/120: Oregon
    [cache] /games/players {'year': 2011, 'seasonType': 'regular', 'team': 'Oregon'}
  Fetching game stats 76/120: Oregon State
    [cache] /games/players {'year': 2011, 'seasonType': 'regular', 'team': 'Oregon State'}
  Fetching game stats 77/120: Penn State
    [cache] /games/players {'year': 2011, 'seasonType': 'regular', 'team': 'Penn State'}
  Fetching game stats 78/120: Pittsburgh
    [cache] /games/players {'year': 2011, 'seasonType': 'regular', 'team': 'Pittsburgh'}
  Fetching game stats 79/120: Purdue
    [cache] /games/players {'year': 2011, 'seasonType': 'regular', 'team': 'Purdue'}
  Fetching game stats 80/120: Rice
    [cache] /games/players {'year': 2011, 'seasonType': 'regular', 'team': 'Rice'}
  Fetching game stats 81/120: Rutgers
    [cache] /games/players {'year': 2011, 'seasonType': 'regular', 'team': 'Rutgers'}
  Fetching game stats 82/120: San Diego State
    [cache] /games/players {'year': 2011, 'seasonType': 'regular', 'team': 'San Diego State'}
  Fetching game stats 83/120: San José State
    [cache] /games/players {'year': 2011, 'seasonType': 'regular', 'team': 'San José State'}
  Fetching game stats 84/120: SMU
    [cache] /games/players {'year': 2011, 'seasonType': 'regular', 'team': 'SMU'}
  Fetching game stats 85/120: South Carolina
    [cache] /games/players {'year': 2011, 'seasonType': 'regular', 'team': 'South Carolina'}
  Fetching game stats 86/120: Southern Miss
    [cache] /games/players {'year': 2011, 'seasonType': 'regular', 'team': 'Southern Miss'}
  Fetching game stats 87/120: South Florida
    [cache] /games/players {'year': 2011, 'seasonType': 'regular', 'team': 'South Florida'}
  Fetching game stats 88/120: Stanford
    [cache] /games/players {'year': 2011, 'seasonType': 'regular', 'team': 'Stanford'}
  Fetching game stats 89/120: Syracuse
    [cache] /games/players {'year': 2011, 'seasonType': 'regular', 'team': 'Syracuse'}
  Fetching game stats 90/120: TCU
    [cache] /games/players {'year': 2011, 'seasonType': 'regular', 'team': 'TCU'}
  Fetching game stats 91/120: Temple
    [cache] /games/players {'year': 2011, 'seasonType': 'regular', 'team': 'Temple'}
  Fetching game stats 92/120: Tennessee
    [cache] /games/players {'year': 2011, 'seasonType': 'regular', 'team': 'Tennessee'}
  Fetching game stats 93/120: Texas
    [cache] /games/players {'year': 2011, 'seasonType': 'regular', 'team': 'Texas'}
  Fetching game stats 94/120: Texas A&M
    [cache] /games/players {'year': 2011, 'seasonType': 'regular', 'team': 'Texas A&M'}
  Fetching game stats 95/120: Texas Tech
    [cache] /games/players {'year': 2011, 'seasonType': 'regular', 'team': 'Texas Tech'}
  Fetching game stats 96/120: Toledo
    [cache] /games/players {'year': 2011, 'seasonType': 'regular', 'team': 'Toledo'}
  Fetching game stats 97/120: Troy
    [cache] /games/players {'year': 2011, 'seasonType': 'regular', 'team': 'Troy'}
  Fetching game stats 98/120: Tulane
    [cache] /games/players {'year': 2011, 'seasonType': 'regular', 'team': 'Tulane'}
  Fetching game stats 99/120: Tulsa
    [cache] /games/players {'year': 2011, 'seasonType': 'regular', 'team': 'Tulsa'}
  Fetching game stats 100/120: UAB
    [cache] /games/players {'year': 2011, 'seasonType': 'regular', 'team': 'UAB'}
  Fetching game stats 101/120: UCF
    [cache] /games/players {'year': 2011, 'seasonType': 'regular', 'team': 'UCF'}
  Fetching game stats 102/120: UCLA
    [cache] /games/players {'year': 2011, 'seasonType': 'regular', 'team': 'UCLA'}
  Fetching game stats 103/120: UConn
    [cache] /games/players {'year': 2011, 'seasonType': 'regular', 'team': 'UConn'}
  Fetching game stats 104/120: UL Monroe
    [cache] /games/players {'year': 2011, 'seasonType': 'regular', 'team': 'UL Monroe'}
  Fetching game stats 105/120: UNLV
    [cache] /games/players {'year': 2011, 'seasonType': 'regular', 'team': 'UNLV'}
  Fetching game stats 106/120: USC
    [cache] /games/players {'year': 2011, 'seasonType': 'regular', 'team': 'USC'}
  Fetching game stats 107/120: Utah
    [cache] /games/players {'year': 2011, 'seasonType': 'regular', 'team': 'Utah'}
  Fetching game stats 108/120: Utah State
    [cache] /games/players {'year': 2011, 'seasonType': 'regular', 'team': 'Utah State'}
  Fetching game stats 109/120: UTEP
    [cache] /games/players {'year': 2011, 'seasonType': 'regular', 'team': 'UTEP'}
  Fetching game stats 110/120: Vanderbilt
    [cache] /games/players {'year': 2011, 'seasonType': 'regular', 'team': 'Vanderbilt'}
  Fetching game stats 111/120: Virginia
    [cache] /games/players {'year': 2011, 'seasonType': 'regular', 'team': 'Virginia'}
  Fetching game stats 112/120: Virginia Tech
    [cache] /games/players {'year': 2011, 'seasonType': 'regular', 'team': 'Virginia Tech'}
  Fetching game stats 113/120: Wake Forest
    [cache] /games/players {'year': 2011, 'seasonType': 'regular', 'team': 'Wake Forest'}
  Fetching game stats 114/120: Washington
    [cache] /games/players {'year': 2011, 'seasonType': 'regular', 'team': 'Washington'}
  Fetching game stats 115/120: Washington State
    [cache] /games/players {'year': 2011, 'seasonType': 'regular', 'team': 'Washington State'}
  Fetching game stats 116/120: Western Kentucky
    [cache] /games/players {'year': 2011, 'seasonType': 'regular', 'team': 'Western Kentucky'}
  Fetching game stats 117/120: Western Michigan
    [cache] /games/players {'year': 2011, 'seasonType': 'regular', 'team': 'Western Michigan'}
  Fetching game stats 118/120: West Virginia
    [cache] /games/players {'year': 2011, 'seasonType': 'regular', 'team': 'West Virginia'}
  Fetching game stats 119/120: Wisconsin
    [cache] /games/players {'year': 2011, 'seasonType': 'regular', 'team': 'Wisconsin'}
  Fetching game stats 120/120: Wyoming
    [cache] /games/players {'year': 2011, 'seasonType': 'regular', 'team': 'Wyoming'}
  770 unique games with player stats fetched

[6c] Fetching drives and plays by week (weeks 1-16)...
    drives week 1/16
    [cache] /drives {'year': 2011, 'week': 1, 'seasonType': 'regular'}
    drives week 2/16
    [cache] /drives {'year': 2011, 'week': 2, 'seasonType': 'regular'}
    drives week 3/16
    [cache] /drives {'year': 2011, 'week': 3, 'seasonType': 'regular'}
    drives week 4/16
    [cache] /drives {'year': 2011, 'week': 4, 'seasonType': 'regular'}
    drives week 5/16
    [cache] /drives {'year': 2011, 'week': 5, 'seasonType': 'regular'}
    drives week 6/16
    [cache] /drives {'year': 2011, 'week': 6, 'seasonType': 'regular'}
    drives week 7/16
    [cache] /drives {'year': 2011, 'week': 7, 'seasonType': 'regular'}
    drives week 8/16
    [cache] /drives {'year': 2011, 'week': 8, 'seasonType': 'regular'}
    drives week 9/16
    [cache] /drives {'year': 2011, 'week': 9, 'seasonType': 'regular'}
    drives week 10/16
    [cache] /drives {'year': 2011, 'week': 10, 'seasonType': 'regular'}
    drives week 11/16
    [cache] /drives {'year': 2011, 'week': 11, 'seasonType': 'regular'}
    drives week 12/16
    [cache] /drives {'year': 2011, 'week': 12, 'seasonType': 'regular'}
    drives week 13/16
    [cache] /drives {'year': 2011, 'week': 13, 'seasonType': 'regular'}
    drives week 14/16
    [cache] /drives {'year': 2011, 'week': 14, 'seasonType': 'regular'}
    drives week 15/16
    [cache] /drives {'year': 2011, 'week': 15, 'seasonType': 'regular'}
    drives week 16/16
    [cache] /drives {'year': 2011, 'week': 16, 'seasonType': 'regular'}
  19841 total drives fetched
    plays week 1/16
    [cache] /plays {'year': 2011, 'week': 1, 'seasonType': 'regular'}
    plays week 2/16
    [cache] /plays {'year': 2011, 'week': 2, 'seasonType': 'regular'}
    plays week 3/16
    [cache] /plays {'year': 2011, 'week': 3, 'seasonType': 'regular'}
    plays week 4/16
    [cache] /plays {'year': 2011, 'week': 4, 'seasonType': 'regular'}
    plays week 5/16
    [cache] /plays {'year': 2011, 'week': 5, 'seasonType': 'regular'}
    plays week 6/16
    [cache] /plays {'year': 2011, 'week': 6, 'seasonType': 'regular'}
    plays week 7/16
    [cache] /plays {'year': 2011, 'week': 7, 'seasonType': 'regular'}
    plays week 8/16
    [cache] /plays {'year': 2011, 'week': 8, 'seasonType': 'regular'}
    plays week 9/16
    [cache] /plays {'year': 2011, 'week': 9, 'seasonType': 'regular'}
    plays week 10/16
    [cache] /plays {'year': 2011, 'week': 10, 'seasonType': 'regular'}
    plays week 11/16
    [cache] /plays {'year': 2011, 'week': 11, 'seasonType': 'regular'}
    plays week 12/16
    [cache] /plays {'year': 2011, 'week': 12, 'seasonType': 'regular'}
    plays week 13/16
    [cache] /plays {'year': 2011, 'week': 13, 'seasonType': 'regular'}
    plays week 14/16
    [cache] /plays {'year': 2011, 'week': 14, 'seasonType': 'regular'}
    plays week 15/16
    [cache] /plays {'year': 2011, 'week': 15, 'seasonType': 'regular'}
    plays week 16/16
    [cache] /plays {'year': 2011, 'week': 16, 'seasonType': 'regular'}
  140278 total plays fetched
  1497 rushers with parsed carry data (588 QBs excluded)

[7/7] Processing ratings...
  Building opponent-weighted stats from gamelog...
  3577 players with opponent-weighted stats
Building player gamelogs (early pass for gamelog-derived skills)...
  Gamelog-derived skills computed for 3577 players
Normalizing ratings...
Applying backup/no-data tier ratings...
  6675 backup/no-data players rated via star-anchor pathway
  OL boosts applied to 975 player(s) (draft/awards/continuity)
Computing team ratings...
Generating public names...

  Year 2011 rating distribution:
    40-49:  4329 (32%) ################
    50-59:  2887 (21%) ##########
    60-69:  2925 (21%) ##########
    70-79:  2236 (16%) ########
    80-89:   797 ( 5%) ##
    90-99:   131 ( 0%) 
    Min=40 Max=99 Median=58
  120 teams, 13305 players.
Building schedule, drives, and plays...
  1463 games, 3577 players with gamelogs
  19841 drives, 140278 plays

Writing to C:\Projects\CFB-Video-Game\app\assets\data/
  2011/teams_private.json: 120 entries
  2011/teams_public.json: 120 entries
  2011/players_private.json: 13305 entries
  2011/players_public.json: 13305 entries
  2011/ratings.json: 13305 entries
  2011/team_schedule.json: 1463 entries
  2011/player_gamelog.json: 3577 keys, 18974 entries
  2011/team_drives.json: 196 keys, 19841 entries
  2011/team_plays_wk*.json.gz: 15 weeks, 140278 plays
  Loaded 13305 player IDs from 2011 for continuity check

============================================================
  PROCESSING YEAR 2012
============================================================

[1/7] Fetching FBS teams...
    [cache] /teams/fbs {'year': 2012}
  Found 124 teams

[2/7] Fetching rosters...
  Fetching roster 1/124: Air Force
    [cache] /roster {'team': 'Air Force', 'year': 2012}
  Fetching roster 2/124: Akron
    [cache] /roster {'team': 'Akron', 'year': 2012}
  Fetching roster 3/124: Alabama
    [cache] /roster {'team': 'Alabama', 'year': 2012}
  Fetching roster 4/124: Arizona
    [cache] /roster {'team': 'Arizona', 'year': 2012}
  Fetching roster 5/124: Arizona State
    [cache] /roster {'team': 'Arizona State', 'year': 2012}
  Fetching roster 6/124: Arkansas
    [cache] /roster {'team': 'Arkansas', 'year': 2012}
  Fetching roster 7/124: Arkansas State
    [cache] /roster {'team': 'Arkansas State', 'year': 2012}
  Fetching roster 8/124: Army
    [cache] /roster {'team': 'Army', 'year': 2012}
  Fetching roster 9/124: Auburn
    [cache] /roster {'team': 'Auburn', 'year': 2012}
  Fetching roster 10/124: Ball State
    [cache] /roster {'team': 'Ball State', 'year': 2012}
  Fetching roster 11/124: Baylor
    [cache] /roster {'team': 'Baylor', 'year': 2012}
  Fetching roster 12/124: Boise State
    [cache] /roster {'team': 'Boise State', 'year': 2012}
  Fetching roster 13/124: Boston College
    [cache] /roster {'team': 'Boston College', 'year': 2012}
  Fetching roster 14/124: Bowling Green
    [cache] /roster {'team': 'Bowling Green', 'year': 2012}
  Fetching roster 15/124: Buffalo
    [cache] /roster {'team': 'Buffalo', 'year': 2012}
  Fetching roster 16/124: BYU
    [cache] /roster {'team': 'BYU', 'year': 2012}
  Fetching roster 17/124: California
    [cache] /roster {'team': 'California', 'year': 2012}
  Fetching roster 18/124: Central Michigan
    [cache] /roster {'team': 'Central Michigan', 'year': 2012}
  Fetching roster 19/124: Cincinnati
    [cache] /roster {'team': 'Cincinnati', 'year': 2012}
  Fetching roster 20/124: Clemson
    [cache] /roster {'team': 'Clemson', 'year': 2012}
  Fetching roster 21/124: Colorado
    [cache] /roster {'team': 'Colorado', 'year': 2012}
  Fetching roster 22/124: Colorado State
    [cache] /roster {'team': 'Colorado State', 'year': 2012}
  Fetching roster 23/124: Duke
    [cache] /roster {'team': 'Duke', 'year': 2012}
  Fetching roster 24/124: East Carolina
    [cache] /roster {'team': 'East Carolina', 'year': 2012}
  Fetching roster 25/124: Eastern Michigan
    [cache] /roster {'team': 'Eastern Michigan', 'year': 2012}
  Fetching roster 26/124: Florida
    [cache] /roster {'team': 'Florida', 'year': 2012}
  Fetching roster 27/124: Florida Atlantic
    [cache] /roster {'team': 'Florida Atlantic', 'year': 2012}
  Fetching roster 28/124: Florida International
    [cache] /roster {'team': 'Florida International', 'year': 2012}
  Fetching roster 29/124: Florida State
    [cache] /roster {'team': 'Florida State', 'year': 2012}
  Fetching roster 30/124: Fresno State
    [cache] /roster {'team': 'Fresno State', 'year': 2012}
  Fetching roster 31/124: Georgia
    [cache] /roster {'team': 'Georgia', 'year': 2012}
  Fetching roster 32/124: Georgia Tech
    [cache] /roster {'team': 'Georgia Tech', 'year': 2012}
  Fetching roster 33/124: Hawai'i
    [cache] /roster {'team': "Hawai'i", 'year': 2012}
  Fetching roster 34/124: Houston
    [cache] /roster {'team': 'Houston', 'year': 2012}
  Fetching roster 35/124: Idaho
    [cache] /roster {'team': 'Idaho', 'year': 2012}
  Fetching roster 36/124: Illinois
    [cache] /roster {'team': 'Illinois', 'year': 2012}
  Fetching roster 37/124: Indiana
    [cache] /roster {'team': 'Indiana', 'year': 2012}
  Fetching roster 38/124: Iowa
    [cache] /roster {'team': 'Iowa', 'year': 2012}
  Fetching roster 39/124: Iowa State
    [cache] /roster {'team': 'Iowa State', 'year': 2012}
  Fetching roster 40/124: Kansas
    [cache] /roster {'team': 'Kansas', 'year': 2012}
  Fetching roster 41/124: Kansas State
    [cache] /roster {'team': 'Kansas State', 'year': 2012}
  Fetching roster 42/124: Kent State
    [cache] /roster {'team': 'Kent State', 'year': 2012}
  Fetching roster 43/124: Kentucky
    [cache] /roster {'team': 'Kentucky', 'year': 2012}
  Fetching roster 44/124: Louisiana
    [cache] /roster {'team': 'Louisiana', 'year': 2012}
  Fetching roster 45/124: Louisiana Tech
    [cache] /roster {'team': 'Louisiana Tech', 'year': 2012}
  Fetching roster 46/124: Louisville
    [cache] /roster {'team': 'Louisville', 'year': 2012}
  Fetching roster 47/124: LSU
    [cache] /roster {'team': 'LSU', 'year': 2012}
  Fetching roster 48/124: Marshall
    [cache] /roster {'team': 'Marshall', 'year': 2012}
  Fetching roster 49/124: Maryland
    [cache] /roster {'team': 'Maryland', 'year': 2012}
  Fetching roster 50/124: Massachusetts
    [cache] /roster {'team': 'Massachusetts', 'year': 2012}
  Fetching roster 51/124: Memphis
    [cache] /roster {'team': 'Memphis', 'year': 2012}
  Fetching roster 52/124: Miami
    [cache] /roster {'team': 'Miami', 'year': 2012}
  Fetching roster 53/124: Miami (OH)
    [cache] /roster {'team': 'Miami (OH)', 'year': 2012}
  Fetching roster 54/124: Michigan
    [cache] /roster {'team': 'Michigan', 'year': 2012}
  Fetching roster 55/124: Michigan State
    [cache] /roster {'team': 'Michigan State', 'year': 2012}
  Fetching roster 56/124: Middle Tennessee
    [cache] /roster {'team': 'Middle Tennessee', 'year': 2012}
  Fetching roster 57/124: Minnesota
    [cache] /roster {'team': 'Minnesota', 'year': 2012}
  Fetching roster 58/124: Mississippi State
    [cache] /roster {'team': 'Mississippi State', 'year': 2012}
  Fetching roster 59/124: Missouri
    [cache] /roster {'team': 'Missouri', 'year': 2012}
  Fetching roster 60/124: Navy
    [cache] /roster {'team': 'Navy', 'year': 2012}
  Fetching roster 61/124: NC State
    [cache] /roster {'team': 'NC State', 'year': 2012}
  Fetching roster 62/124: Nebraska
    [cache] /roster {'team': 'Nebraska', 'year': 2012}
  Fetching roster 63/124: Nevada
    [cache] /roster {'team': 'Nevada', 'year': 2012}
  Fetching roster 64/124: New Mexico
    [cache] /roster {'team': 'New Mexico', 'year': 2012}
  Fetching roster 65/124: New Mexico State
    [cache] /roster {'team': 'New Mexico State', 'year': 2012}
  Fetching roster 66/124: North Carolina
    [cache] /roster {'team': 'North Carolina', 'year': 2012}
  Fetching roster 67/124: Northern Illinois
    [cache] /roster {'team': 'Northern Illinois', 'year': 2012}
  Fetching roster 68/124: North Texas
    [cache] /roster {'team': 'North Texas', 'year': 2012}
  Fetching roster 69/124: Northwestern
    [cache] /roster {'team': 'Northwestern', 'year': 2012}
  Fetching roster 70/124: Notre Dame
    [cache] /roster {'team': 'Notre Dame', 'year': 2012}
  Fetching roster 71/124: Ohio
    [cache] /roster {'team': 'Ohio', 'year': 2012}
  Fetching roster 72/124: Ohio State
    [cache] /roster {'team': 'Ohio State', 'year': 2012}
  Fetching roster 73/124: Oklahoma
    [cache] /roster {'team': 'Oklahoma', 'year': 2012}
  Fetching roster 74/124: Oklahoma State
    [cache] /roster {'team': 'Oklahoma State', 'year': 2012}
  Fetching roster 75/124: Ole Miss
    [cache] /roster {'team': 'Ole Miss', 'year': 2012}
  Fetching roster 76/124: Oregon
    [cache] /roster {'team': 'Oregon', 'year': 2012}
  Fetching roster 77/124: Oregon State
    [cache] /roster {'team': 'Oregon State', 'year': 2012}
  Fetching roster 78/124: Penn State
    [cache] /roster {'team': 'Penn State', 'year': 2012}
  Fetching roster 79/124: Pittsburgh
    [cache] /roster {'team': 'Pittsburgh', 'year': 2012}
  Fetching roster 80/124: Purdue
    [cache] /roster {'team': 'Purdue', 'year': 2012}
  Fetching roster 81/124: Rice
    [cache] /roster {'team': 'Rice', 'year': 2012}
  Fetching roster 82/124: Rutgers
    [cache] /roster {'team': 'Rutgers', 'year': 2012}
  Fetching roster 83/124: San Diego State
    [cache] /roster {'team': 'San Diego State', 'year': 2012}
  Fetching roster 84/124: San José State
    [cache] /roster {'team': 'San José State', 'year': 2012}
  Fetching roster 85/124: SMU
    [cache] /roster {'team': 'SMU', 'year': 2012}
  Fetching roster 86/124: South Alabama
    [cache] /roster {'team': 'South Alabama', 'year': 2012}
  Fetching roster 87/124: South Carolina
    [cache] /roster {'team': 'South Carolina', 'year': 2012}
  Fetching roster 88/124: Southern Miss
    [cache] /roster {'team': 'Southern Miss', 'year': 2012}
  Fetching roster 89/124: South Florida
    [cache] /roster {'team': 'South Florida', 'year': 2012}
  Fetching roster 90/124: Stanford
    [cache] /roster {'team': 'Stanford', 'year': 2012}
  Fetching roster 91/124: Syracuse
    [cache] /roster {'team': 'Syracuse', 'year': 2012}
  Fetching roster 92/124: TCU
    [cache] /roster {'team': 'TCU', 'year': 2012}
  Fetching roster 93/124: Temple
    [cache] /roster {'team': 'Temple', 'year': 2012}
  Fetching roster 94/124: Tennessee
    [cache] /roster {'team': 'Tennessee', 'year': 2012}
  Fetching roster 95/124: Texas
    [cache] /roster {'team': 'Texas', 'year': 2012}
  Fetching roster 96/124: Texas A&M
    [cache] /roster {'team': 'Texas A&M', 'year': 2012}
  Fetching roster 97/124: Texas State
    [cache] /roster {'team': 'Texas State', 'year': 2012}
  Fetching roster 98/124: Texas Tech
    [cache] /roster {'team': 'Texas Tech', 'year': 2012}
  Fetching roster 99/124: Toledo
    [cache] /roster {'team': 'Toledo', 'year': 2012}
  Fetching roster 100/124: Troy
    [cache] /roster {'team': 'Troy', 'year': 2012}
  Fetching roster 101/124: Tulane
    [cache] /roster {'team': 'Tulane', 'year': 2012}
  Fetching roster 102/124: Tulsa
    [cache] /roster {'team': 'Tulsa', 'year': 2012}
  Fetching roster 103/124: UAB
    [cache] /roster {'team': 'UAB', 'year': 2012}
  Fetching roster 104/124: UCF
    [cache] /roster {'team': 'UCF', 'year': 2012}
  Fetching roster 105/124: UCLA
    [cache] /roster {'team': 'UCLA', 'year': 2012}
  Fetching roster 106/124: UConn
    [cache] /roster {'team': 'UConn', 'year': 2012}
  Fetching roster 107/124: UL Monroe
    [cache] /roster {'team': 'UL Monroe', 'year': 2012}
  Fetching roster 108/124: UNLV
    [cache] /roster {'team': 'UNLV', 'year': 2012}
  Fetching roster 109/124: USC
    [cache] /roster {'team': 'USC', 'year': 2012}
  Fetching roster 110/124: Utah
    [cache] /roster {'team': 'Utah', 'year': 2012}
  Fetching roster 111/124: Utah State
    [cache] /roster {'team': 'Utah State', 'year': 2012}
  Fetching roster 112/124: UTEP
    [cache] /roster {'team': 'UTEP', 'year': 2012}
  Fetching roster 113/124: UTSA
    [cache] /roster {'team': 'UTSA', 'year': 2012}
  Fetching roster 114/124: Vanderbilt
    [cache] /roster {'team': 'Vanderbilt', 'year': 2012}
  Fetching roster 115/124: Virginia
    [cache] /roster {'team': 'Virginia', 'year': 2012}
  Fetching roster 116/124: Virginia Tech
    [cache] /roster {'team': 'Virginia Tech', 'year': 2012}
  Fetching roster 117/124: Wake Forest
    [cache] /roster {'team': 'Wake Forest', 'year': 2012}
  Fetching roster 118/124: Washington
    [cache] /roster {'team': 'Washington', 'year': 2012}
  Fetching roster 119/124: Washington State
    [cache] /roster {'team': 'Washington State', 'year': 2012}
  Fetching roster 120/124: Western Kentucky
    [cache] /roster {'team': 'Western Kentucky', 'year': 2012}
  Fetching roster 121/124: Western Michigan
    [cache] /roster {'team': 'Western Michigan', 'year': 2012}
  Fetching roster 122/124: West Virginia
    [cache] /roster {'team': 'West Virginia', 'year': 2012}
  Fetching roster 123/124: Wisconsin
    [cache] /roster {'team': 'Wisconsin', 'year': 2012}
  Fetching roster 124/124: Wyoming
    [cache] /roster {'team': 'Wyoming', 'year': 2012}

[3/7] Fetching player stats...
    [cache] /stats/player/season {'year': 2012, 'seasonType': 'regular'}
  4109 player stat entries

[3b] Fetching player usage...
    [cache] /player/usage {'year': 2012, 'seasonType': 'regular'}
  0 usage entries

[3c] Fetching player awards...
    GET /awards {'year': 2012}
    WARNING: /awards {'year': 2012} failed: Expecting value: line 2 column 1 (char 1)
  0 award entries
  0 OL draft picks mapped for 2013 NFL Draft

[4/7] Fetching PPA data...
    [cache] /ppa/players/season {'year': 2012}
  0 PPA entries

[5/7] Fetching team stats + SP+ + talent...
    [cache] /stats/season {'year': 2012}
    [cache] /ratings/sp {'year': 2012}
    [cache] /talent {'year': 2012}

[6/7] Fetching recruiting data...
    Class 2008...
    [cache] /recruiting/players {'year': 2008}
    Class 2009...
    [cache] /recruiting/players {'year': 2009}
    Class 2010...
    [cache] /recruiting/players {'year': 2010}
    Class 2011...
    [cache] /recruiting/players {'year': 2011}
    Class 2012...
    [cache] /recruiting/players {'year': 2012}

[6b] Fetching game results and player game stats (Phase 2)...
    [cache] /games {'year': 2012, 'seasonType': 'regular'}
  1344 games fetched
  Fetching game stats 1/124: Air Force
    [cache] /games/players {'year': 2012, 'seasonType': 'regular', 'team': 'Air Force'}
  Fetching game stats 2/124: Akron
    [cache] /games/players {'year': 2012, 'seasonType': 'regular', 'team': 'Akron'}
  Fetching game stats 3/124: Alabama
    [cache] /games/players {'year': 2012, 'seasonType': 'regular', 'team': 'Alabama'}
  Fetching game stats 4/124: Arizona
    [cache] /games/players {'year': 2012, 'seasonType': 'regular', 'team': 'Arizona'}
  Fetching game stats 5/124: Arizona State
    [cache] /games/players {'year': 2012, 'seasonType': 'regular', 'team': 'Arizona State'}
  Fetching game stats 6/124: Arkansas
    [cache] /games/players {'year': 2012, 'seasonType': 'regular', 'team': 'Arkansas'}
  Fetching game stats 7/124: Arkansas State
    [cache] /games/players {'year': 2012, 'seasonType': 'regular', 'team': 'Arkansas State'}
  Fetching game stats 8/124: Army
    [cache] /games/players {'year': 2012, 'seasonType': 'regular', 'team': 'Army'}
  Fetching game stats 9/124: Auburn
    [cache] /games/players {'year': 2012, 'seasonType': 'regular', 'team': 'Auburn'}
  Fetching game stats 10/124: Ball State
    [cache] /games/players {'year': 2012, 'seasonType': 'regular', 'team': 'Ball State'}
  Fetching game stats 11/124: Baylor
    [cache] /games/players {'year': 2012, 'seasonType': 'regular', 'team': 'Baylor'}
  Fetching game stats 12/124: Boise State
    [cache] /games/players {'year': 2012, 'seasonType': 'regular', 'team': 'Boise State'}
  Fetching game stats 13/124: Boston College
    [cache] /games/players {'year': 2012, 'seasonType': 'regular', 'team': 'Boston College'}
  Fetching game stats 14/124: Bowling Green
    [cache] /games/players {'year': 2012, 'seasonType': 'regular', 'team': 'Bowling Green'}
  Fetching game stats 15/124: Buffalo
    [cache] /games/players {'year': 2012, 'seasonType': 'regular', 'team': 'Buffalo'}
  Fetching game stats 16/124: BYU
    [cache] /games/players {'year': 2012, 'seasonType': 'regular', 'team': 'BYU'}
  Fetching game stats 17/124: California
    [cache] /games/players {'year': 2012, 'seasonType': 'regular', 'team': 'California'}
  Fetching game stats 18/124: Central Michigan
    [cache] /games/players {'year': 2012, 'seasonType': 'regular', 'team': 'Central Michigan'}
  Fetching game stats 19/124: Cincinnati
    [cache] /games/players {'year': 2012, 'seasonType': 'regular', 'team': 'Cincinnati'}
  Fetching game stats 20/124: Clemson
    [cache] /games/players {'year': 2012, 'seasonType': 'regular', 'team': 'Clemson'}
  Fetching game stats 21/124: Colorado
    [cache] /games/players {'year': 2012, 'seasonType': 'regular', 'team': 'Colorado'}
  Fetching game stats 22/124: Colorado State
    [cache] /games/players {'year': 2012, 'seasonType': 'regular', 'team': 'Colorado State'}
  Fetching game stats 23/124: Duke
    [cache] /games/players {'year': 2012, 'seasonType': 'regular', 'team': 'Duke'}
  Fetching game stats 24/124: East Carolina
    [cache] /games/players {'year': 2012, 'seasonType': 'regular', 'team': 'East Carolina'}
  Fetching game stats 25/124: Eastern Michigan
    [cache] /games/players {'year': 2012, 'seasonType': 'regular', 'team': 'Eastern Michigan'}
  Fetching game stats 26/124: Florida
    [cache] /games/players {'year': 2012, 'seasonType': 'regular', 'team': 'Florida'}
  Fetching game stats 27/124: Florida Atlantic
    [cache] /games/players {'year': 2012, 'seasonType': 'regular', 'team': 'Florida Atlantic'}
  Fetching game stats 28/124: Florida International
    [cache] /games/players {'year': 2012, 'seasonType': 'regular', 'team': 'Florida International'}
  Fetching game stats 29/124: Florida State
    [cache] /games/players {'year': 2012, 'seasonType': 'regular', 'team': 'Florida State'}
  Fetching game stats 30/124: Fresno State
    [cache] /games/players {'year': 2012, 'seasonType': 'regular', 'team': 'Fresno State'}
  Fetching game stats 31/124: Georgia
    [cache] /games/players {'year': 2012, 'seasonType': 'regular', 'team': 'Georgia'}
  Fetching game stats 32/124: Georgia Tech
    [cache] /games/players {'year': 2012, 'seasonType': 'regular', 'team': 'Georgia Tech'}
  Fetching game stats 33/124: Hawai'i
    [cache] /games/players {'year': 2012, 'seasonType': 'regular', 'team': "Hawai'i"}
  Fetching game stats 34/124: Houston
    [cache] /games/players {'year': 2012, 'seasonType': 'regular', 'team': 'Houston'}
    WARNING: /games/players {'year': 2012, 'seasonType': 'regular', 'team': 'Houston'} failed: Expecting ':' delimiter: line 1 column 24574 (char 24573)
  Fetching game stats 35/124: Idaho
    [cache] /games/players {'year': 2012, 'seasonType': 'regular', 'team': 'Idaho'}
  Fetching game stats 36/124: Illinois
    [cache] /games/players {'year': 2012, 'seasonType': 'regular', 'team': 'Illinois'}
  Fetching game stats 37/124: Indiana
    [cache] /games/players {'year': 2012, 'seasonType': 'regular', 'team': 'Indiana'}
  Fetching game stats 38/124: Iowa
    [cache] /games/players {'year': 2012, 'seasonType': 'regular', 'team': 'Iowa'}
  Fetching game stats 39/124: Iowa State
    [cache] /games/players {'year': 2012, 'seasonType': 'regular', 'team': 'Iowa State'}
  Fetching game stats 40/124: Kansas
    [cache] /games/players {'year': 2012, 'seasonType': 'regular', 'team': 'Kansas'}
  Fetching game stats 41/124: Kansas State
    [cache] /games/players {'year': 2012, 'seasonType': 'regular', 'team': 'Kansas State'}
  Fetching game stats 42/124: Kent State
    [cache] /games/players {'year': 2012, 'seasonType': 'regular', 'team': 'Kent State'}
  Fetching game stats 43/124: Kentucky
    [cache] /games/players {'year': 2012, 'seasonType': 'regular', 'team': 'Kentucky'}
  Fetching game stats 44/124: Louisiana
    [cache] /games/players {'year': 2012, 'seasonType': 'regular', 'team': 'Louisiana'}
  Fetching game stats 45/124: Louisiana Tech
    [cache] /games/players {'year': 2012, 'seasonType': 'regular', 'team': 'Louisiana Tech'}
  Fetching game stats 46/124: Louisville
    [cache] /games/players {'year': 2012, 'seasonType': 'regular', 'team': 'Louisville'}
  Fetching game stats 47/124: LSU
    [cache] /games/players {'year': 2012, 'seasonType': 'regular', 'team': 'LSU'}
  Fetching game stats 48/124: Marshall
    [cache] /games/players {'year': 2012, 'seasonType': 'regular', 'team': 'Marshall'}
  Fetching game stats 49/124: Maryland
    [cache] /games/players {'year': 2012, 'seasonType': 'regular', 'team': 'Maryland'}
  Fetching game stats 50/124: Massachusetts
    [cache] /games/players {'year': 2012, 'seasonType': 'regular', 'team': 'Massachusetts'}
  Fetching game stats 51/124: Memphis
    [cache] /games/players {'year': 2012, 'seasonType': 'regular', 'team': 'Memphis'}
  Fetching game stats 52/124: Miami
    [cache] /games/players {'year': 2012, 'seasonType': 'regular', 'team': 'Miami'}
  Fetching game stats 53/124: Miami (OH)
    [cache] /games/players {'year': 2012, 'seasonType': 'regular', 'team': 'Miami (OH)'}
  Fetching game stats 54/124: Michigan
    [cache] /games/players {'year': 2012, 'seasonType': 'regular', 'team': 'Michigan'}
  Fetching game stats 55/124: Michigan State
    [cache] /games/players {'year': 2012, 'seasonType': 'regular', 'team': 'Michigan State'}
  Fetching game stats 56/124: Middle Tennessee
    [cache] /games/players {'year': 2012, 'seasonType': 'regular', 'team': 'Middle Tennessee'}
  Fetching game stats 57/124: Minnesota
    [cache] /games/players {'year': 2012, 'seasonType': 'regular', 'team': 'Minnesota'}
  Fetching game stats 58/124: Mississippi State
    [cache] /games/players {'year': 2012, 'seasonType': 'regular', 'team': 'Mississippi State'}
  Fetching game stats 59/124: Missouri
    [cache] /games/players {'year': 2012, 'seasonType': 'regular', 'team': 'Missouri'}
  Fetching game stats 60/124: Navy
    [cache] /games/players {'year': 2012, 'seasonType': 'regular', 'team': 'Navy'}
  Fetching game stats 61/124: NC State
    [cache] /games/players {'year': 2012, 'seasonType': 'regular', 'team': 'NC State'}
  Fetching game stats 62/124: Nebraska
    [cache] /games/players {'year': 2012, 'seasonType': 'regular', 'team': 'Nebraska'}
  Fetching game stats 63/124: Nevada
    [cache] /games/players {'year': 2012, 'seasonType': 'regular', 'team': 'Nevada'}
  Fetching game stats 64/124: New Mexico
    [cache] /games/players {'year': 2012, 'seasonType': 'regular', 'team': 'New Mexico'}
  Fetching game stats 65/124: New Mexico State
    [cache] /games/players {'year': 2012, 'seasonType': 'regular', 'team': 'New Mexico State'}
  Fetching game stats 66/124: North Carolina
    [cache] /games/players {'year': 2012, 'seasonType': 'regular', 'team': 'North Carolina'}
  Fetching game stats 67/124: Northern Illinois
    [cache] /games/players {'year': 2012, 'seasonType': 'regular', 'team': 'Northern Illinois'}
  Fetching game stats 68/124: North Texas
    [cache] /games/players {'year': 2012, 'seasonType': 'regular', 'team': 'North Texas'}
  Fetching game stats 69/124: Northwestern
    [cache] /games/players {'year': 2012, 'seasonType': 'regular', 'team': 'Northwestern'}
  Fetching game stats 70/124: Notre Dame
    [cache] /games/players {'year': 2012, 'seasonType': 'regular', 'team': 'Notre Dame'}
  Fetching game stats 71/124: Ohio
    [cache] /games/players {'year': 2012, 'seasonType': 'regular', 'team': 'Ohio'}
  Fetching game stats 72/124: Ohio State
    [cache] /games/players {'year': 2012, 'seasonType': 'regular', 'team': 'Ohio State'}
  Fetching game stats 73/124: Oklahoma
    [cache] /games/players {'year': 2012, 'seasonType': 'regular', 'team': 'Oklahoma'}
  Fetching game stats 74/124: Oklahoma State
    [cache] /games/players {'year': 2012, 'seasonType': 'regular', 'team': 'Oklahoma State'}
  Fetching game stats 75/124: Ole Miss
    [cache] /games/players {'year': 2012, 'seasonType': 'regular', 'team': 'Ole Miss'}
  Fetching game stats 76/124: Oregon
    [cache] /games/players {'year': 2012, 'seasonType': 'regular', 'team': 'Oregon'}
  Fetching game stats 77/124: Oregon State
    [cache] /games/players {'year': 2012, 'seasonType': 'regular', 'team': 'Oregon State'}
  Fetching game stats 78/124: Penn State
    [cache] /games/players {'year': 2012, 'seasonType': 'regular', 'team': 'Penn State'}
  Fetching game stats 79/124: Pittsburgh
    [cache] /games/players {'year': 2012, 'seasonType': 'regular', 'team': 'Pittsburgh'}
  Fetching game stats 80/124: Purdue
    [cache] /games/players {'year': 2012, 'seasonType': 'regular', 'team': 'Purdue'}
  Fetching game stats 81/124: Rice
    [cache] /games/players {'year': 2012, 'seasonType': 'regular', 'team': 'Rice'}
  Fetching game stats 82/124: Rutgers
    [cache] /games/players {'year': 2012, 'seasonType': 'regular', 'team': 'Rutgers'}
  Fetching game stats 83/124: San Diego State
    [cache] /games/players {'year': 2012, 'seasonType': 'regular', 'team': 'San Diego State'}
  Fetching game stats 84/124: San José State
    [cache] /games/players {'year': 2012, 'seasonType': 'regular', 'team': 'San José State'}
  Fetching game stats 85/124: SMU
    [cache] /games/players {'year': 2012, 'seasonType': 'regular', 'team': 'SMU'}
  Fetching game stats 86/124: South Alabama
    [cache] /games/players {'year': 2012, 'seasonType': 'regular', 'team': 'South Alabama'}
  Fetching game stats 87/124: South Carolina
    [cache] /games/players {'year': 2012, 'seasonType': 'regular', 'team': 'South Carolina'}
  Fetching game stats 88/124: Southern Miss
    [cache] /games/players {'year': 2012, 'seasonType': 'regular', 'team': 'Southern Miss'}
  Fetching game stats 89/124: South Florida
    [cache] /games/players {'year': 2012, 'seasonType': 'regular', 'team': 'South Florida'}
  Fetching game stats 90/124: Stanford
    [cache] /games/players {'year': 2012, 'seasonType': 'regular', 'team': 'Stanford'}
  Fetching game stats 91/124: Syracuse
    [cache] /games/players {'year': 2012, 'seasonType': 'regular', 'team': 'Syracuse'}
  Fetching game stats 92/124: TCU
    [cache] /games/players {'year': 2012, 'seasonType': 'regular', 'team': 'TCU'}
  Fetching game stats 93/124: Temple
    [cache] /games/players {'year': 2012, 'seasonType': 'regular', 'team': 'Temple'}
  Fetching game stats 94/124: Tennessee
    [cache] /games/players {'year': 2012, 'seasonType': 'regular', 'team': 'Tennessee'}
  Fetching game stats 95/124: Texas
    [cache] /games/players {'year': 2012, 'seasonType': 'regular', 'team': 'Texas'}
  Fetching game stats 96/124: Texas A&M
    [cache] /games/players {'year': 2012, 'seasonType': 'regular', 'team': 'Texas A&M'}
  Fetching game stats 97/124: Texas State
    [cache] /games/players {'year': 2012, 'seasonType': 'regular', 'team': 'Texas State'}
  Fetching game stats 98/124: Texas Tech
    [cache] /games/players {'year': 2012, 'seasonType': 'regular', 'team': 'Texas Tech'}
  Fetching game stats 99/124: Toledo
    [cache] /games/players {'year': 2012, 'seasonType': 'regular', 'team': 'Toledo'}
  Fetching game stats 100/124: Troy
    [cache] /games/players {'year': 2012, 'seasonType': 'regular', 'team': 'Troy'}
  Fetching game stats 101/124: Tulane
    [cache] /games/players {'year': 2012, 'seasonType': 'regular', 'team': 'Tulane'}
  Fetching game stats 102/124: Tulsa
    [cache] /games/players {'year': 2012, 'seasonType': 'regular', 'team': 'Tulsa'}
  Fetching game stats 103/124: UAB
    [cache] /games/players {'year': 2012, 'seasonType': 'regular', 'team': 'UAB'}
  Fetching game stats 104/124: UCF
    [cache] /games/players {'year': 2012, 'seasonType': 'regular', 'team': 'UCF'}
  Fetching game stats 105/124: UCLA
    [cache] /games/players {'year': 2012, 'seasonType': 'regular', 'team': 'UCLA'}
  Fetching game stats 106/124: UConn
    [cache] /games/players {'year': 2012, 'seasonType': 'regular', 'team': 'UConn'}
  Fetching game stats 107/124: UL Monroe
    [cache] /games/players {'year': 2012, 'seasonType': 'regular', 'team': 'UL Monroe'}
  Fetching game stats 108/124: UNLV
    [cache] /games/players {'year': 2012, 'seasonType': 'regular', 'team': 'UNLV'}
  Fetching game stats 109/124: USC
    [cache] /games/players {'year': 2012, 'seasonType': 'regular', 'team': 'USC'}
  Fetching game stats 110/124: Utah
    [cache] /games/players {'year': 2012, 'seasonType': 'regular', 'team': 'Utah'}
  Fetching game stats 111/124: Utah State
    [cache] /games/players {'year': 2012, 'seasonType': 'regular', 'team': 'Utah State'}
  Fetching game stats 112/124: UTEP
    [cache] /games/players {'year': 2012, 'seasonType': 'regular', 'team': 'UTEP'}
  Fetching game stats 113/124: UTSA
    [cache] /games/players {'year': 2012, 'seasonType': 'regular', 'team': 'UTSA'}
  Fetching game stats 114/124: Vanderbilt
    [cache] /games/players {'year': 2012, 'seasonType': 'regular', 'team': 'Vanderbilt'}
  Fetching game stats 115/124: Virginia
    [cache] /games/players {'year': 2012, 'seasonType': 'regular', 'team': 'Virginia'}
  Fetching game stats 116/124: Virginia Tech
    [cache] /games/players {'year': 2012, 'seasonType': 'regular', 'team': 'Virginia Tech'}
  Fetching game stats 117/124: Wake Forest
    [cache] /games/players {'year': 2012, 'seasonType': 'regular', 'team': 'Wake Forest'}
  Fetching game stats 118/124: Washington
    [cache] /games/players {'year': 2012, 'seasonType': 'regular', 'team': 'Washington'}
  Fetching game stats 119/124: Washington State
    [cache] /games/players {'year': 2012, 'seasonType': 'regular', 'team': 'Washington State'}
  Fetching game stats 120/124: Western Kentucky
    [cache] /games/players {'year': 2012, 'seasonType': 'regular', 'team': 'Western Kentucky'}
  Fetching game stats 121/124: Western Michigan
    [cache] /games/players {'year': 2012, 'seasonType': 'regular', 'team': 'Western Michigan'}
  Fetching game stats 122/124: West Virginia
    [cache] /games/players {'year': 2012, 'seasonType': 'regular', 'team': 'West Virginia'}
  Fetching game stats 123/124: Wisconsin
    [cache] /games/players {'year': 2012, 'seasonType': 'regular', 'team': 'Wisconsin'}
  Fetching game stats 124/124: Wyoming
    [cache] /games/players {'year': 2012, 'seasonType': 'regular', 'team': 'Wyoming'}
  805 unique games with player stats fetched

[6c] Fetching drives and plays by week (weeks 1-16)...
    drives week 1/16
    [cache] /drives {'year': 2012, 'week': 1, 'seasonType': 'regular'}
    drives week 2/16
    [cache] /drives {'year': 2012, 'week': 2, 'seasonType': 'regular'}
    drives week 3/16
    [cache] /drives {'year': 2012, 'week': 3, 'seasonType': 'regular'}
    drives week 4/16
    [cache] /drives {'year': 2012, 'week': 4, 'seasonType': 'regular'}
    drives week 5/16
    [cache] /drives {'year': 2012, 'week': 5, 'seasonType': 'regular'}
    drives week 6/16
    [cache] /drives {'year': 2012, 'week': 6, 'seasonType': 'regular'}
    drives week 7/16
    [cache] /drives {'year': 2012, 'week': 7, 'seasonType': 'regular'}
    drives week 8/16
    [cache] /drives {'year': 2012, 'week': 8, 'seasonType': 'regular'}
    drives week 9/16
    [cache] /drives {'year': 2012, 'week': 9, 'seasonType': 'regular'}
    drives week 10/16
    [cache] /drives {'year': 2012, 'week': 10, 'seasonType': 'regular'}
    drives week 11/16
    [cache] /drives {'year': 2012, 'week': 11, 'seasonType': 'regular'}
    drives week 12/16
    [cache] /drives {'year': 2012, 'week': 12, 'seasonType': 'regular'}
    drives week 13/16
    [cache] /drives {'year': 2012, 'week': 13, 'seasonType': 'regular'}
    drives week 14/16
    [cache] /drives {'year': 2012, 'week': 14, 'seasonType': 'regular'}
    drives week 15/16
    [cache] /drives {'year': 2012, 'week': 15, 'seasonType': 'regular'}
    drives week 16/16
    [cache] /drives {'year': 2012, 'week': 16, 'seasonType': 'regular'}
  20700 total drives fetched
    plays week 1/16
    [cache] /plays {'year': 2012, 'week': 1, 'seasonType': 'regular'}
    plays week 2/16
    [cache] /plays {'year': 2012, 'week': 2, 'seasonType': 'regular'}
    plays week 3/16
    [cache] /plays {'year': 2012, 'week': 3, 'seasonType': 'regular'}
    plays week 4/16
    [cache] /plays {'year': 2012, 'week': 4, 'seasonType': 'regular'}
    plays week 5/16
    [cache] /plays {'year': 2012, 'week': 5, 'seasonType': 'regular'}
    plays week 6/16
    [cache] /plays {'year': 2012, 'week': 6, 'seasonType': 'regular'}
    plays week 7/16
    [cache] /plays {'year': 2012, 'week': 7, 'seasonType': 'regular'}
    plays week 8/16
    [cache] /plays {'year': 2012, 'week': 8, 'seasonType': 'regular'}
    plays week 9/16
    [cache] /plays {'year': 2012, 'week': 9, 'seasonType': 'regular'}
    plays week 10/16
    [cache] /plays {'year': 2012, 'week': 10, 'seasonType': 'regular'}
    plays week 11/16
    [cache] /plays {'year': 2012, 'week': 11, 'seasonType': 'regular'}
    plays week 12/16
    [cache] /plays {'year': 2012, 'week': 12, 'seasonType': 'regular'}
    plays week 13/16
    [cache] /plays {'year': 2012, 'week': 13, 'seasonType': 'regular'}
    plays week 14/16
    [cache] /plays {'year': 2012, 'week': 14, 'seasonType': 'regular'}
    plays week 15/16
    [cache] /plays {'year': 2012, 'week': 15, 'seasonType': 'regular'}
    plays week 16/16
    [cache] /plays {'year': 2012, 'week': 16, 'seasonType': 'regular'}
  147425 total plays fetched
  1547 rushers with parsed carry data (632 QBs excluded)

[7/7] Processing ratings...
  Building opponent-weighted stats from gamelog...
  3714 players with opponent-weighted stats
Building player gamelogs (early pass for gamelog-derived skills)...
  Gamelog-derived skills computed for 3714 players
Normalizing ratings...
Applying backup/no-data tier ratings...
  6891 backup/no-data players rated via star-anchor pathway
  OL boosts applied to 978 player(s) (draft/awards/continuity)
Computing team ratings...
Generating public names...

  Year 2012 rating distribution:
    40-49:  4436 (32%) ################
    50-59:  3021 (21%) ##########
    60-69:  3052 (22%) ###########
    70-79:  2272 (16%) ########
    80-89:   824 ( 5%) ##
    90-99:   131 ( 0%) 
    Min=40 Max=98 Median=58
  124 teams, 13736 players.
Building schedule, drives, and plays...
  1344 games, 3714 players with gamelogs
  20700 drives, 147425 plays

Writing to C:\Projects\CFB-Video-Game\app\assets\data/
  2012/teams_private.json: 124 entries
  2012/teams_public.json: 124 entries
  2012/players_private.json: 13736 entries
  2012/players_public.json: 13736 entries
  2012/ratings.json: 13736 entries
  2012/team_schedule.json: 1344 entries
  2012/player_gamelog.json: 3714 keys, 19939 entries
  2012/team_drives.json: 202 keys, 20700 entries
  2012/team_plays_wk*.json.gz: 15 weeks, 147425 plays
  Loaded 13734 player IDs from 2012 for continuity check

============================================================
  PROCESSING YEAR 2013
============================================================

[1/7] Fetching FBS teams...
    [cache] /teams/fbs {'year': 2013}
  Found 125 teams

[2/7] Fetching rosters...
  Fetching roster 1/125: Air Force
    [cache] /roster {'team': 'Air Force', 'year': 2013}
  Fetching roster 2/125: Akron
    [cache] /roster {'team': 'Akron', 'year': 2013}
  Fetching roster 3/125: Alabama
    [cache] /roster {'team': 'Alabama', 'year': 2013}
  Fetching roster 4/125: Arizona
    [cache] /roster {'team': 'Arizona', 'year': 2013}
  Fetching roster 5/125: Arizona State
    [cache] /roster {'team': 'Arizona State', 'year': 2013}
  Fetching roster 6/125: Arkansas
    [cache] /roster {'team': 'Arkansas', 'year': 2013}
  Fetching roster 7/125: Arkansas State
    [cache] /roster {'team': 'Arkansas State', 'year': 2013}
  Fetching roster 8/125: Army
    [cache] /roster {'team': 'Army', 'year': 2013}
  Fetching roster 9/125: Auburn
    [cache] /roster {'team': 'Auburn', 'year': 2013}
  Fetching roster 10/125: Ball State
    [cache] /roster {'team': 'Ball State', 'year': 2013}
  Fetching roster 11/125: Baylor
    [cache] /roster {'team': 'Baylor', 'year': 2013}
  Fetching roster 12/125: Boise State
    [cache] /roster {'team': 'Boise State', 'year': 2013}
  Fetching roster 13/125: Boston College
    [cache] /roster {'team': 'Boston College', 'year': 2013}
  Fetching roster 14/125: Bowling Green
    [cache] /roster {'team': 'Bowling Green', 'year': 2013}
  Fetching roster 15/125: Buffalo
    [cache] /roster {'team': 'Buffalo', 'year': 2013}
  Fetching roster 16/125: BYU
    [cache] /roster {'team': 'BYU', 'year': 2013}
  Fetching roster 17/125: California
    [cache] /roster {'team': 'California', 'year': 2013}
  Fetching roster 18/125: Central Michigan
    [cache] /roster {'team': 'Central Michigan', 'year': 2013}
  Fetching roster 19/125: Cincinnati
    [cache] /roster {'team': 'Cincinnati', 'year': 2013}
  Fetching roster 20/125: Clemson
    [cache] /roster {'team': 'Clemson', 'year': 2013}
  Fetching roster 21/125: Colorado
    [cache] /roster {'team': 'Colorado', 'year': 2013}
  Fetching roster 22/125: Colorado State
    [cache] /roster {'team': 'Colorado State', 'year': 2013}
  Fetching roster 23/125: Duke
    [cache] /roster {'team': 'Duke', 'year': 2013}
  Fetching roster 24/125: East Carolina
    [cache] /roster {'team': 'East Carolina', 'year': 2013}
  Fetching roster 25/125: Eastern Michigan
    [cache] /roster {'team': 'Eastern Michigan', 'year': 2013}
  Fetching roster 26/125: Florida
    [cache] /roster {'team': 'Florida', 'year': 2013}
  Fetching roster 27/125: Florida Atlantic
    [cache] /roster {'team': 'Florida Atlantic', 'year': 2013}
  Fetching roster 28/125: Florida International
    [cache] /roster {'team': 'Florida International', 'year': 2013}
  Fetching roster 29/125: Florida State
    [cache] /roster {'team': 'Florida State', 'year': 2013}
  Fetching roster 30/125: Fresno State
    [cache] /roster {'team': 'Fresno State', 'year': 2013}
  Fetching roster 31/125: Georgia
    [cache] /roster {'team': 'Georgia', 'year': 2013}
  Fetching roster 32/125: Georgia State
    [cache] /roster {'team': 'Georgia State', 'year': 2013}
  Fetching roster 33/125: Georgia Tech
    [cache] /roster {'team': 'Georgia Tech', 'year': 2013}
  Fetching roster 34/125: Hawai'i
    [cache] /roster {'team': "Hawai'i", 'year': 2013}
  Fetching roster 35/125: Houston
    [cache] /roster {'team': 'Houston', 'year': 2013}
  Fetching roster 36/125: Idaho
    [cache] /roster {'team': 'Idaho', 'year': 2013}
  Fetching roster 37/125: Illinois
    [cache] /roster {'team': 'Illinois', 'year': 2013}
  Fetching roster 38/125: Indiana
    [cache] /roster {'team': 'Indiana', 'year': 2013}
  Fetching roster 39/125: Iowa
    [cache] /roster {'team': 'Iowa', 'year': 2013}
  Fetching roster 40/125: Iowa State
    [cache] /roster {'team': 'Iowa State', 'year': 2013}
  Fetching roster 41/125: Kansas
    [cache] /roster {'team': 'Kansas', 'year': 2013}
  Fetching roster 42/125: Kansas State
    [cache] /roster {'team': 'Kansas State', 'year': 2013}
  Fetching roster 43/125: Kent State
    [cache] /roster {'team': 'Kent State', 'year': 2013}
  Fetching roster 44/125: Kentucky
    [cache] /roster {'team': 'Kentucky', 'year': 2013}
  Fetching roster 45/125: Louisiana
    [cache] /roster {'team': 'Louisiana', 'year': 2013}
  Fetching roster 46/125: Louisiana Tech
    [cache] /roster {'team': 'Louisiana Tech', 'year': 2013}
  Fetching roster 47/125: Louisville
    [cache] /roster {'team': 'Louisville', 'year': 2013}
  Fetching roster 48/125: LSU
    [cache] /roster {'team': 'LSU', 'year': 2013}
  Fetching roster 49/125: Marshall
    [cache] /roster {'team': 'Marshall', 'year': 2013}
  Fetching roster 50/125: Maryland
    [cache] /roster {'team': 'Maryland', 'year': 2013}
  Fetching roster 51/125: Massachusetts
    [cache] /roster {'team': 'Massachusetts', 'year': 2013}
  Fetching roster 52/125: Memphis
    [cache] /roster {'team': 'Memphis', 'year': 2013}
  Fetching roster 53/125: Miami
    [cache] /roster {'team': 'Miami', 'year': 2013}
  Fetching roster 54/125: Miami (OH)
    [cache] /roster {'team': 'Miami (OH)', 'year': 2013}
  Fetching roster 55/125: Michigan
    [cache] /roster {'team': 'Michigan', 'year': 2013}
  Fetching roster 56/125: Michigan State
    [cache] /roster {'team': 'Michigan State', 'year': 2013}
  Fetching roster 57/125: Middle Tennessee
    [cache] /roster {'team': 'Middle Tennessee', 'year': 2013}
  Fetching roster 58/125: Minnesota
    [cache] /roster {'team': 'Minnesota', 'year': 2013}
  Fetching roster 59/125: Mississippi State
    [cache] /roster {'team': 'Mississippi State', 'year': 2013}
  Fetching roster 60/125: Missouri
    [cache] /roster {'team': 'Missouri', 'year': 2013}
  Fetching roster 61/125: Navy
    [cache] /roster {'team': 'Navy', 'year': 2013}
  Fetching roster 62/125: NC State
    [cache] /roster {'team': 'NC State', 'year': 2013}
  Fetching roster 63/125: Nebraska
    [cache] /roster {'team': 'Nebraska', 'year': 2013}
  Fetching roster 64/125: Nevada
    [cache] /roster {'team': 'Nevada', 'year': 2013}
  Fetching roster 65/125: New Mexico
    [cache] /roster {'team': 'New Mexico', 'year': 2013}
  Fetching roster 66/125: New Mexico State
    [cache] /roster {'team': 'New Mexico State', 'year': 2013}
  Fetching roster 67/125: North Carolina
    [cache] /roster {'team': 'North Carolina', 'year': 2013}
  Fetching roster 68/125: Northern Illinois
    [cache] /roster {'team': 'Northern Illinois', 'year': 2013}
  Fetching roster 69/125: North Texas
    [cache] /roster {'team': 'North Texas', 'year': 2013}
  Fetching roster 70/125: Northwestern
    [cache] /roster {'team': 'Northwestern', 'year': 2013}
  Fetching roster 71/125: Notre Dame
    [cache] /roster {'team': 'Notre Dame', 'year': 2013}
  Fetching roster 72/125: Ohio
    [cache] /roster {'team': 'Ohio', 'year': 2013}
  Fetching roster 73/125: Ohio State
    [cache] /roster {'team': 'Ohio State', 'year': 2013}
  Fetching roster 74/125: Oklahoma
    [cache] /roster {'team': 'Oklahoma', 'year': 2013}
  Fetching roster 75/125: Oklahoma State
    [cache] /roster {'team': 'Oklahoma State', 'year': 2013}
  Fetching roster 76/125: Ole Miss
    [cache] /roster {'team': 'Ole Miss', 'year': 2013}
  Fetching roster 77/125: Oregon
    [cache] /roster {'team': 'Oregon', 'year': 2013}
  Fetching roster 78/125: Oregon State
    [cache] /roster {'team': 'Oregon State', 'year': 2013}
  Fetching roster 79/125: Penn State
    [cache] /roster {'team': 'Penn State', 'year': 2013}
  Fetching roster 80/125: Pittsburgh
    [cache] /roster {'team': 'Pittsburgh', 'year': 2013}
  Fetching roster 81/125: Purdue
    [cache] /roster {'team': 'Purdue', 'year': 2013}
  Fetching roster 82/125: Rice
    [cache] /roster {'team': 'Rice', 'year': 2013}
  Fetching roster 83/125: Rutgers
    [cache] /roster {'team': 'Rutgers', 'year': 2013}
  Fetching roster 84/125: San Diego State
    [cache] /roster {'team': 'San Diego State', 'year': 2013}
  Fetching roster 85/125: San José State
    [cache] /roster {'team': 'San José State', 'year': 2013}
  Fetching roster 86/125: SMU
    [cache] /roster {'team': 'SMU', 'year': 2013}
  Fetching roster 87/125: South Alabama
    [cache] /roster {'team': 'South Alabama', 'year': 2013}
  Fetching roster 88/125: South Carolina
    [cache] /roster {'team': 'South Carolina', 'year': 2013}
  Fetching roster 89/125: Southern Miss
    [cache] /roster {'team': 'Southern Miss', 'year': 2013}
  Fetching roster 90/125: South Florida
    [cache] /roster {'team': 'South Florida', 'year': 2013}
  Fetching roster 91/125: Stanford
    [cache] /roster {'team': 'Stanford', 'year': 2013}
  Fetching roster 92/125: Syracuse
    [cache] /roster {'team': 'Syracuse', 'year': 2013}
  Fetching roster 93/125: TCU
    [cache] /roster {'team': 'TCU', 'year': 2013}
  Fetching roster 94/125: Temple
    [cache] /roster {'team': 'Temple', 'year': 2013}
  Fetching roster 95/125: Tennessee
    [cache] /roster {'team': 'Tennessee', 'year': 2013}
  Fetching roster 96/125: Texas
    [cache] /roster {'team': 'Texas', 'year': 2013}
  Fetching roster 97/125: Texas A&M
    [cache] /roster {'team': 'Texas A&M', 'year': 2013}
  Fetching roster 98/125: Texas State
    [cache] /roster {'team': 'Texas State', 'year': 2013}
  Fetching roster 99/125: Texas Tech
    [cache] /roster {'team': 'Texas Tech', 'year': 2013}
  Fetching roster 100/125: Toledo
    [cache] /roster {'team': 'Toledo', 'year': 2013}
  Fetching roster 101/125: Troy
    [cache] /roster {'team': 'Troy', 'year': 2013}
  Fetching roster 102/125: Tulane
    [cache] /roster {'team': 'Tulane', 'year': 2013}
  Fetching roster 103/125: Tulsa
    [cache] /roster {'team': 'Tulsa', 'year': 2013}
  Fetching roster 104/125: UAB
    [cache] /roster {'team': 'UAB', 'year': 2013}
  Fetching roster 105/125: UCF
    [cache] /roster {'team': 'UCF', 'year': 2013}
  Fetching roster 106/125: UCLA
    [cache] /roster {'team': 'UCLA', 'year': 2013}
  Fetching roster 107/125: UConn
    [cache] /roster {'team': 'UConn', 'year': 2013}
  Fetching roster 108/125: UL Monroe
    [cache] /roster {'team': 'UL Monroe', 'year': 2013}
  Fetching roster 109/125: UNLV
    [cache] /roster {'team': 'UNLV', 'year': 2013}
  Fetching roster 110/125: USC
    [cache] /roster {'team': 'USC', 'year': 2013}
  Fetching roster 111/125: Utah
    [cache] /roster {'team': 'Utah', 'year': 2013}
  Fetching roster 112/125: Utah State
    [cache] /roster {'team': 'Utah State', 'year': 2013}
  Fetching roster 113/125: UTEP
    [cache] /roster {'team': 'UTEP', 'year': 2013}
  Fetching roster 114/125: UTSA
    [cache] /roster {'team': 'UTSA', 'year': 2013}
  Fetching roster 115/125: Vanderbilt
    [cache] /roster {'team': 'Vanderbilt', 'year': 2013}
  Fetching roster 116/125: Virginia
    [cache] /roster {'team': 'Virginia', 'year': 2013}
  Fetching roster 117/125: Virginia Tech
    [cache] /roster {'team': 'Virginia Tech', 'year': 2013}
  Fetching roster 118/125: Wake Forest
    [cache] /roster {'team': 'Wake Forest', 'year': 2013}
  Fetching roster 119/125: Washington
    [cache] /roster {'team': 'Washington', 'year': 2013}
  Fetching roster 120/125: Washington State
    [cache] /roster {'team': 'Washington State', 'year': 2013}
  Fetching roster 121/125: Western Kentucky
    [cache] /roster {'team': 'Western Kentucky', 'year': 2013}
  Fetching roster 122/125: Western Michigan
    [cache] /roster {'team': 'Western Michigan', 'year': 2013}
  Fetching roster 123/125: West Virginia
    [cache] /roster {'team': 'West Virginia', 'year': 2013}
  Fetching roster 124/125: Wisconsin
    [cache] /roster {'team': 'Wisconsin', 'year': 2013}
  Fetching roster 125/125: Wyoming
    [cache] /roster {'team': 'Wyoming', 'year': 2013}

[3/7] Fetching player stats...
    [cache] /stats/player/season {'year': 2013, 'seasonType': 'regular'}
  4679 player stat entries

[3b] Fetching player usage...
    [cache] /player/usage {'year': 2013, 'seasonType': 'regular'}
  2984 usage entries

[3c] Fetching player awards...
    GET /awards {'year': 2013}
    WARNING: /awards {'year': 2013} failed: Expecting value: line 2 column 1 (char 1)
  0 award entries
  0 OL draft picks mapped for 2014 NFL Draft

[4/7] Fetching PPA data...
    [cache] /ppa/players/season {'year': 2013}
  2984 PPA entries

[5/7] Fetching team stats + SP+ + talent...
    [cache] /stats/season {'year': 2013}
    [cache] /ratings/sp {'year': 2013}
    [cache] /talent {'year': 2013}

[6/7] Fetching recruiting data...
    Class 2009...
    [cache] /recruiting/players {'year': 2009}
    Class 2010...
    [cache] /recruiting/players {'year': 2010}
    Class 2011...
    [cache] /recruiting/players {'year': 2011}
    Class 2012...
    [cache] /recruiting/players {'year': 2012}
    Class 2013...
    [cache] /recruiting/players {'year': 2013}

[6b] Fetching game results and player game stats (Phase 2)...
    [cache] /games {'year': 2013, 'seasonType': 'regular'}
  1496 games fetched
  Fetching game stats 1/125: Air Force
    [cache] /games/players {'year': 2013, 'seasonType': 'regular', 'team': 'Air Force'}
  Fetching game stats 2/125: Akron
    [cache] /games/players {'year': 2013, 'seasonType': 'regular', 'team': 'Akron'}
  Fetching game stats 3/125: Alabama
    [cache] /games/players {'year': 2013, 'seasonType': 'regular', 'team': 'Alabama'}
  Fetching game stats 4/125: Arizona
    [cache] /games/players {'year': 2013, 'seasonType': 'regular', 'team': 'Arizona'}
  Fetching game stats 5/125: Arizona State
    [cache] /games/players {'year': 2013, 'seasonType': 'regular', 'team': 'Arizona State'}
  Fetching game stats 6/125: Arkansas
    [cache] /games/players {'year': 2013, 'seasonType': 'regular', 'team': 'Arkansas'}
  Fetching game stats 7/125: Arkansas State
    [cache] /games/players {'year': 2013, 'seasonType': 'regular', 'team': 'Arkansas State'}
  Fetching game stats 8/125: Army
    [cache] /games/players {'year': 2013, 'seasonType': 'regular', 'team': 'Army'}
  Fetching game stats 9/125: Auburn
    [cache] /games/players {'year': 2013, 'seasonType': 'regular', 'team': 'Auburn'}
  Fetching game stats 10/125: Ball State
    [cache] /games/players {'year': 2013, 'seasonType': 'regular', 'team': 'Ball State'}
  Fetching game stats 11/125: Baylor
    [cache] /games/players {'year': 2013, 'seasonType': 'regular', 'team': 'Baylor'}
  Fetching game stats 12/125: Boise State
    [cache] /games/players {'year': 2013, 'seasonType': 'regular', 'team': 'Boise State'}
  Fetching game stats 13/125: Boston College
    [cache] /games/players {'year': 2013, 'seasonType': 'regular', 'team': 'Boston College'}
  Fetching game stats 14/125: Bowling Green
    [cache] /games/players {'year': 2013, 'seasonType': 'regular', 'team': 'Bowling Green'}
  Fetching game stats 15/125: Buffalo
    [cache] /games/players {'year': 2013, 'seasonType': 'regular', 'team': 'Buffalo'}
  Fetching game stats 16/125: BYU
    [cache] /games/players {'year': 2013, 'seasonType': 'regular', 'team': 'BYU'}
  Fetching game stats 17/125: California
    [cache] /games/players {'year': 2013, 'seasonType': 'regular', 'team': 'California'}
  Fetching game stats 18/125: Central Michigan
    [cache] /games/players {'year': 2013, 'seasonType': 'regular', 'team': 'Central Michigan'}
  Fetching game stats 19/125: Cincinnati
    [cache] /games/players {'year': 2013, 'seasonType': 'regular', 'team': 'Cincinnati'}
  Fetching game stats 20/125: Clemson
    [cache] /games/players {'year': 2013, 'seasonType': 'regular', 'team': 'Clemson'}
  Fetching game stats 21/125: Colorado
    [cache] /games/players {'year': 2013, 'seasonType': 'regular', 'team': 'Colorado'}
  Fetching game stats 22/125: Colorado State
    [cache] /games/players {'year': 2013, 'seasonType': 'regular', 'team': 'Colorado State'}
  Fetching game stats 23/125: Duke
    [cache] /games/players {'year': 2013, 'seasonType': 'regular', 'team': 'Duke'}
  Fetching game stats 24/125: East Carolina
    [cache] /games/players {'year': 2013, 'seasonType': 'regular', 'team': 'East Carolina'}
  Fetching game stats 25/125: Eastern Michigan
    [cache] /games/players {'year': 2013, 'seasonType': 'regular', 'team': 'Eastern Michigan'}
  Fetching game stats 26/125: Florida
    [cache] /games/players {'year': 2013, 'seasonType': 'regular', 'team': 'Florida'}
  Fetching game stats 27/125: Florida Atlantic
    [cache] /games/players {'year': 2013, 'seasonType': 'regular', 'team': 'Florida Atlantic'}
  Fetching game stats 28/125: Florida International
    [cache] /games/players {'year': 2013, 'seasonType': 'regular', 'team': 'Florida International'}
  Fetching game stats 29/125: Florida State
    [cache] /games/players {'year': 2013, 'seasonType': 'regular', 'team': 'Florida State'}
  Fetching game stats 30/125: Fresno State
    [cache] /games/players {'year': 2013, 'seasonType': 'regular', 'team': 'Fresno State'}
  Fetching game stats 31/125: Georgia
    [cache] /games/players {'year': 2013, 'seasonType': 'regular', 'team': 'Georgia'}
  Fetching game stats 32/125: Georgia State
    [cache] /games/players {'year': 2013, 'seasonType': 'regular', 'team': 'Georgia State'}
  Fetching game stats 33/125: Georgia Tech
    [cache] /games/players {'year': 2013, 'seasonType': 'regular', 'team': 'Georgia Tech'}
  Fetching game stats 34/125: Hawai'i
    [cache] /games/players {'year': 2013, 'seasonType': 'regular', 'team': "Hawai'i"}
  Fetching game stats 35/125: Houston
    [cache] /games/players {'year': 2013, 'seasonType': 'regular', 'team': 'Houston'}
  Fetching game stats 36/125: Idaho
    [cache] /games/players {'year': 2013, 'seasonType': 'regular', 'team': 'Idaho'}
  Fetching game stats 37/125: Illinois
    [cache] /games/players {'year': 2013, 'seasonType': 'regular', 'team': 'Illinois'}
  Fetching game stats 38/125: Indiana
    [cache] /games/players {'year': 2013, 'seasonType': 'regular', 'team': 'Indiana'}
  Fetching game stats 39/125: Iowa
    [cache] /games/players {'year': 2013, 'seasonType': 'regular', 'team': 'Iowa'}
  Fetching game stats 40/125: Iowa State
    [cache] /games/players {'year': 2013, 'seasonType': 'regular', 'team': 'Iowa State'}
  Fetching game stats 41/125: Kansas
    [cache] /games/players {'year': 2013, 'seasonType': 'regular', 'team': 'Kansas'}
  Fetching game stats 42/125: Kansas State
    [cache] /games/players {'year': 2013, 'seasonType': 'regular', 'team': 'Kansas State'}
  Fetching game stats 43/125: Kent State
    [cache] /games/players {'year': 2013, 'seasonType': 'regular', 'team': 'Kent State'}
  Fetching game stats 44/125: Kentucky
    [cache] /games/players {'year': 2013, 'seasonType': 'regular', 'team': 'Kentucky'}
  Fetching game stats 45/125: Louisiana
    [cache] /games/players {'year': 2013, 'seasonType': 'regular', 'team': 'Louisiana'}
  Fetching game stats 46/125: Louisiana Tech
    [cache] /games/players {'year': 2013, 'seasonType': 'regular', 'team': 'Louisiana Tech'}
  Fetching game stats 47/125: Louisville
    [cache] /games/players {'year': 2013, 'seasonType': 'regular', 'team': 'Louisville'}
  Fetching game stats 48/125: LSU
    [cache] /games/players {'year': 2013, 'seasonType': 'regular', 'team': 'LSU'}
  Fetching game stats 49/125: Marshall
    [cache] /games/players {'year': 2013, 'seasonType': 'regular', 'team': 'Marshall'}
  Fetching game stats 50/125: Maryland
    [cache] /games/players {'year': 2013, 'seasonType': 'regular', 'team': 'Maryland'}
  Fetching game stats 51/125: Massachusetts
    [cache] /games/players {'year': 2013, 'seasonType': 'regular', 'team': 'Massachusetts'}
  Fetching game stats 52/125: Memphis
    [cache] /games/players {'year': 2013, 'seasonType': 'regular', 'team': 'Memphis'}
  Fetching game stats 53/125: Miami
    [cache] /games/players {'year': 2013, 'seasonType': 'regular', 'team': 'Miami'}
  Fetching game stats 54/125: Miami (OH)
    [cache] /games/players {'year': 2013, 'seasonType': 'regular', 'team': 'Miami (OH)'}
  Fetching game stats 55/125: Michigan
    [cache] /games/players {'year': 2013, 'seasonType': 'regular', 'team': 'Michigan'}
  Fetching game stats 56/125: Michigan State
    [cache] /games/players {'year': 2013, 'seasonType': 'regular', 'team': 'Michigan State'}
    WARNING: /games/players {'year': 2013, 'seasonType': 'regular', 'team': 'Michigan State'} failed: Expecting ',' delimiter: line 1 column 40947 (char 40946)
  Fetching game stats 57/125: Middle Tennessee
    [cache] /games/players {'year': 2013, 'seasonType': 'regular', 'team': 'Middle Tennessee'}
  Fetching game stats 58/125: Minnesota
    [cache] /games/players {'year': 2013, 'seasonType': 'regular', 'team': 'Minnesota'}
  Fetching game stats 59/125: Mississippi State
    [cache] /games/players {'year': 2013, 'seasonType': 'regular', 'team': 'Mississippi State'}
  Fetching game stats 60/125: Missouri
    [cache] /games/players {'year': 2013, 'seasonType': 'regular', 'team': 'Missouri'}
  Fetching game stats 61/125: Navy
    [cache] /games/players {'year': 2013, 'seasonType': 'regular', 'team': 'Navy'}
  Fetching game stats 62/125: NC State
    [cache] /games/players {'year': 2013, 'seasonType': 'regular', 'team': 'NC State'}
  Fetching game stats 63/125: Nebraska
    [cache] /games/players {'year': 2013, 'seasonType': 'regular', 'team': 'Nebraska'}
  Fetching game stats 64/125: Nevada
    [cache] /games/players {'year': 2013, 'seasonType': 'regular', 'team': 'Nevada'}
  Fetching game stats 65/125: New Mexico
    [cache] /games/players {'year': 2013, 'seasonType': 'regular', 'team': 'New Mexico'}
  Fetching game stats 66/125: New Mexico State
    [cache] /games/players {'year': 2013, 'seasonType': 'regular', 'team': 'New Mexico State'}
  Fetching game stats 67/125: North Carolina
    [cache] /games/players {'year': 2013, 'seasonType': 'regular', 'team': 'North Carolina'}
  Fetching game stats 68/125: Northern Illinois
    [cache] /games/players {'year': 2013, 'seasonType': 'regular', 'team': 'Northern Illinois'}
  Fetching game stats 69/125: North Texas
    [cache] /games/players {'year': 2013, 'seasonType': 'regular', 'team': 'North Texas'}
  Fetching game stats 70/125: Northwestern
    [cache] /games/players {'year': 2013, 'seasonType': 'regular', 'team': 'Northwestern'}
  Fetching game stats 71/125: Notre Dame
    [cache] /games/players {'year': 2013, 'seasonType': 'regular', 'team': 'Notre Dame'}
  Fetching game stats 72/125: Ohio
    [cache] /games/players {'year': 2013, 'seasonType': 'regular', 'team': 'Ohio'}
  Fetching game stats 73/125: Ohio State
    [cache] /games/players {'year': 2013, 'seasonType': 'regular', 'team': 'Ohio State'}
  Fetching game stats 74/125: Oklahoma
    [cache] /games/players {'year': 2013, 'seasonType': 'regular', 'team': 'Oklahoma'}
  Fetching game stats 75/125: Oklahoma State
    [cache] /games/players {'year': 2013, 'seasonType': 'regular', 'team': 'Oklahoma State'}
  Fetching game stats 76/125: Ole Miss
    [cache] /games/players {'year': 2013, 'seasonType': 'regular', 'team': 'Ole Miss'}
  Fetching game stats 77/125: Oregon
    [cache] /games/players {'year': 2013, 'seasonType': 'regular', 'team': 'Oregon'}
  Fetching game stats 78/125: Oregon State
    [cache] /games/players {'year': 2013, 'seasonType': 'regular', 'team': 'Oregon State'}
  Fetching game stats 79/125: Penn State
    [cache] /games/players {'year': 2013, 'seasonType': 'regular', 'team': 'Penn State'}
  Fetching game stats 80/125: Pittsburgh
    [cache] /games/players {'year': 2013, 'seasonType': 'regular', 'team': 'Pittsburgh'}
  Fetching game stats 81/125: Purdue
    [cache] /games/players {'year': 2013, 'seasonType': 'regular', 'team': 'Purdue'}
  Fetching game stats 82/125: Rice
    [cache] /games/players {'year': 2013, 'seasonType': 'regular', 'team': 'Rice'}
  Fetching game stats 83/125: Rutgers
    [cache] /games/players {'year': 2013, 'seasonType': 'regular', 'team': 'Rutgers'}
  Fetching game stats 84/125: San Diego State
    [cache] /games/players {'year': 2013, 'seasonType': 'regular', 'team': 'San Diego State'}
  Fetching game stats 85/125: San José State
    [cache] /games/players {'year': 2013, 'seasonType': 'regular', 'team': 'San José State'}
  Fetching game stats 86/125: SMU
    [cache] /games/players {'year': 2013, 'seasonType': 'regular', 'team': 'SMU'}
  Fetching game stats 87/125: South Alabama
    [cache] /games/players {'year': 2013, 'seasonType': 'regular', 'team': 'South Alabama'}
  Fetching game stats 88/125: South Carolina
    [cache] /games/players {'year': 2013, 'seasonType': 'regular', 'team': 'South Carolina'}
  Fetching game stats 89/125: Southern Miss
    [cache] /games/players {'year': 2013, 'seasonType': 'regular', 'team': 'Southern Miss'}
  Fetching game stats 90/125: South Florida
    [cache] /games/players {'year': 2013, 'seasonType': 'regular', 'team': 'South Florida'}
  Fetching game stats 91/125: Stanford
    [cache] /games/players {'year': 2013, 'seasonType': 'regular', 'team': 'Stanford'}
  Fetching game stats 92/125: Syracuse
    [cache] /games/players {'year': 2013, 'seasonType': 'regular', 'team': 'Syracuse'}
  Fetching game stats 93/125: TCU
    [cache] /games/players {'year': 2013, 'seasonType': 'regular', 'team': 'TCU'}
  Fetching game stats 94/125: Temple
    [cache] /games/players {'year': 2013, 'seasonType': 'regular', 'team': 'Temple'}
  Fetching game stats 95/125: Tennessee
    [cache] /games/players {'year': 2013, 'seasonType': 'regular', 'team': 'Tennessee'}
  Fetching game stats 96/125: Texas
    [cache] /games/players {'year': 2013, 'seasonType': 'regular', 'team': 'Texas'}
  Fetching game stats 97/125: Texas A&M
    [cache] /games/players {'year': 2013, 'seasonType': 'regular', 'team': 'Texas A&M'}
  Fetching game stats 98/125: Texas State
    [cache] /games/players {'year': 2013, 'seasonType': 'regular', 'team': 'Texas State'}
  Fetching game stats 99/125: Texas Tech
    [cache] /games/players {'year': 2013, 'seasonType': 'regular', 'team': 'Texas Tech'}
  Fetching game stats 100/125: Toledo
    [cache] /games/players {'year': 2013, 'seasonType': 'regular', 'team': 'Toledo'}
  Fetching game stats 101/125: Troy
    [cache] /games/players {'year': 2013, 'seasonType': 'regular', 'team': 'Troy'}
  Fetching game stats 102/125: Tulane
    [cache] /games/players {'year': 2013, 'seasonType': 'regular', 'team': 'Tulane'}
  Fetching game stats 103/125: Tulsa
    [cache] /games/players {'year': 2013, 'seasonType': 'regular', 'team': 'Tulsa'}
  Fetching game stats 104/125: UAB
    [cache] /games/players {'year': 2013, 'seasonType': 'regular', 'team': 'UAB'}
  Fetching game stats 105/125: UCF
    [cache] /games/players {'year': 2013, 'seasonType': 'regular', 'team': 'UCF'}
  Fetching game stats 106/125: UCLA
    [cache] /games/players {'year': 2013, 'seasonType': 'regular', 'team': 'UCLA'}
  Fetching game stats 107/125: UConn
    [cache] /games/players {'year': 2013, 'seasonType': 'regular', 'team': 'UConn'}
  Fetching game stats 108/125: UL Monroe
    [cache] /games/players {'year': 2013, 'seasonType': 'regular', 'team': 'UL Monroe'}
  Fetching game stats 109/125: UNLV
    [cache] /games/players {'year': 2013, 'seasonType': 'regular', 'team': 'UNLV'}
  Fetching game stats 110/125: USC
    [cache] /games/players {'year': 2013, 'seasonType': 'regular', 'team': 'USC'}
  Fetching game stats 111/125: Utah
    [cache] /games/players {'year': 2013, 'seasonType': 'regular', 'team': 'Utah'}
  Fetching game stats 112/125: Utah State
    [cache] /games/players {'year': 2013, 'seasonType': 'regular', 'team': 'Utah State'}
  Fetching game stats 113/125: UTEP
    [cache] /games/players {'year': 2013, 'seasonType': 'regular', 'team': 'UTEP'}
  Fetching game stats 114/125: UTSA
    [cache] /games/players {'year': 2013, 'seasonType': 'regular', 'team': 'UTSA'}
  Fetching game stats 115/125: Vanderbilt
    [cache] /games/players {'year': 2013, 'seasonType': 'regular', 'team': 'Vanderbilt'}
  Fetching game stats 116/125: Virginia
    [cache] /games/players {'year': 2013, 'seasonType': 'regular', 'team': 'Virginia'}
  Fetching game stats 117/125: Virginia Tech
    [cache] /games/players {'year': 2013, 'seasonType': 'regular', 'team': 'Virginia Tech'}
  Fetching game stats 118/125: Wake Forest
    [cache] /games/players {'year': 2013, 'seasonType': 'regular', 'team': 'Wake Forest'}
  Fetching game stats 119/125: Washington
    [cache] /games/players {'year': 2013, 'seasonType': 'regular', 'team': 'Washington'}
  Fetching game stats 120/125: Washington State
    [cache] /games/players {'year': 2013, 'seasonType': 'regular', 'team': 'Washington State'}
  Fetching game stats 121/125: Western Kentucky
    [cache] /games/players {'year': 2013, 'seasonType': 'regular', 'team': 'Western Kentucky'}
  Fetching game stats 122/125: Western Michigan
    [cache] /games/players {'year': 2013, 'seasonType': 'regular', 'team': 'Western Michigan'}
  Fetching game stats 123/125: West Virginia
    [cache] /games/players {'year': 2013, 'seasonType': 'regular', 'team': 'West Virginia'}
  Fetching game stats 124/125: Wisconsin
    [cache] /games/players {'year': 2013, 'seasonType': 'regular', 'team': 'Wisconsin'}
  Fetching game stats 125/125: Wyoming
    [cache] /games/players {'year': 2013, 'seasonType': 'regular', 'team': 'Wyoming'}
  812 unique games with player stats fetched

[6c] Fetching drives and plays by week (weeks 1-16)...
    drives week 1/16
    [cache] /drives {'year': 2013, 'week': 1, 'seasonType': 'regular'}
    drives week 2/16
    [cache] /drives {'year': 2013, 'week': 2, 'seasonType': 'regular'}
    drives week 3/16
    [cache] /drives {'year': 2013, 'week': 3, 'seasonType': 'regular'}
    drives week 4/16
    [cache] /drives {'year': 2013, 'week': 4, 'seasonType': 'regular'}
    drives week 5/16
    [cache] /drives {'year': 2013, 'week': 5, 'seasonType': 'regular'}
    drives week 6/16
    [cache] /drives {'year': 2013, 'week': 6, 'seasonType': 'regular'}
    drives week 7/16
    [cache] /drives {'year': 2013, 'week': 7, 'seasonType': 'regular'}
    drives week 8/16
    [cache] /drives {'year': 2013, 'week': 8, 'seasonType': 'regular'}
    drives week 9/16
    [cache] /drives {'year': 2013, 'week': 9, 'seasonType': 'regular'}
    drives week 10/16
    [cache] /drives {'year': 2013, 'week': 10, 'seasonType': 'regular'}
    drives week 11/16
    [cache] /drives {'year': 2013, 'week': 11, 'seasonType': 'regular'}
    drives week 12/16
    [cache] /drives {'year': 2013, 'week': 12, 'seasonType': 'regular'}
    drives week 13/16
    [cache] /drives {'year': 2013, 'week': 13, 'seasonType': 'regular'}
    drives week 14/16
    [cache] /drives {'year': 2013, 'week': 14, 'seasonType': 'regular'}
    drives week 15/16
    [cache] /drives {'year': 2013, 'week': 15, 'seasonType': 'regular'}
    drives week 16/16
    [cache] /drives {'year': 2013, 'week': 16, 'seasonType': 'regular'}
  21796 total drives fetched
    plays week 1/16
    [cache] /plays {'year': 2013, 'week': 1, 'seasonType': 'regular'}
    plays week 2/16
    [cache] /plays {'year': 2013, 'week': 2, 'seasonType': 'regular'}
    plays week 3/16
    [cache] /plays {'year': 2013, 'week': 3, 'seasonType': 'regular'}
    plays week 4/16
    [cache] /plays {'year': 2013, 'week': 4, 'seasonType': 'regular'}
    plays week 5/16
    [cache] /plays {'year': 2013, 'week': 5, 'seasonType': 'regular'}
    plays week 6/16
    [cache] /plays {'year': 2013, 'week': 6, 'seasonType': 'regular'}
    plays week 7/16
    [cache] /plays {'year': 2013, 'week': 7, 'seasonType': 'regular'}
    plays week 8/16
    [cache] /plays {'year': 2013, 'week': 8, 'seasonType': 'regular'}
    plays week 9/16
    [cache] /plays {'year': 2013, 'week': 9, 'seasonType': 'regular'}
    plays week 10/16
    [cache] /plays {'year': 2013, 'week': 10, 'seasonType': 'regular'}
    plays week 11/16
    [cache] /plays {'year': 2013, 'week': 11, 'seasonType': 'regular'}
    plays week 12/16
    [cache] /plays {'year': 2013, 'week': 12, 'seasonType': 'regular'}
    plays week 13/16
    [cache] /plays {'year': 2013, 'week': 13, 'seasonType': 'regular'}
    plays week 14/16
    [cache] /plays {'year': 2013, 'week': 14, 'seasonType': 'regular'}
    plays week 15/16
    [cache] /plays {'year': 2013, 'week': 15, 'seasonType': 'regular'}
    plays week 16/16
    [cache] /plays {'year': 2013, 'week': 16, 'seasonType': 'regular'}
  151165 total plays fetched
  1606 rushers with parsed carry data (648 QBs excluded)

[7/7] Processing ratings...
  Building opponent-weighted stats from gamelog...
  3840 players with opponent-weighted stats
Building player gamelogs (early pass for gamelog-derived skills)...
  Gamelog-derived skills computed for 3840 players
Normalizing ratings...
Applying backup/no-data tier ratings...
  7084 backup/no-data players rated via star-anchor pathway
  OL boosts applied to 976 player(s) (draft/awards/continuity)
Computing team ratings...
Generating public names...

  Year 2013 rating distribution:
    40-49:  4548 (32%) ################
    50-59:  3134 (22%) ###########
    60-69:  3159 (22%) ###########
    70-79:  2357 (16%) ########
    80-89:   850 ( 5%) ##
    90-99:   132 ( 0%) 
    Min=40 Max=98 Median=58
  125 teams, 14180 players.
Building schedule, drives, and plays...
  1496 games, 3840 players with gamelogs
  21796 drives, 151165 plays

Writing to C:\Projects\CFB-Video-Game\app\assets\data/
  2013/teams_private.json: 125 entries
  2013/teams_public.json: 125 entries
  2013/players_private.json: 14180 entries
  2013/players_public.json: 14180 entries
  2013/ratings.json: 14180 entries
  2013/team_schedule.json: 1496 entries
  2013/player_gamelog.json: 3840 keys, 20378 entries
  2013/team_drives.json: 210 keys, 21796 entries
  2013/team_plays_wk*.json.gz: 16 weeks, 151165 plays
  Loaded 14178 player IDs from 2013 for continuity check

============================================================
  PROCESSING YEAR 2014
============================================================

[1/7] Fetching FBS teams...
    [cache] /teams/fbs {'year': 2014}
  Found 128 teams

[2/7] Fetching rosters...
  Fetching roster 1/128: Air Force
    [cache] /roster {'team': 'Air Force', 'year': 2014}
  Fetching roster 2/128: Akron
    [cache] /roster {'team': 'Akron', 'year': 2014}
  Fetching roster 3/128: Alabama
    [cache] /roster {'team': 'Alabama', 'year': 2014}
  Fetching roster 4/128: App State
    [cache] /roster {'team': 'App State', 'year': 2014}
  Fetching roster 5/128: Arizona
    [cache] /roster {'team': 'Arizona', 'year': 2014}
  Fetching roster 6/128: Arizona State
    [cache] /roster {'team': 'Arizona State', 'year': 2014}
  Fetching roster 7/128: Arkansas
    [cache] /roster {'team': 'Arkansas', 'year': 2014}
  Fetching roster 8/128: Arkansas State
    [cache] /roster {'team': 'Arkansas State', 'year': 2014}
  Fetching roster 9/128: Army
    [cache] /roster {'team': 'Army', 'year': 2014}
  Fetching roster 10/128: Auburn
    [cache] /roster {'team': 'Auburn', 'year': 2014}
  Fetching roster 11/128: Ball State
    [cache] /roster {'team': 'Ball State', 'year': 2014}
  Fetching roster 12/128: Baylor
    [cache] /roster {'team': 'Baylor', 'year': 2014}
  Fetching roster 13/128: Boise State
    [cache] /roster {'team': 'Boise State', 'year': 2014}
  Fetching roster 14/128: Boston College
    [cache] /roster {'team': 'Boston College', 'year': 2014}
  Fetching roster 15/128: Bowling Green
    [cache] /roster {'team': 'Bowling Green', 'year': 2014}
  Fetching roster 16/128: Buffalo
    [cache] /roster {'team': 'Buffalo', 'year': 2014}
  Fetching roster 17/128: BYU
    [cache] /roster {'team': 'BYU', 'year': 2014}
  Fetching roster 18/128: California
    [cache] /roster {'team': 'California', 'year': 2014}
  Fetching roster 19/128: Central Michigan
    [cache] /roster {'team': 'Central Michigan', 'year': 2014}
  Fetching roster 20/128: Cincinnati
    [cache] /roster {'team': 'Cincinnati', 'year': 2014}
  Fetching roster 21/128: Clemson
    [cache] /roster {'team': 'Clemson', 'year': 2014}
  Fetching roster 22/128: Colorado
    [cache] /roster {'team': 'Colorado', 'year': 2014}
  Fetching roster 23/128: Colorado State
    [cache] /roster {'team': 'Colorado State', 'year': 2014}
  Fetching roster 24/128: Duke
    [cache] /roster {'team': 'Duke', 'year': 2014}
  Fetching roster 25/128: East Carolina
    [cache] /roster {'team': 'East Carolina', 'year': 2014}
  Fetching roster 26/128: Eastern Michigan
    [cache] /roster {'team': 'Eastern Michigan', 'year': 2014}
  Fetching roster 27/128: Florida
    [cache] /roster {'team': 'Florida', 'year': 2014}
  Fetching roster 28/128: Florida Atlantic
    [cache] /roster {'team': 'Florida Atlantic', 'year': 2014}
  Fetching roster 29/128: Florida International
    [cache] /roster {'team': 'Florida International', 'year': 2014}
  Fetching roster 30/128: Florida State
    [cache] /roster {'team': 'Florida State', 'year': 2014}
  Fetching roster 31/128: Fresno State
    [cache] /roster {'team': 'Fresno State', 'year': 2014}
  Fetching roster 32/128: Georgia
    [cache] /roster {'team': 'Georgia', 'year': 2014}
  Fetching roster 33/128: Georgia Southern
    [cache] /roster {'team': 'Georgia Southern', 'year': 2014}
  Fetching roster 34/128: Georgia State
    [cache] /roster {'team': 'Georgia State', 'year': 2014}
  Fetching roster 35/128: Georgia Tech
    [cache] /roster {'team': 'Georgia Tech', 'year': 2014}
  Fetching roster 36/128: Hawai'i
    [cache] /roster {'team': "Hawai'i", 'year': 2014}
  Fetching roster 37/128: Houston
    [cache] /roster {'team': 'Houston', 'year': 2014}
  Fetching roster 38/128: Idaho
    [cache] /roster {'team': 'Idaho', 'year': 2014}
  Fetching roster 39/128: Illinois
    [cache] /roster {'team': 'Illinois', 'year': 2014}
  Fetching roster 40/128: Indiana
    [cache] /roster {'team': 'Indiana', 'year': 2014}
  Fetching roster 41/128: Iowa
    [cache] /roster {'team': 'Iowa', 'year': 2014}
  Fetching roster 42/128: Iowa State
    [cache] /roster {'team': 'Iowa State', 'year': 2014}
  Fetching roster 43/128: Kansas
    [cache] /roster {'team': 'Kansas', 'year': 2014}
  Fetching roster 44/128: Kansas State
    [cache] /roster {'team': 'Kansas State', 'year': 2014}
  Fetching roster 45/128: Kent State
    [cache] /roster {'team': 'Kent State', 'year': 2014}
  Fetching roster 46/128: Kentucky
    [cache] /roster {'team': 'Kentucky', 'year': 2014}
  Fetching roster 47/128: Louisiana
    [cache] /roster {'team': 'Louisiana', 'year': 2014}
  Fetching roster 48/128: Louisiana Tech
    [cache] /roster {'team': 'Louisiana Tech', 'year': 2014}
  Fetching roster 49/128: Louisville
    [cache] /roster {'team': 'Louisville', 'year': 2014}
  Fetching roster 50/128: LSU
    [cache] /roster {'team': 'LSU', 'year': 2014}
  Fetching roster 51/128: Marshall
    [cache] /roster {'team': 'Marshall', 'year': 2014}
  Fetching roster 52/128: Maryland
    [cache] /roster {'team': 'Maryland', 'year': 2014}
  Fetching roster 53/128: Massachusetts
    [cache] /roster {'team': 'Massachusetts', 'year': 2014}
  Fetching roster 54/128: Memphis
    [cache] /roster {'team': 'Memphis', 'year': 2014}
  Fetching roster 55/128: Miami
    [cache] /roster {'team': 'Miami', 'year': 2014}
  Fetching roster 56/128: Miami (OH)
    [cache] /roster {'team': 'Miami (OH)', 'year': 2014}
  Fetching roster 57/128: Michigan
    [cache] /roster {'team': 'Michigan', 'year': 2014}
  Fetching roster 58/128: Michigan State
    [cache] /roster {'team': 'Michigan State', 'year': 2014}
  Fetching roster 59/128: Middle Tennessee
    [cache] /roster {'team': 'Middle Tennessee', 'year': 2014}
  Fetching roster 60/128: Minnesota
    [cache] /roster {'team': 'Minnesota', 'year': 2014}
  Fetching roster 61/128: Mississippi State
    [cache] /roster {'team': 'Mississippi State', 'year': 2014}
  Fetching roster 62/128: Missouri
    [cache] /roster {'team': 'Missouri', 'year': 2014}
  Fetching roster 63/128: Navy
    [cache] /roster {'team': 'Navy', 'year': 2014}
  Fetching roster 64/128: NC State
    [cache] /roster {'team': 'NC State', 'year': 2014}
  Fetching roster 65/128: Nebraska
    [cache] /roster {'team': 'Nebraska', 'year': 2014}
  Fetching roster 66/128: Nevada
    [cache] /roster {'team': 'Nevada', 'year': 2014}
  Fetching roster 67/128: New Mexico
    [cache] /roster {'team': 'New Mexico', 'year': 2014}
  Fetching roster 68/128: New Mexico State
    [cache] /roster {'team': 'New Mexico State', 'year': 2014}
  Fetching roster 69/128: North Carolina
    [cache] /roster {'team': 'North Carolina', 'year': 2014}
  Fetching roster 70/128: Northern Illinois
    [cache] /roster {'team': 'Northern Illinois', 'year': 2014}
  Fetching roster 71/128: North Texas
    [cache] /roster {'team': 'North Texas', 'year': 2014}
  Fetching roster 72/128: Northwestern
    [cache] /roster {'team': 'Northwestern', 'year': 2014}
  Fetching roster 73/128: Notre Dame
    [cache] /roster {'team': 'Notre Dame', 'year': 2014}
  Fetching roster 74/128: Ohio
    [cache] /roster {'team': 'Ohio', 'year': 2014}
  Fetching roster 75/128: Ohio State
    [cache] /roster {'team': 'Ohio State', 'year': 2014}
  Fetching roster 76/128: Oklahoma
    [cache] /roster {'team': 'Oklahoma', 'year': 2014}
  Fetching roster 77/128: Oklahoma State
    [cache] /roster {'team': 'Oklahoma State', 'year': 2014}
  Fetching roster 78/128: Old Dominion
    [cache] /roster {'team': 'Old Dominion', 'year': 2014}
  Fetching roster 79/128: Ole Miss
    [cache] /roster {'team': 'Ole Miss', 'year': 2014}
  Fetching roster 80/128: Oregon
    [cache] /roster {'team': 'Oregon', 'year': 2014}
  Fetching roster 81/128: Oregon State
    [cache] /roster {'team': 'Oregon State', 'year': 2014}
  Fetching roster 82/128: Penn State
    [cache] /roster {'team': 'Penn State', 'year': 2014}
  Fetching roster 83/128: Pittsburgh
    [cache] /roster {'team': 'Pittsburgh', 'year': 2014}
  Fetching roster 84/128: Purdue
    [cache] /roster {'team': 'Purdue', 'year': 2014}
  Fetching roster 85/128: Rice
    [cache] /roster {'team': 'Rice', 'year': 2014}
  Fetching roster 86/128: Rutgers
    [cache] /roster {'team': 'Rutgers', 'year': 2014}
  Fetching roster 87/128: San Diego State
    [cache] /roster {'team': 'San Diego State', 'year': 2014}
  Fetching roster 88/128: San José State
    [cache] /roster {'team': 'San José State', 'year': 2014}
  Fetching roster 89/128: SMU
    [cache] /roster {'team': 'SMU', 'year': 2014}
  Fetching roster 90/128: South Alabama
    [cache] /roster {'team': 'South Alabama', 'year': 2014}
  Fetching roster 91/128: South Carolina
    [cache] /roster {'team': 'South Carolina', 'year': 2014}
  Fetching roster 92/128: Southern Miss
    [cache] /roster {'team': 'Southern Miss', 'year': 2014}
  Fetching roster 93/128: South Florida
    [cache] /roster {'team': 'South Florida', 'year': 2014}
  Fetching roster 94/128: Stanford
    [cache] /roster {'team': 'Stanford', 'year': 2014}
  Fetching roster 95/128: Syracuse
    [cache] /roster {'team': 'Syracuse', 'year': 2014}
  Fetching roster 96/128: TCU
    [cache] /roster {'team': 'TCU', 'year': 2014}
  Fetching roster 97/128: Temple
    [cache] /roster {'team': 'Temple', 'year': 2014}
  Fetching roster 98/128: Tennessee
    [cache] /roster {'team': 'Tennessee', 'year': 2014}
  Fetching roster 99/128: Texas
    [cache] /roster {'team': 'Texas', 'year': 2014}
  Fetching roster 100/128: Texas A&M
    [cache] /roster {'team': 'Texas A&M', 'year': 2014}
  Fetching roster 101/128: Texas State
    [cache] /roster {'team': 'Texas State', 'year': 2014}
  Fetching roster 102/128: Texas Tech
    [cache] /roster {'team': 'Texas Tech', 'year': 2014}
  Fetching roster 103/128: Toledo
    [cache] /roster {'team': 'Toledo', 'year': 2014}
  Fetching roster 104/128: Troy
    [cache] /roster {'team': 'Troy', 'year': 2014}
  Fetching roster 105/128: Tulane
    [cache] /roster {'team': 'Tulane', 'year': 2014}
  Fetching roster 106/128: Tulsa
    [cache] /roster {'team': 'Tulsa', 'year': 2014}
  Fetching roster 107/128: UAB
    [cache] /roster {'team': 'UAB', 'year': 2014}
  Fetching roster 108/128: UCF
    [cache] /roster {'team': 'UCF', 'year': 2014}
  Fetching roster 109/128: UCLA
    [cache] /roster {'team': 'UCLA', 'year': 2014}
  Fetching roster 110/128: UConn
    [cache] /roster {'team': 'UConn', 'year': 2014}
  Fetching roster 111/128: UL Monroe
    [cache] /roster {'team': 'UL Monroe', 'year': 2014}
  Fetching roster 112/128: UNLV
    [cache] /roster {'team': 'UNLV', 'year': 2014}
  Fetching roster 113/128: USC
    [cache] /roster {'team': 'USC', 'year': 2014}
  Fetching roster 114/128: Utah
    [cache] /roster {'team': 'Utah', 'year': 2014}
  Fetching roster 115/128: Utah State
    [cache] /roster {'team': 'Utah State', 'year': 2014}
  Fetching roster 116/128: UTEP
    [cache] /roster {'team': 'UTEP', 'year': 2014}
  Fetching roster 117/128: UTSA
    [cache] /roster {'team': 'UTSA', 'year': 2014}
  Fetching roster 118/128: Vanderbilt
    [cache] /roster {'team': 'Vanderbilt', 'year': 2014}
  Fetching roster 119/128: Virginia
    [cache] /roster {'team': 'Virginia', 'year': 2014}
  Fetching roster 120/128: Virginia Tech
    [cache] /roster {'team': 'Virginia Tech', 'year': 2014}
  Fetching roster 121/128: Wake Forest
    [cache] /roster {'team': 'Wake Forest', 'year': 2014}
  Fetching roster 122/128: Washington
    [cache] /roster {'team': 'Washington', 'year': 2014}
  Fetching roster 123/128: Washington State
    [cache] /roster {'team': 'Washington State', 'year': 2014}
  Fetching roster 124/128: Western Kentucky
    [cache] /roster {'team': 'Western Kentucky', 'year': 2014}
  Fetching roster 125/128: Western Michigan
    [cache] /roster {'team': 'Western Michigan', 'year': 2014}
  Fetching roster 126/128: West Virginia
    [cache] /roster {'team': 'West Virginia', 'year': 2014}
  Fetching roster 127/128: Wisconsin
    [cache] /roster {'team': 'Wisconsin', 'year': 2014}
  Fetching roster 128/128: Wyoming
    [cache] /roster {'team': 'Wyoming', 'year': 2014}

[3/7] Fetching player stats...
    [cache] /stats/player/season {'year': 2014, 'seasonType': 'regular'}
  4792 player stat entries

[3b] Fetching player usage...
    [cache] /player/usage {'year': 2014, 'seasonType': 'regular'}
  3052 usage entries

[3c] Fetching player awards...
    GET /awards {'year': 2014}
    WARNING: /awards {'year': 2014} failed: Expecting value: line 2 column 1 (char 1)
  0 award entries
  0 OL draft picks mapped for 2015 NFL Draft

[4/7] Fetching PPA data...
    [cache] /ppa/players/season {'year': 2014}
  3052 PPA entries

[5/7] Fetching team stats + SP+ + talent...
    [cache] /stats/season {'year': 2014}
    [cache] /ratings/sp {'year': 2014}
    [cache] /talent {'year': 2014}

[6/7] Fetching recruiting data...
    Class 2010...
    [cache] /recruiting/players {'year': 2010}
    Class 2011...
    [cache] /recruiting/players {'year': 2011}
    Class 2012...
    [cache] /recruiting/players {'year': 2012}
    Class 2013...
    [cache] /recruiting/players {'year': 2013}
    Class 2014...
    [cache] /recruiting/players {'year': 2014}

[6b] Fetching game results and player game stats (Phase 2)...
    [cache] /games {'year': 2014, 'seasonType': 'regular'}
  1542 games fetched
  Fetching game stats 1/128: Air Force
    [cache] /games/players {'year': 2014, 'seasonType': 'regular', 'team': 'Air Force'}
  Fetching game stats 2/128: Akron
    [cache] /games/players {'year': 2014, 'seasonType': 'regular', 'team': 'Akron'}
  Fetching game stats 3/128: Alabama
    [cache] /games/players {'year': 2014, 'seasonType': 'regular', 'team': 'Alabama'}
  Fetching game stats 4/128: App State
    [cache] /games/players {'year': 2014, 'seasonType': 'regular', 'team': 'App State'}
  Fetching game stats 5/128: Arizona
    [cache] /games/players {'year': 2014, 'seasonType': 'regular', 'team': 'Arizona'}
  Fetching game stats 6/128: Arizona State
    [cache] /games/players {'year': 2014, 'seasonType': 'regular', 'team': 'Arizona State'}
  Fetching game stats 7/128: Arkansas
    [cache] /games/players {'year': 2014, 'seasonType': 'regular', 'team': 'Arkansas'}
  Fetching game stats 8/128: Arkansas State
    [cache] /games/players {'year': 2014, 'seasonType': 'regular', 'team': 'Arkansas State'}
  Fetching game stats 9/128: Army
    [cache] /games/players {'year': 2014, 'seasonType': 'regular', 'team': 'Army'}
  Fetching game stats 10/128: Auburn
    [cache] /games/players {'year': 2014, 'seasonType': 'regular', 'team': 'Auburn'}
  Fetching game stats 11/128: Ball State
    [cache] /games/players {'year': 2014, 'seasonType': 'regular', 'team': 'Ball State'}
  Fetching game stats 12/128: Baylor
    [cache] /games/players {'year': 2014, 'seasonType': 'regular', 'team': 'Baylor'}
  Fetching game stats 13/128: Boise State
    [cache] /games/players {'year': 2014, 'seasonType': 'regular', 'team': 'Boise State'}
  Fetching game stats 14/128: Boston College
    [cache] /games/players {'year': 2014, 'seasonType': 'regular', 'team': 'Boston College'}
  Fetching game stats 15/128: Bowling Green
    [cache] /games/players {'year': 2014, 'seasonType': 'regular', 'team': 'Bowling Green'}
  Fetching game stats 16/128: Buffalo
    [cache] /games/players {'year': 2014, 'seasonType': 'regular', 'team': 'Buffalo'}
  Fetching game stats 17/128: BYU
    [cache] /games/players {'year': 2014, 'seasonType': 'regular', 'team': 'BYU'}
  Fetching game stats 18/128: California
    [cache] /games/players {'year': 2014, 'seasonType': 'regular', 'team': 'California'}
  Fetching game stats 19/128: Central Michigan
    [cache] /games/players {'year': 2014, 'seasonType': 'regular', 'team': 'Central Michigan'}
  Fetching game stats 20/128: Cincinnati
    [cache] /games/players {'year': 2014, 'seasonType': 'regular', 'team': 'Cincinnati'}
  Fetching game stats 21/128: Clemson
    [cache] /games/players {'year': 2014, 'seasonType': 'regular', 'team': 'Clemson'}
  Fetching game stats 22/128: Colorado
    [cache] /games/players {'year': 2014, 'seasonType': 'regular', 'team': 'Colorado'}
  Fetching game stats 23/128: Colorado State
    [cache] /games/players {'year': 2014, 'seasonType': 'regular', 'team': 'Colorado State'}
  Fetching game stats 24/128: Duke
    [cache] /games/players {'year': 2014, 'seasonType': 'regular', 'team': 'Duke'}
  Fetching game stats 25/128: East Carolina
    [cache] /games/players {'year': 2014, 'seasonType': 'regular', 'team': 'East Carolina'}
  Fetching game stats 26/128: Eastern Michigan
    [cache] /games/players {'year': 2014, 'seasonType': 'regular', 'team': 'Eastern Michigan'}
  Fetching game stats 27/128: Florida
    [cache] /games/players {'year': 2014, 'seasonType': 'regular', 'team': 'Florida'}
  Fetching game stats 28/128: Florida Atlantic
    [cache] /games/players {'year': 2014, 'seasonType': 'regular', 'team': 'Florida Atlantic'}
  Fetching game stats 29/128: Florida International
    [cache] /games/players {'year': 2014, 'seasonType': 'regular', 'team': 'Florida International'}
  Fetching game stats 30/128: Florida State
    [cache] /games/players {'year': 2014, 'seasonType': 'regular', 'team': 'Florida State'}
  Fetching game stats 31/128: Fresno State
    [cache] /games/players {'year': 2014, 'seasonType': 'regular', 'team': 'Fresno State'}
  Fetching game stats 32/128: Georgia
    [cache] /games/players {'year': 2014, 'seasonType': 'regular', 'team': 'Georgia'}
  Fetching game stats 33/128: Georgia Southern
    [cache] /games/players {'year': 2014, 'seasonType': 'regular', 'team': 'Georgia Southern'}
  Fetching game stats 34/128: Georgia State
    [cache] /games/players {'year': 2014, 'seasonType': 'regular', 'team': 'Georgia State'}
  Fetching game stats 35/128: Georgia Tech
    [cache] /games/players {'year': 2014, 'seasonType': 'regular', 'team': 'Georgia Tech'}
  Fetching game stats 36/128: Hawai'i
    [cache] /games/players {'year': 2014, 'seasonType': 'regular', 'team': "Hawai'i"}
  Fetching game stats 37/128: Houston
    [cache] /games/players {'year': 2014, 'seasonType': 'regular', 'team': 'Houston'}
  Fetching game stats 38/128: Idaho
    [cache] /games/players {'year': 2014, 'seasonType': 'regular', 'team': 'Idaho'}
  Fetching game stats 39/128: Illinois
    [cache] /games/players {'year': 2014, 'seasonType': 'regular', 'team': 'Illinois'}
  Fetching game stats 40/128: Indiana
    [cache] /games/players {'year': 2014, 'seasonType': 'regular', 'team': 'Indiana'}
  Fetching game stats 41/128: Iowa
    [cache] /games/players {'year': 2014, 'seasonType': 'regular', 'team': 'Iowa'}
  Fetching game stats 42/128: Iowa State
    [cache] /games/players {'year': 2014, 'seasonType': 'regular', 'team': 'Iowa State'}
  Fetching game stats 43/128: Kansas
    [cache] /games/players {'year': 2014, 'seasonType': 'regular', 'team': 'Kansas'}
  Fetching game stats 44/128: Kansas State
    [cache] /games/players {'year': 2014, 'seasonType': 'regular', 'team': 'Kansas State'}
  Fetching game stats 45/128: Kent State
    [cache] /games/players {'year': 2014, 'seasonType': 'regular', 'team': 'Kent State'}
    WARNING: /games/players {'year': 2014, 'seasonType': 'regular', 'team': 'Kent State'} failed: Expecting ',' delimiter: line 1 column 8186 (char 8185)
  Fetching game stats 46/128: Kentucky
    [cache] /games/players {'year': 2014, 'seasonType': 'regular', 'team': 'Kentucky'}
  Fetching game stats 47/128: Louisiana
    [cache] /games/players {'year': 2014, 'seasonType': 'regular', 'team': 'Louisiana'}
  Fetching game stats 48/128: Louisiana Tech
    [cache] /games/players {'year': 2014, 'seasonType': 'regular', 'team': 'Louisiana Tech'}
  Fetching game stats 49/128: Louisville
    [cache] /games/players {'year': 2014, 'seasonType': 'regular', 'team': 'Louisville'}
  Fetching game stats 50/128: LSU
    [cache] /games/players {'year': 2014, 'seasonType': 'regular', 'team': 'LSU'}
  Fetching game stats 51/128: Marshall
    [cache] /games/players {'year': 2014, 'seasonType': 'regular', 'team': 'Marshall'}
  Fetching game stats 52/128: Maryland
    [cache] /games/players {'year': 2014, 'seasonType': 'regular', 'team': 'Maryland'}
  Fetching game stats 53/128: Massachusetts
    [cache] /games/players {'year': 2014, 'seasonType': 'regular', 'team': 'Massachusetts'}
  Fetching game stats 54/128: Memphis
    [cache] /games/players {'year': 2014, 'seasonType': 'regular', 'team': 'Memphis'}
  Fetching game stats 55/128: Miami
    [cache] /games/players {'year': 2014, 'seasonType': 'regular', 'team': 'Miami'}
  Fetching game stats 56/128: Miami (OH)
    [cache] /games/players {'year': 2014, 'seasonType': 'regular', 'team': 'Miami (OH)'}
  Fetching game stats 57/128: Michigan
    [cache] /games/players {'year': 2014, 'seasonType': 'regular', 'team': 'Michigan'}
  Fetching game stats 58/128: Michigan State
    [cache] /games/players {'year': 2014, 'seasonType': 'regular', 'team': 'Michigan State'}
  Fetching game stats 59/128: Middle Tennessee
    [cache] /games/players {'year': 2014, 'seasonType': 'regular', 'team': 'Middle Tennessee'}
  Fetching game stats 60/128: Minnesota
    [cache] /games/players {'year': 2014, 'seasonType': 'regular', 'team': 'Minnesota'}
  Fetching game stats 61/128: Mississippi State
    [cache] /games/players {'year': 2014, 'seasonType': 'regular', 'team': 'Mississippi State'}
  Fetching game stats 62/128: Missouri
    [cache] /games/players {'year': 2014, 'seasonType': 'regular', 'team': 'Missouri'}
  Fetching game stats 63/128: Navy
    [cache] /games/players {'year': 2014, 'seasonType': 'regular', 'team': 'Navy'}
    WARNING: /games/players {'year': 2014, 'seasonType': 'regular', 'team': 'Navy'} failed: Expecting ',' delimiter: line 1 column 40952 (char 40951)
  Fetching game stats 64/128: NC State
    [cache] /games/players {'year': 2014, 'seasonType': 'regular', 'team': 'NC State'}
  Fetching game stats 65/128: Nebraska
    [cache] /games/players {'year': 2014, 'seasonType': 'regular', 'team': 'Nebraska'}
  Fetching game stats 66/128: Nevada
    [cache] /games/players {'year': 2014, 'seasonType': 'regular', 'team': 'Nevada'}
  Fetching game stats 67/128: New Mexico
    [cache] /games/players {'year': 2014, 'seasonType': 'regular', 'team': 'New Mexico'}
  Fetching game stats 68/128: New Mexico State
    [cache] /games/players {'year': 2014, 'seasonType': 'regular', 'team': 'New Mexico State'}
  Fetching game stats 69/128: North Carolina
    [cache] /games/players {'year': 2014, 'seasonType': 'regular', 'team': 'North Carolina'}
  Fetching game stats 70/128: Northern Illinois
    [cache] /games/players {'year': 2014, 'seasonType': 'regular', 'team': 'Northern Illinois'}
  Fetching game stats 71/128: North Texas
    [cache] /games/players {'year': 2014, 'seasonType': 'regular', 'team': 'North Texas'}
  Fetching game stats 72/128: Northwestern
    [cache] /games/players {'year': 2014, 'seasonType': 'regular', 'team': 'Northwestern'}
  Fetching game stats 73/128: Notre Dame
    [cache] /games/players {'year': 2014, 'seasonType': 'regular', 'team': 'Notre Dame'}
  Fetching game stats 74/128: Ohio
    [cache] /games/players {'year': 2014, 'seasonType': 'regular', 'team': 'Ohio'}
  Fetching game stats 75/128: Ohio State
    [cache] /games/players {'year': 2014, 'seasonType': 'regular', 'team': 'Ohio State'}
  Fetching game stats 76/128: Oklahoma
    [cache] /games/players {'year': 2014, 'seasonType': 'regular', 'team': 'Oklahoma'}
  Fetching game stats 77/128: Oklahoma State
    [cache] /games/players {'year': 2014, 'seasonType': 'regular', 'team': 'Oklahoma State'}
  Fetching game stats 78/128: Old Dominion
    [cache] /games/players {'year': 2014, 'seasonType': 'regular', 'team': 'Old Dominion'}
  Fetching game stats 79/128: Ole Miss
    [cache] /games/players {'year': 2014, 'seasonType': 'regular', 'team': 'Ole Miss'}
  Fetching game stats 80/128: Oregon
    [cache] /games/players {'year': 2014, 'seasonType': 'regular', 'team': 'Oregon'}
  Fetching game stats 81/128: Oregon State
    [cache] /games/players {'year': 2014, 'seasonType': 'regular', 'team': 'Oregon State'}
    WARNING: /games/players {'year': 2014, 'seasonType': 'regular', 'team': 'Oregon State'} failed: Expecting ',' delimiter: line 1 column 65513 (char 65512)
  Fetching game stats 82/128: Penn State
    [cache] /games/players {'year': 2014, 'seasonType': 'regular', 'team': 'Penn State'}
  Fetching game stats 83/128: Pittsburgh
    [cache] /games/players {'year': 2014, 'seasonType': 'regular', 'team': 'Pittsburgh'}
  Fetching game stats 84/128: Purdue
    [cache] /games/players {'year': 2014, 'seasonType': 'regular', 'team': 'Purdue'}
  Fetching game stats 85/128: Rice
    [cache] /games/players {'year': 2014, 'seasonType': 'regular', 'team': 'Rice'}
  Fetching game stats 86/128: Rutgers
    [cache] /games/players {'year': 2014, 'seasonType': 'regular', 'team': 'Rutgers'}
  Fetching game stats 87/128: San Diego State
    [cache] /games/players {'year': 2014, 'seasonType': 'regular', 'team': 'San Diego State'}
  Fetching game stats 88/128: San José State
    [cache] /games/players {'year': 2014, 'seasonType': 'regular', 'team': 'San José State'}
  Fetching game stats 89/128: SMU
    [cache] /games/players {'year': 2014, 'seasonType': 'regular', 'team': 'SMU'}
  Fetching game stats 90/128: South Alabama
    [cache] /games/players {'year': 2014, 'seasonType': 'regular', 'team': 'South Alabama'}
  Fetching game stats 91/128: South Carolina
    [cache] /games/players {'year': 2014, 'seasonType': 'regular', 'team': 'South Carolina'}
  Fetching game stats 92/128: Southern Miss
    [cache] /games/players {'year': 2014, 'seasonType': 'regular', 'team': 'Southern Miss'}
  Fetching game stats 93/128: South Florida
    [cache] /games/players {'year': 2014, 'seasonType': 'regular', 'team': 'South Florida'}
  Fetching game stats 94/128: Stanford
    [cache] /games/players {'year': 2014, 'seasonType': 'regular', 'team': 'Stanford'}
  Fetching game stats 95/128: Syracuse
    [cache] /games/players {'year': 2014, 'seasonType': 'regular', 'team': 'Syracuse'}
  Fetching game stats 96/128: TCU
    [cache] /games/players {'year': 2014, 'seasonType': 'regular', 'team': 'TCU'}
  Fetching game stats 97/128: Temple
    [cache] /games/players {'year': 2014, 'seasonType': 'regular', 'team': 'Temple'}
  Fetching game stats 98/128: Tennessee
    [cache] /games/players {'year': 2014, 'seasonType': 'regular', 'team': 'Tennessee'}
  Fetching game stats 99/128: Texas
    [cache] /games/players {'year': 2014, 'seasonType': 'regular', 'team': 'Texas'}
  Fetching game stats 100/128: Texas A&M
    [cache] /games/players {'year': 2014, 'seasonType': 'regular', 'team': 'Texas A&M'}
  Fetching game stats 101/128: Texas State
    [cache] /games/players {'year': 2014, 'seasonType': 'regular', 'team': 'Texas State'}
  Fetching game stats 102/128: Texas Tech
    [cache] /games/players {'year': 2014, 'seasonType': 'regular', 'team': 'Texas Tech'}
  Fetching game stats 103/128: Toledo
    [cache] /games/players {'year': 2014, 'seasonType': 'regular', 'team': 'Toledo'}
  Fetching game stats 104/128: Troy
    [cache] /games/players {'year': 2014, 'seasonType': 'regular', 'team': 'Troy'}
  Fetching game stats 105/128: Tulane
    [cache] /games/players {'year': 2014, 'seasonType': 'regular', 'team': 'Tulane'}
  Fetching game stats 106/128: Tulsa
    [cache] /games/players {'year': 2014, 'seasonType': 'regular', 'team': 'Tulsa'}
  Fetching game stats 107/128: UAB
    [cache] /games/players {'year': 2014, 'seasonType': 'regular', 'team': 'UAB'}
  Fetching game stats 108/128: UCF
    [cache] /games/players {'year': 2014, 'seasonType': 'regular', 'team': 'UCF'}
  Fetching game stats 109/128: UCLA
    [cache] /games/players {'year': 2014, 'seasonType': 'regular', 'team': 'UCLA'}
  Fetching game stats 110/128: UConn
    [cache] /games/players {'year': 2014, 'seasonType': 'regular', 'team': 'UConn'}
  Fetching game stats 111/128: UL Monroe
    [cache] /games/players {'year': 2014, 'seasonType': 'regular', 'team': 'UL Monroe'}
  Fetching game stats 112/128: UNLV
    [cache] /games/players {'year': 2014, 'seasonType': 'regular', 'team': 'UNLV'}
  Fetching game stats 113/128: USC
    [cache] /games/players {'year': 2014, 'seasonType': 'regular', 'team': 'USC'}
  Fetching game stats 114/128: Utah
    [cache] /games/players {'year': 2014, 'seasonType': 'regular', 'team': 'Utah'}
  Fetching game stats 115/128: Utah State
    [cache] /games/players {'year': 2014, 'seasonType': 'regular', 'team': 'Utah State'}
  Fetching game stats 116/128: UTEP
    [cache] /games/players {'year': 2014, 'seasonType': 'regular', 'team': 'UTEP'}
  Fetching game stats 117/128: UTSA
    [cache] /games/players {'year': 2014, 'seasonType': 'regular', 'team': 'UTSA'}
  Fetching game stats 118/128: Vanderbilt
    [cache] /games/players {'year': 2014, 'seasonType': 'regular', 'team': 'Vanderbilt'}
  Fetching game stats 119/128: Virginia
    [cache] /games/players {'year': 2014, 'seasonType': 'regular', 'team': 'Virginia'}
  Fetching game stats 120/128: Virginia Tech
    [cache] /games/players {'year': 2014, 'seasonType': 'regular', 'team': 'Virginia Tech'}
  Fetching game stats 121/128: Wake Forest
    [cache] /games/players {'year': 2014, 'seasonType': 'regular', 'team': 'Wake Forest'}
  Fetching game stats 122/128: Washington
    [cache] /games/players {'year': 2014, 'seasonType': 'regular', 'team': 'Washington'}
  Fetching game stats 123/128: Washington State
    [cache] /games/players {'year': 2014, 'seasonType': 'regular', 'team': 'Washington State'}
  Fetching game stats 124/128: Western Kentucky
    [cache] /games/players {'year': 2014, 'seasonType': 'regular', 'team': 'Western Kentucky'}
  Fetching game stats 125/128: Western Michigan
    [cache] /games/players {'year': 2014, 'seasonType': 'regular', 'team': 'Western Michigan'}
  Fetching game stats 126/128: West Virginia
    [cache] /games/players {'year': 2014, 'seasonType': 'regular', 'team': 'West Virginia'}
  Fetching game stats 127/128: Wisconsin
    [cache] /games/players {'year': 2014, 'seasonType': 'regular', 'team': 'Wisconsin'}
  Fetching game stats 128/128: Wyoming
    [cache] /games/players {'year': 2014, 'seasonType': 'regular', 'team': 'Wyoming'}
  826 unique games with player stats fetched

[6c] Fetching drives and plays by week (weeks 1-16)...
    drives week 1/16
    [cache] /drives {'year': 2014, 'week': 1, 'seasonType': 'regular'}
    drives week 2/16
    [cache] /drives {'year': 2014, 'week': 2, 'seasonType': 'regular'}
    drives week 3/16
    [cache] /drives {'year': 2014, 'week': 3, 'seasonType': 'regular'}
    drives week 4/16
    [cache] /drives {'year': 2014, 'week': 4, 'seasonType': 'regular'}
    drives week 5/16
    [cache] /drives {'year': 2014, 'week': 5, 'seasonType': 'regular'}
    drives week 6/16
    [cache] /drives {'year': 2014, 'week': 6, 'seasonType': 'regular'}
    drives week 7/16
    [cache] /drives {'year': 2014, 'week': 7, 'seasonType': 'regular'}
    drives week 8/16
    [cache] /drives {'year': 2014, 'week': 8, 'seasonType': 'regular'}
    drives week 9/16
    [cache] /drives {'year': 2014, 'week': 9, 'seasonType': 'regular'}
    drives week 10/16
    [cache] /drives {'year': 2014, 'week': 10, 'seasonType': 'regular'}
    drives week 11/16
    [cache] /drives {'year': 2014, 'week': 11, 'seasonType': 'regular'}
    drives week 12/16
    [cache] /drives {'year': 2014, 'week': 12, 'seasonType': 'regular'}
    drives week 13/16
    [cache] /drives {'year': 2014, 'week': 13, 'seasonType': 'regular'}
    drives week 14/16
    [cache] /drives {'year': 2014, 'week': 14, 'seasonType': 'regular'}
    drives week 15/16
    [cache] /drives {'year': 2014, 'week': 15, 'seasonType': 'regular'}
    drives week 16/16
    [cache] /drives {'year': 2014, 'week': 16, 'seasonType': 'regular'}
  21436 total drives fetched
    plays week 1/16
    [cache] /plays {'year': 2014, 'week': 1, 'seasonType': 'regular'}
    plays week 2/16
    [cache] /plays {'year': 2014, 'week': 2, 'seasonType': 'regular'}
    plays week 3/16
    [cache] /plays {'year': 2014, 'week': 3, 'seasonType': 'regular'}
    plays week 4/16
    [cache] /plays {'year': 2014, 'week': 4, 'seasonType': 'regular'}
    plays week 5/16
    [cache] /plays {'year': 2014, 'week': 5, 'seasonType': 'regular'}
    plays week 6/16
    [cache] /plays {'year': 2014, 'week': 6, 'seasonType': 'regular'}
    plays week 7/16
    [cache] /plays {'year': 2014, 'week': 7, 'seasonType': 'regular'}
    plays week 8/16
    [cache] /plays {'year': 2014, 'week': 8, 'seasonType': 'regular'}
    plays week 9/16
    [cache] /plays {'year': 2014, 'week': 9, 'seasonType': 'regular'}
    plays week 10/16
    [cache] /plays {'year': 2014, 'week': 10, 'seasonType': 'regular'}
    plays week 11/16
    [cache] /plays {'year': 2014, 'week': 11, 'seasonType': 'regular'}
    plays week 12/16
    [cache] /plays {'year': 2014, 'week': 12, 'seasonType': 'regular'}
    plays week 13/16
    [cache] /plays {'year': 2014, 'week': 13, 'seasonType': 'regular'}
    plays week 14/16
    [cache] /plays {'year': 2014, 'week': 14, 'seasonType': 'regular'}
    plays week 15/16
    [cache] /plays {'year': 2014, 'week': 15, 'seasonType': 'regular'}
    plays week 16/16
    [cache] /plays {'year': 2014, 'week': 16, 'seasonType': 'regular'}
  150886 total plays fetched
  1537 rushers with parsed carry data (674 QBs excluded)

[7/7] Processing ratings...
  Building opponent-weighted stats from gamelog...
  3957 players with opponent-weighted stats
Building player gamelogs (early pass for gamelog-derived skills)...
  Gamelog-derived skills computed for 3957 players
Normalizing ratings...
Applying backup/no-data tier ratings...
  7503 backup/no-data players rated via star-anchor pathway
  OL boosts applied to 1036 player(s) (draft/awards/continuity)
Computing team ratings...
Generating public names...

  Year 2014 rating distribution:
    40-49:  5000 (33%) ################
    50-59:  3120 (21%) ##########
    60-69:  3268 (22%) ###########
    70-79:  2419 (16%) ########
    80-89:   865 ( 5%) ##
    90-99:   138 ( 0%) 
    Min=40 Max=98 Median=58
  128 teams, 14810 players.
Building schedule, drives, and plays...
  1542 games, 3957 players with gamelogs
  21436 drives, 150886 plays

Writing to C:\Projects\CFB-Video-Game\app\assets\data/
  2014/teams_private.json: 128 entries
  2014/teams_public.json: 128 entries
  2014/players_private.json: 14810 entries
  2014/players_public.json: 14810 entries
  2014/ratings.json: 14810 entries
  2014/team_schedule.json: 1542 entries
  2014/player_gamelog.json: 3957 keys, 20632 entries
  2014/team_drives.json: 206 keys, 21436 entries
  2014/team_plays_wk*.json.gz: 16 weeks, 150886 plays
  Loaded 14808 player IDs from 2014 for continuity check

============================================================
  PROCESSING YEAR 2015
============================================================

[1/7] Fetching FBS teams...
    [cache] /teams/fbs {'year': 2015}
  Found 128 teams

[2/7] Fetching rosters...
  Fetching roster 1/128: Air Force
    [cache] /roster {'team': 'Air Force', 'year': 2015}
  Fetching roster 2/128: Akron
    [cache] /roster {'team': 'Akron', 'year': 2015}
  Fetching roster 3/128: Alabama
    [cache] /roster {'team': 'Alabama', 'year': 2015}
  Fetching roster 4/128: App State
    [cache] /roster {'team': 'App State', 'year': 2015}
  Fetching roster 5/128: Arizona
    [cache] /roster {'team': 'Arizona', 'year': 2015}
  Fetching roster 6/128: Arizona State
    [cache] /roster {'team': 'Arizona State', 'year': 2015}
  Fetching roster 7/128: Arkansas
    [cache] /roster {'team': 'Arkansas', 'year': 2015}
  Fetching roster 8/128: Arkansas State
    [cache] /roster {'team': 'Arkansas State', 'year': 2015}
  Fetching roster 9/128: Army
    [cache] /roster {'team': 'Army', 'year': 2015}
  Fetching roster 10/128: Auburn
    [cache] /roster {'team': 'Auburn', 'year': 2015}
  Fetching roster 11/128: Ball State
    [cache] /roster {'team': 'Ball State', 'year': 2015}
  Fetching roster 12/128: Baylor
    [cache] /roster {'team': 'Baylor', 'year': 2015}
  Fetching roster 13/128: Boise State
    [cache] /roster {'team': 'Boise State', 'year': 2015}
  Fetching roster 14/128: Boston College
    [cache] /roster {'team': 'Boston College', 'year': 2015}
  Fetching roster 15/128: Bowling Green
    [cache] /roster {'team': 'Bowling Green', 'year': 2015}
  Fetching roster 16/128: Buffalo
    [cache] /roster {'team': 'Buffalo', 'year': 2015}
  Fetching roster 17/128: BYU
    [cache] /roster {'team': 'BYU', 'year': 2015}
  Fetching roster 18/128: California
    [cache] /roster {'team': 'California', 'year': 2015}
  Fetching roster 19/128: Central Michigan
    [cache] /roster {'team': 'Central Michigan', 'year': 2015}
  Fetching roster 20/128: Charlotte
    [cache] /roster {'team': 'Charlotte', 'year': 2015}
  Fetching roster 21/128: Cincinnati
    [cache] /roster {'team': 'Cincinnati', 'year': 2015}
  Fetching roster 22/128: Clemson
    [cache] /roster {'team': 'Clemson', 'year': 2015}
  Fetching roster 23/128: Colorado
    [cache] /roster {'team': 'Colorado', 'year': 2015}
  Fetching roster 24/128: Colorado State
    [cache] /roster {'team': 'Colorado State', 'year': 2015}
  Fetching roster 25/128: Duke
    [cache] /roster {'team': 'Duke', 'year': 2015}
  Fetching roster 26/128: East Carolina
    [cache] /roster {'team': 'East Carolina', 'year': 2015}
  Fetching roster 27/128: Eastern Michigan
    [cache] /roster {'team': 'Eastern Michigan', 'year': 2015}
  Fetching roster 28/128: Florida
    [cache] /roster {'team': 'Florida', 'year': 2015}
  Fetching roster 29/128: Florida Atlantic
    [cache] /roster {'team': 'Florida Atlantic', 'year': 2015}
  Fetching roster 30/128: Florida International
    [cache] /roster {'team': 'Florida International', 'year': 2015}
  Fetching roster 31/128: Florida State
    [cache] /roster {'team': 'Florida State', 'year': 2015}
  Fetching roster 32/128: Fresno State
    [cache] /roster {'team': 'Fresno State', 'year': 2015}
  Fetching roster 33/128: Georgia
    [cache] /roster {'team': 'Georgia', 'year': 2015}
  Fetching roster 34/128: Georgia Southern
    [cache] /roster {'team': 'Georgia Southern', 'year': 2015}
  Fetching roster 35/128: Georgia State
    [cache] /roster {'team': 'Georgia State', 'year': 2015}
  Fetching roster 36/128: Georgia Tech
    [cache] /roster {'team': 'Georgia Tech', 'year': 2015}
  Fetching roster 37/128: Hawai'i
    [cache] /roster {'team': "Hawai'i", 'year': 2015}
  Fetching roster 38/128: Houston
    [cache] /roster {'team': 'Houston', 'year': 2015}
  Fetching roster 39/128: Idaho
    [cache] /roster {'team': 'Idaho', 'year': 2015}
  Fetching roster 40/128: Illinois
    [cache] /roster {'team': 'Illinois', 'year': 2015}
  Fetching roster 41/128: Indiana
    [cache] /roster {'team': 'Indiana', 'year': 2015}
  Fetching roster 42/128: Iowa
    [cache] /roster {'team': 'Iowa', 'year': 2015}
  Fetching roster 43/128: Iowa State
    [cache] /roster {'team': 'Iowa State', 'year': 2015}
  Fetching roster 44/128: Kansas
    [cache] /roster {'team': 'Kansas', 'year': 2015}
  Fetching roster 45/128: Kansas State
    [cache] /roster {'team': 'Kansas State', 'year': 2015}
  Fetching roster 46/128: Kent State
    [cache] /roster {'team': 'Kent State', 'year': 2015}
  Fetching roster 47/128: Kentucky
    [cache] /roster {'team': 'Kentucky', 'year': 2015}
  Fetching roster 48/128: Louisiana
    [cache] /roster {'team': 'Louisiana', 'year': 2015}
  Fetching roster 49/128: Louisiana Tech
    [cache] /roster {'team': 'Louisiana Tech', 'year': 2015}
  Fetching roster 50/128: Louisville
    [cache] /roster {'team': 'Louisville', 'year': 2015}
  Fetching roster 51/128: LSU
    [cache] /roster {'team': 'LSU', 'year': 2015}
  Fetching roster 52/128: Marshall
    [cache] /roster {'team': 'Marshall', 'year': 2015}
  Fetching roster 53/128: Maryland
    [cache] /roster {'team': 'Maryland', 'year': 2015}
  Fetching roster 54/128: Massachusetts
    [cache] /roster {'team': 'Massachusetts', 'year': 2015}
  Fetching roster 55/128: Memphis
    [cache] /roster {'team': 'Memphis', 'year': 2015}
  Fetching roster 56/128: Miami
    [cache] /roster {'team': 'Miami', 'year': 2015}
  Fetching roster 57/128: Miami (OH)
    [cache] /roster {'team': 'Miami (OH)', 'year': 2015}
  Fetching roster 58/128: Michigan
    [cache] /roster {'team': 'Michigan', 'year': 2015}
  Fetching roster 59/128: Michigan State
    [cache] /roster {'team': 'Michigan State', 'year': 2015}
  Fetching roster 60/128: Middle Tennessee
    [cache] /roster {'team': 'Middle Tennessee', 'year': 2015}
  Fetching roster 61/128: Minnesota
    [cache] /roster {'team': 'Minnesota', 'year': 2015}
  Fetching roster 62/128: Mississippi State
    [cache] /roster {'team': 'Mississippi State', 'year': 2015}
  Fetching roster 63/128: Missouri
    [cache] /roster {'team': 'Missouri', 'year': 2015}
  Fetching roster 64/128: Navy
    [cache] /roster {'team': 'Navy', 'year': 2015}
  Fetching roster 65/128: NC State
    [cache] /roster {'team': 'NC State', 'year': 2015}
  Fetching roster 66/128: Nebraska
    [cache] /roster {'team': 'Nebraska', 'year': 2015}
  Fetching roster 67/128: Nevada
    [cache] /roster {'team': 'Nevada', 'year': 2015}
  Fetching roster 68/128: New Mexico
    [cache] /roster {'team': 'New Mexico', 'year': 2015}
  Fetching roster 69/128: New Mexico State
    [cache] /roster {'team': 'New Mexico State', 'year': 2015}
  Fetching roster 70/128: North Carolina
    [cache] /roster {'team': 'North Carolina', 'year': 2015}
  Fetching roster 71/128: Northern Illinois
    [cache] /roster {'team': 'Northern Illinois', 'year': 2015}
  Fetching roster 72/128: North Texas
    [cache] /roster {'team': 'North Texas', 'year': 2015}
  Fetching roster 73/128: Northwestern
    [cache] /roster {'team': 'Northwestern', 'year': 2015}
  Fetching roster 74/128: Notre Dame
    [cache] /roster {'team': 'Notre Dame', 'year': 2015}
  Fetching roster 75/128: Ohio
    [cache] /roster {'team': 'Ohio', 'year': 2015}
  Fetching roster 76/128: Ohio State
    [cache] /roster {'team': 'Ohio State', 'year': 2015}
  Fetching roster 77/128: Oklahoma
    [cache] /roster {'team': 'Oklahoma', 'year': 2015}
  Fetching roster 78/128: Oklahoma State
    [cache] /roster {'team': 'Oklahoma State', 'year': 2015}
  Fetching roster 79/128: Old Dominion
    [cache] /roster {'team': 'Old Dominion', 'year': 2015}
  Fetching roster 80/128: Ole Miss
    [cache] /roster {'team': 'Ole Miss', 'year': 2015}
  Fetching roster 81/128: Oregon
    [cache] /roster {'team': 'Oregon', 'year': 2015}
  Fetching roster 82/128: Oregon State
    [cache] /roster {'team': 'Oregon State', 'year': 2015}
  Fetching roster 83/128: Penn State
    [cache] /roster {'team': 'Penn State', 'year': 2015}
  Fetching roster 84/128: Pittsburgh
    [cache] /roster {'team': 'Pittsburgh', 'year': 2015}
  Fetching roster 85/128: Purdue
    [cache] /roster {'team': 'Purdue', 'year': 2015}
  Fetching roster 86/128: Rice
    [cache] /roster {'team': 'Rice', 'year': 2015}
  Fetching roster 87/128: Rutgers
    [cache] /roster {'team': 'Rutgers', 'year': 2015}
  Fetching roster 88/128: San Diego State
    [cache] /roster {'team': 'San Diego State', 'year': 2015}
  Fetching roster 89/128: San José State
    [cache] /roster {'team': 'San José State', 'year': 2015}
  Fetching roster 90/128: SMU
    [cache] /roster {'team': 'SMU', 'year': 2015}
  Fetching roster 91/128: South Alabama
    [cache] /roster {'team': 'South Alabama', 'year': 2015}
  Fetching roster 92/128: South Carolina
    [cache] /roster {'team': 'South Carolina', 'year': 2015}
  Fetching roster 93/128: Southern Miss
    [cache] /roster {'team': 'Southern Miss', 'year': 2015}
  Fetching roster 94/128: South Florida
    [cache] /roster {'team': 'South Florida', 'year': 2015}
  Fetching roster 95/128: Stanford
    [cache] /roster {'team': 'Stanford', 'year': 2015}
  Fetching roster 96/128: Syracuse
    [cache] /roster {'team': 'Syracuse', 'year': 2015}
  Fetching roster 97/128: TCU
    [cache] /roster {'team': 'TCU', 'year': 2015}
  Fetching roster 98/128: Temple
    [cache] /roster {'team': 'Temple', 'year': 2015}
  Fetching roster 99/128: Tennessee
    [cache] /roster {'team': 'Tennessee', 'year': 2015}
  Fetching roster 100/128: Texas
    [cache] /roster {'team': 'Texas', 'year': 2015}
  Fetching roster 101/128: Texas A&M
    [cache] /roster {'team': 'Texas A&M', 'year': 2015}
  Fetching roster 102/128: Texas State
    [cache] /roster {'team': 'Texas State', 'year': 2015}
  Fetching roster 103/128: Texas Tech
    [cache] /roster {'team': 'Texas Tech', 'year': 2015}
  Fetching roster 104/128: Toledo
    [cache] /roster {'team': 'Toledo', 'year': 2015}
  Fetching roster 105/128: Troy
    [cache] /roster {'team': 'Troy', 'year': 2015}
  Fetching roster 106/128: Tulane
    [cache] /roster {'team': 'Tulane', 'year': 2015}
  Fetching roster 107/128: Tulsa
    [cache] /roster {'team': 'Tulsa', 'year': 2015}
  Fetching roster 108/128: UCF
    [cache] /roster {'team': 'UCF', 'year': 2015}
  Fetching roster 109/128: UCLA
    [cache] /roster {'team': 'UCLA', 'year': 2015}
  Fetching roster 110/128: UConn
    [cache] /roster {'team': 'UConn', 'year': 2015}
  Fetching roster 111/128: UL Monroe
    [cache] /roster {'team': 'UL Monroe', 'year': 2015}
  Fetching roster 112/128: UNLV
    [cache] /roster {'team': 'UNLV', 'year': 2015}
  Fetching roster 113/128: USC
    [cache] /roster {'team': 'USC', 'year': 2015}
  Fetching roster 114/128: Utah
    [cache] /roster {'team': 'Utah', 'year': 2015}
  Fetching roster 115/128: Utah State
    [cache] /roster {'team': 'Utah State', 'year': 2015}
  Fetching roster 116/128: UTEP
    [cache] /roster {'team': 'UTEP', 'year': 2015}
  Fetching roster 117/128: UTSA
    [cache] /roster {'team': 'UTSA', 'year': 2015}
  Fetching roster 118/128: Vanderbilt
    [cache] /roster {'team': 'Vanderbilt', 'year': 2015}
  Fetching roster 119/128: Virginia
    [cache] /roster {'team': 'Virginia', 'year': 2015}
  Fetching roster 120/128: Virginia Tech
    [cache] /roster {'team': 'Virginia Tech', 'year': 2015}
  Fetching roster 121/128: Wake Forest
    [cache] /roster {'team': 'Wake Forest', 'year': 2015}
  Fetching roster 122/128: Washington
    [cache] /roster {'team': 'Washington', 'year': 2015}
  Fetching roster 123/128: Washington State
    [cache] /roster {'team': 'Washington State', 'year': 2015}
  Fetching roster 124/128: Western Kentucky
    [cache] /roster {'team': 'Western Kentucky', 'year': 2015}
  Fetching roster 125/128: Western Michigan
    [cache] /roster {'team': 'Western Michigan', 'year': 2015}
  Fetching roster 126/128: West Virginia
    [cache] /roster {'team': 'West Virginia', 'year': 2015}
  Fetching roster 127/128: Wisconsin
    [cache] /roster {'team': 'Wisconsin', 'year': 2015}
  Fetching roster 128/128: Wyoming
    [cache] /roster {'team': 'Wyoming', 'year': 2015}

[3/7] Fetching player stats...
    [cache] /stats/player/season {'year': 2015, 'seasonType': 'regular'}
  4883 player stat entries

[3b] Fetching player usage...
    [cache] /player/usage {'year': 2015, 'seasonType': 'regular'}
  3096 usage entries

[3c] Fetching player awards...
    GET /awards {'year': 2015}
    WARNING: /awards {'year': 2015} failed: Expecting value: line 2 column 1 (char 1)
  0 award entries
  0 OL draft picks mapped for 2016 NFL Draft

[4/7] Fetching PPA data...
    [cache] /ppa/players/season {'year': 2015}
  3096 PPA entries

[5/7] Fetching team stats + SP+ + talent...
    [cache] /stats/season {'year': 2015}
    [cache] /ratings/sp {'year': 2015}
    [cache] /talent {'year': 2015}

[6/7] Fetching recruiting data...
    Class 2011...
    [cache] /recruiting/players {'year': 2011}
    Class 2012...
    [cache] /recruiting/players {'year': 2012}
    Class 2013...
    [cache] /recruiting/players {'year': 2013}
    Class 2014...
    [cache] /recruiting/players {'year': 2014}
    Class 2015...
    [cache] /recruiting/players {'year': 2015}

[6b] Fetching game results and player game stats (Phase 2)...
    [cache] /games {'year': 2015, 'seasonType': 'regular'}
  1491 games fetched
  Fetching game stats 1/128: Air Force
    [cache] /games/players {'year': 2015, 'seasonType': 'regular', 'team': 'Air Force'}
  Fetching game stats 2/128: Akron
    [cache] /games/players {'year': 2015, 'seasonType': 'regular', 'team': 'Akron'}
  Fetching game stats 3/128: Alabama
    [cache] /games/players {'year': 2015, 'seasonType': 'regular', 'team': 'Alabama'}
  Fetching game stats 4/128: App State
    [cache] /games/players {'year': 2015, 'seasonType': 'regular', 'team': 'App State'}
  Fetching game stats 5/128: Arizona
    [cache] /games/players {'year': 2015, 'seasonType': 'regular', 'team': 'Arizona'}
  Fetching game stats 6/128: Arizona State
    [cache] /games/players {'year': 2015, 'seasonType': 'regular', 'team': 'Arizona State'}
  Fetching game stats 7/128: Arkansas
    [cache] /games/players {'year': 2015, 'seasonType': 'regular', 'team': 'Arkansas'}
  Fetching game stats 8/128: Arkansas State
    [cache] /games/players {'year': 2015, 'seasonType': 'regular', 'team': 'Arkansas State'}
  Fetching game stats 9/128: Army
    [cache] /games/players {'year': 2015, 'seasonType': 'regular', 'team': 'Army'}
  Fetching game stats 10/128: Auburn
    [cache] /games/players {'year': 2015, 'seasonType': 'regular', 'team': 'Auburn'}
  Fetching game stats 11/128: Ball State
    [cache] /games/players {'year': 2015, 'seasonType': 'regular', 'team': 'Ball State'}
  Fetching game stats 12/128: Baylor
    [cache] /games/players {'year': 2015, 'seasonType': 'regular', 'team': 'Baylor'}
  Fetching game stats 13/128: Boise State
    [cache] /games/players {'year': 2015, 'seasonType': 'regular', 'team': 'Boise State'}
  Fetching game stats 14/128: Boston College
    [cache] /games/players {'year': 2015, 'seasonType': 'regular', 'team': 'Boston College'}
  Fetching game stats 15/128: Bowling Green
    [cache] /games/players {'year': 2015, 'seasonType': 'regular', 'team': 'Bowling Green'}
  Fetching game stats 16/128: Buffalo
    [cache] /games/players {'year': 2015, 'seasonType': 'regular', 'team': 'Buffalo'}
  Fetching game stats 17/128: BYU
    [cache] /games/players {'year': 2015, 'seasonType': 'regular', 'team': 'BYU'}
  Fetching game stats 18/128: California
    [cache] /games/players {'year': 2015, 'seasonType': 'regular', 'team': 'California'}
  Fetching game stats 19/128: Central Michigan
    [cache] /games/players {'year': 2015, 'seasonType': 'regular', 'team': 'Central Michigan'}
  Fetching game stats 20/128: Charlotte
    [cache] /games/players {'year': 2015, 'seasonType': 'regular', 'team': 'Charlotte'}
  Fetching game stats 21/128: Cincinnati
    [cache] /games/players {'year': 2015, 'seasonType': 'regular', 'team': 'Cincinnati'}
  Fetching game stats 22/128: Clemson
    [cache] /games/players {'year': 2015, 'seasonType': 'regular', 'team': 'Clemson'}
  Fetching game stats 23/128: Colorado
    [cache] /games/players {'year': 2015, 'seasonType': 'regular', 'team': 'Colorado'}
  Fetching game stats 24/128: Colorado State
    [cache] /games/players {'year': 2015, 'seasonType': 'regular', 'team': 'Colorado State'}
  Fetching game stats 25/128: Duke
    [cache] /games/players {'year': 2015, 'seasonType': 'regular', 'team': 'Duke'}
  Fetching game stats 26/128: East Carolina
    [cache] /games/players {'year': 2015, 'seasonType': 'regular', 'team': 'East Carolina'}
  Fetching game stats 27/128: Eastern Michigan
    [cache] /games/players {'year': 2015, 'seasonType': 'regular', 'team': 'Eastern Michigan'}
  Fetching game stats 28/128: Florida
    [cache] /games/players {'year': 2015, 'seasonType': 'regular', 'team': 'Florida'}
  Fetching game stats 29/128: Florida Atlantic
    [cache] /games/players {'year': 2015, 'seasonType': 'regular', 'team': 'Florida Atlantic'}
  Fetching game stats 30/128: Florida International
    [cache] /games/players {'year': 2015, 'seasonType': 'regular', 'team': 'Florida International'}
  Fetching game stats 31/128: Florida State
    [cache] /games/players {'year': 2015, 'seasonType': 'regular', 'team': 'Florida State'}
  Fetching game stats 32/128: Fresno State
    [cache] /games/players {'year': 2015, 'seasonType': 'regular', 'team': 'Fresno State'}
  Fetching game stats 33/128: Georgia
    [cache] /games/players {'year': 2015, 'seasonType': 'regular', 'team': 'Georgia'}
  Fetching game stats 34/128: Georgia Southern
    [cache] /games/players {'year': 2015, 'seasonType': 'regular', 'team': 'Georgia Southern'}
  Fetching game stats 35/128: Georgia State
    [cache] /games/players {'year': 2015, 'seasonType': 'regular', 'team': 'Georgia State'}
  Fetching game stats 36/128: Georgia Tech
    [cache] /games/players {'year': 2015, 'seasonType': 'regular', 'team': 'Georgia Tech'}
  Fetching game stats 37/128: Hawai'i
    [cache] /games/players {'year': 2015, 'seasonType': 'regular', 'team': "Hawai'i"}
  Fetching game stats 38/128: Houston
    [cache] /games/players {'year': 2015, 'seasonType': 'regular', 'team': 'Houston'}
  Fetching game stats 39/128: Idaho
    [cache] /games/players {'year': 2015, 'seasonType': 'regular', 'team': 'Idaho'}
  Fetching game stats 40/128: Illinois
    [cache] /games/players {'year': 2015, 'seasonType': 'regular', 'team': 'Illinois'}
  Fetching game stats 41/128: Indiana
    [cache] /games/players {'year': 2015, 'seasonType': 'regular', 'team': 'Indiana'}
  Fetching game stats 42/128: Iowa
    [cache] /games/players {'year': 2015, 'seasonType': 'regular', 'team': 'Iowa'}
  Fetching game stats 43/128: Iowa State
    [cache] /games/players {'year': 2015, 'seasonType': 'regular', 'team': 'Iowa State'}
  Fetching game stats 44/128: Kansas
    [cache] /games/players {'year': 2015, 'seasonType': 'regular', 'team': 'Kansas'}
  Fetching game stats 45/128: Kansas State
    [cache] /games/players {'year': 2015, 'seasonType': 'regular', 'team': 'Kansas State'}
  Fetching game stats 46/128: Kent State
    [cache] /games/players {'year': 2015, 'seasonType': 'regular', 'team': 'Kent State'}
  Fetching game stats 47/128: Kentucky
    [cache] /games/players {'year': 2015, 'seasonType': 'regular', 'team': 'Kentucky'}
  Fetching game stats 48/128: Louisiana
    [cache] /games/players {'year': 2015, 'seasonType': 'regular', 'team': 'Louisiana'}
  Fetching game stats 49/128: Louisiana Tech
    [cache] /games/players {'year': 2015, 'seasonType': 'regular', 'team': 'Louisiana Tech'}
  Fetching game stats 50/128: Louisville
    [cache] /games/players {'year': 2015, 'seasonType': 'regular', 'team': 'Louisville'}
  Fetching game stats 51/128: LSU
    [cache] /games/players {'year': 2015, 'seasonType': 'regular', 'team': 'LSU'}
  Fetching game stats 52/128: Marshall
    [cache] /games/players {'year': 2015, 'seasonType': 'regular', 'team': 'Marshall'}
  Fetching game stats 53/128: Maryland
    [cache] /games/players {'year': 2015, 'seasonType': 'regular', 'team': 'Maryland'}
  Fetching game stats 54/128: Massachusetts
    [cache] /games/players {'year': 2015, 'seasonType': 'regular', 'team': 'Massachusetts'}
  Fetching game stats 55/128: Memphis
    [cache] /games/players {'year': 2015, 'seasonType': 'regular', 'team': 'Memphis'}
  Fetching game stats 56/128: Miami
    [cache] /games/players {'year': 2015, 'seasonType': 'regular', 'team': 'Miami'}
  Fetching game stats 57/128: Miami (OH)
    [cache] /games/players {'year': 2015, 'seasonType': 'regular', 'team': 'Miami (OH)'}
  Fetching game stats 58/128: Michigan
    [cache] /games/players {'year': 2015, 'seasonType': 'regular', 'team': 'Michigan'}
  Fetching game stats 59/128: Michigan State
    [cache] /games/players {'year': 2015, 'seasonType': 'regular', 'team': 'Michigan State'}
  Fetching game stats 60/128: Middle Tennessee
    [cache] /games/players {'year': 2015, 'seasonType': 'regular', 'team': 'Middle Tennessee'}
  Fetching game stats 61/128: Minnesota
    [cache] /games/players {'year': 2015, 'seasonType': 'regular', 'team': 'Minnesota'}
  Fetching game stats 62/128: Mississippi State
    [cache] /games/players {'year': 2015, 'seasonType': 'regular', 'team': 'Mississippi State'}
  Fetching game stats 63/128: Missouri
    [cache] /games/players {'year': 2015, 'seasonType': 'regular', 'team': 'Missouri'}
  Fetching game stats 64/128: Navy
    [cache] /games/players {'year': 2015, 'seasonType': 'regular', 'team': 'Navy'}
  Fetching game stats 65/128: NC State
    [cache] /games/players {'year': 2015, 'seasonType': 'regular', 'team': 'NC State'}
  Fetching game stats 66/128: Nebraska
    [cache] /games/players {'year': 2015, 'seasonType': 'regular', 'team': 'Nebraska'}
  Fetching game stats 67/128: Nevada
    [cache] /games/players {'year': 2015, 'seasonType': 'regular', 'team': 'Nevada'}
  Fetching game stats 68/128: New Mexico
    [cache] /games/players {'year': 2015, 'seasonType': 'regular', 'team': 'New Mexico'}
  Fetching game stats 69/128: New Mexico State
    [cache] /games/players {'year': 2015, 'seasonType': 'regular', 'team': 'New Mexico State'}
  Fetching game stats 70/128: North Carolina
    [cache] /games/players {'year': 2015, 'seasonType': 'regular', 'team': 'North Carolina'}
  Fetching game stats 71/128: Northern Illinois
    [cache] /games/players {'year': 2015, 'seasonType': 'regular', 'team': 'Northern Illinois'}
  Fetching game stats 72/128: North Texas
    [cache] /games/players {'year': 2015, 'seasonType': 'regular', 'team': 'North Texas'}
  Fetching game stats 73/128: Northwestern
    [cache] /games/players {'year': 2015, 'seasonType': 'regular', 'team': 'Northwestern'}
  Fetching game stats 74/128: Notre Dame
    [cache] /games/players {'year': 2015, 'seasonType': 'regular', 'team': 'Notre Dame'}
  Fetching game stats 75/128: Ohio
    [cache] /games/players {'year': 2015, 'seasonType': 'regular', 'team': 'Ohio'}
  Fetching game stats 76/128: Ohio State
    [cache] /games/players {'year': 2015, 'seasonType': 'regular', 'team': 'Ohio State'}
  Fetching game stats 77/128: Oklahoma
    [cache] /games/players {'year': 2015, 'seasonType': 'regular', 'team': 'Oklahoma'}
  Fetching game stats 78/128: Oklahoma State
    [cache] /games/players {'year': 2015, 'seasonType': 'regular', 'team': 'Oklahoma State'}
  Fetching game stats 79/128: Old Dominion
    [cache] /games/players {'year': 2015, 'seasonType': 'regular', 'team': 'Old Dominion'}
  Fetching game stats 80/128: Ole Miss
    [cache] /games/players {'year': 2015, 'seasonType': 'regular', 'team': 'Ole Miss'}
  Fetching game stats 81/128: Oregon
    [cache] /games/players {'year': 2015, 'seasonType': 'regular', 'team': 'Oregon'}
  Fetching game stats 82/128: Oregon State
    [cache] /games/players {'year': 2015, 'seasonType': 'regular', 'team': 'Oregon State'}
  Fetching game stats 83/128: Penn State
    [cache] /games/players {'year': 2015, 'seasonType': 'regular', 'team': 'Penn State'}
  Fetching game stats 84/128: Pittsburgh
    [cache] /games/players {'year': 2015, 'seasonType': 'regular', 'team': 'Pittsburgh'}
  Fetching game stats 85/128: Purdue
    [cache] /games/players {'year': 2015, 'seasonType': 'regular', 'team': 'Purdue'}
  Fetching game stats 86/128: Rice
    [cache] /games/players {'year': 2015, 'seasonType': 'regular', 'team': 'Rice'}
  Fetching game stats 87/128: Rutgers
    [cache] /games/players {'year': 2015, 'seasonType': 'regular', 'team': 'Rutgers'}
  Fetching game stats 88/128: San Diego State
    [cache] /games/players {'year': 2015, 'seasonType': 'regular', 'team': 'San Diego State'}
  Fetching game stats 89/128: San José State
    [cache] /games/players {'year': 2015, 'seasonType': 'regular', 'team': 'San José State'}
  Fetching game stats 90/128: SMU
    [cache] /games/players {'year': 2015, 'seasonType': 'regular', 'team': 'SMU'}
  Fetching game stats 91/128: South Alabama
    [cache] /games/players {'year': 2015, 'seasonType': 'regular', 'team': 'South Alabama'}
  Fetching game stats 92/128: South Carolina
    [cache] /games/players {'year': 2015, 'seasonType': 'regular', 'team': 'South Carolina'}
  Fetching game stats 93/128: Southern Miss
    [cache] /games/players {'year': 2015, 'seasonType': 'regular', 'team': 'Southern Miss'}
  Fetching game stats 94/128: South Florida
    [cache] /games/players {'year': 2015, 'seasonType': 'regular', 'team': 'South Florida'}
  Fetching game stats 95/128: Stanford
    [cache] /games/players {'year': 2015, 'seasonType': 'regular', 'team': 'Stanford'}
  Fetching game stats 96/128: Syracuse
    [cache] /games/players {'year': 2015, 'seasonType': 'regular', 'team': 'Syracuse'}
  Fetching game stats 97/128: TCU
    [cache] /games/players {'year': 2015, 'seasonType': 'regular', 'team': 'TCU'}
  Fetching game stats 98/128: Temple
    [cache] /games/players {'year': 2015, 'seasonType': 'regular', 'team': 'Temple'}
  Fetching game stats 99/128: Tennessee
    [cache] /games/players {'year': 2015, 'seasonType': 'regular', 'team': 'Tennessee'}
  Fetching game stats 100/128: Texas
    [cache] /games/players {'year': 2015, 'seasonType': 'regular', 'team': 'Texas'}
  Fetching game stats 101/128: Texas A&M
    [cache] /games/players {'year': 2015, 'seasonType': 'regular', 'team': 'Texas A&M'}
  Fetching game stats 102/128: Texas State
    [cache] /games/players {'year': 2015, 'seasonType': 'regular', 'team': 'Texas State'}
  Fetching game stats 103/128: Texas Tech
    [cache] /games/players {'year': 2015, 'seasonType': 'regular', 'team': 'Texas Tech'}
  Fetching game stats 104/128: Toledo
    [cache] /games/players {'year': 2015, 'seasonType': 'regular', 'team': 'Toledo'}
  Fetching game stats 105/128: Troy
    [cache] /games/players {'year': 2015, 'seasonType': 'regular', 'team': 'Troy'}
  Fetching game stats 106/128: Tulane
    [cache] /games/players {'year': 2015, 'seasonType': 'regular', 'team': 'Tulane'}
  Fetching game stats 107/128: Tulsa
    [cache] /games/players {'year': 2015, 'seasonType': 'regular', 'team': 'Tulsa'}
  Fetching game stats 108/128: UCF
    [cache] /games/players {'year': 2015, 'seasonType': 'regular', 'team': 'UCF'}
  Fetching game stats 109/128: UCLA
    [cache] /games/players {'year': 2015, 'seasonType': 'regular', 'team': 'UCLA'}
  Fetching game stats 110/128: UConn
    [cache] /games/players {'year': 2015, 'seasonType': 'regular', 'team': 'UConn'}
  Fetching game stats 111/128: UL Monroe
    [cache] /games/players {'year': 2015, 'seasonType': 'regular', 'team': 'UL Monroe'}
  Fetching game stats 112/128: UNLV
    [cache] /games/players {'year': 2015, 'seasonType': 'regular', 'team': 'UNLV'}
  Fetching game stats 113/128: USC
    [cache] /games/players {'year': 2015, 'seasonType': 'regular', 'team': 'USC'}
  Fetching game stats 114/128: Utah
    [cache] /games/players {'year': 2015, 'seasonType': 'regular', 'team': 'Utah'}
  Fetching game stats 115/128: Utah State
    [cache] /games/players {'year': 2015, 'seasonType': 'regular', 'team': 'Utah State'}
  Fetching game stats 116/128: UTEP
    [cache] /games/players {'year': 2015, 'seasonType': 'regular', 'team': 'UTEP'}
  Fetching game stats 117/128: UTSA
    [cache] /games/players {'year': 2015, 'seasonType': 'regular', 'team': 'UTSA'}
  Fetching game stats 118/128: Vanderbilt
    [cache] /games/players {'year': 2015, 'seasonType': 'regular', 'team': 'Vanderbilt'}
  Fetching game stats 119/128: Virginia
    [cache] /games/players {'year': 2015, 'seasonType': 'regular', 'team': 'Virginia'}
  Fetching game stats 120/128: Virginia Tech
    [cache] /games/players {'year': 2015, 'seasonType': 'regular', 'team': 'Virginia Tech'}
  Fetching game stats 121/128: Wake Forest
    [cache] /games/players {'year': 2015, 'seasonType': 'regular', 'team': 'Wake Forest'}
  Fetching game stats 122/128: Washington
    [cache] /games/players {'year': 2015, 'seasonType': 'regular', 'team': 'Washington'}
  Fetching game stats 123/128: Washington State
    [cache] /games/players {'year': 2015, 'seasonType': 'regular', 'team': 'Washington State'}
  Fetching game stats 124/128: Western Kentucky
    [cache] /games/players {'year': 2015, 'seasonType': 'regular', 'team': 'Western Kentucky'}
  Fetching game stats 125/128: Western Michigan
    [cache] /games/players {'year': 2015, 'seasonType': 'regular', 'team': 'Western Michigan'}
  Fetching game stats 126/128: West Virginia
    [cache] /games/players {'year': 2015, 'seasonType': 'regular', 'team': 'West Virginia'}
  Fetching game stats 127/128: Wisconsin
    [cache] /games/players {'year': 2015, 'seasonType': 'regular', 'team': 'Wisconsin'}
  Fetching game stats 128/128: Wyoming
    [cache] /games/players {'year': 2015, 'seasonType': 'regular', 'team': 'Wyoming'}
  829 unique games with player stats fetched

[6c] Fetching drives and plays by week (weeks 1-16)...
    drives week 1/16
    [cache] /drives {'year': 2015, 'week': 1, 'seasonType': 'regular'}
    drives week 2/16
    [cache] /drives {'year': 2015, 'week': 2, 'seasonType': 'regular'}
    drives week 3/16
    [cache] /drives {'year': 2015, 'week': 3, 'seasonType': 'regular'}
    drives week 4/16
    [cache] /drives {'year': 2015, 'week': 4, 'seasonType': 'regular'}
    drives week 5/16
    [cache] /drives {'year': 2015, 'week': 5, 'seasonType': 'regular'}
    drives week 6/16
    [cache] /drives {'year': 2015, 'week': 6, 'seasonType': 'regular'}
    drives week 7/16
    [cache] /drives {'year': 2015, 'week': 7, 'seasonType': 'regular'}
    drives week 8/16
    [cache] /drives {'year': 2015, 'week': 8, 'seasonType': 'regular'}
    drives week 9/16
    [cache] /drives {'year': 2015, 'week': 9, 'seasonType': 'regular'}
    drives week 10/16
    [cache] /drives {'year': 2015, 'week': 10, 'seasonType': 'regular'}
    drives week 11/16
    [cache] /drives {'year': 2015, 'week': 11, 'seasonType': 'regular'}
    drives week 12/16
    [cache] /drives {'year': 2015, 'week': 12, 'seasonType': 'regular'}
    drives week 13/16
    [cache] /drives {'year': 2015, 'week': 13, 'seasonType': 'regular'}
    drives week 14/16
    [cache] /drives {'year': 2015, 'week': 14, 'seasonType': 'regular'}
    drives week 15/16
    [cache] /drives {'year': 2015, 'week': 15, 'seasonType': 'regular'}
    drives week 16/16
    [cache] /drives {'year': 2015, 'week': 16, 'seasonType': 'regular'}
  21758 total drives fetched
    plays week 1/16
    [cache] /plays {'year': 2015, 'week': 1, 'seasonType': 'regular'}
    plays week 2/16
    [cache] /plays {'year': 2015, 'week': 2, 'seasonType': 'regular'}
    plays week 3/16
    [cache] /plays {'year': 2015, 'week': 3, 'seasonType': 'regular'}
    plays week 4/16
    [cache] /plays {'year': 2015, 'week': 4, 'seasonType': 'regular'}
    plays week 5/16
    [cache] /plays {'year': 2015, 'week': 5, 'seasonType': 'regular'}
    plays week 6/16
    [cache] /plays {'year': 2015, 'week': 6, 'seasonType': 'regular'}
    plays week 7/16
    [cache] /plays {'year': 2015, 'week': 7, 'seasonType': 'regular'}
    plays week 8/16
    [cache] /plays {'year': 2015, 'week': 8, 'seasonType': 'regular'}
    plays week 9/16
    [cache] /plays {'year': 2015, 'week': 9, 'seasonType': 'regular'}
    plays week 10/16
    [cache] /plays {'year': 2015, 'week': 10, 'seasonType': 'regular'}
    plays week 11/16
    [cache] /plays {'year': 2015, 'week': 11, 'seasonType': 'regular'}
    plays week 12/16
    [cache] /plays {'year': 2015, 'week': 12, 'seasonType': 'regular'}
    plays week 13/16
    [cache] /plays {'year': 2015, 'week': 13, 'seasonType': 'regular'}
    plays week 14/16
    [cache] /plays {'year': 2015, 'week': 14, 'seasonType': 'regular'}
    plays week 15/16
    [cache] /plays {'year': 2015, 'week': 15, 'seasonType': 'regular'}
    plays week 16/16
    [cache] /plays {'year': 2015, 'week': 16, 'seasonType': 'regular'}
  152409 total plays fetched
  1597 rushers with parsed carry data (685 QBs excluded)

[7/7] Processing ratings...
  Building opponent-weighted stats from gamelog...
  3991 players with opponent-weighted stats
Building player gamelogs (early pass for gamelog-derived skills)...
  Gamelog-derived skills computed for 3991 players
Normalizing ratings...
Applying backup/no-data tier ratings...
  7654 backup/no-data players rated via star-anchor pathway
  OL boosts applied to 1071 player(s) (draft/awards/continuity)
Computing team ratings...
Generating public names...

  Year 2015 rating distribution:
    40-49:  5271 (35%) #################
    50-59:  3049 (20%) ##########
    60-69:  3297 (21%) ##########
    70-79:  2355 (15%) #######
    80-89:   875 ( 5%) ##
    90-99:   163 ( 1%) 
    Min=40 Max=99 Median=58
  128 teams, 15010 players.
Building schedule, drives, and plays...
  1491 games, 3991 players with gamelogs
  21758 drives, 152409 plays

Writing to C:\Projects\CFB-Video-Game\app\assets\data/
  2015/teams_private.json: 128 entries
  2015/teams_public.json: 128 entries
  2015/players_private.json: 15010 entries
  2015/players_public.json: 15010 entries
  2015/ratings.json: 15010 entries
  2015/team_schedule.json: 1491 entries
  2015/player_gamelog.json: 3991 keys, 20724 entries
  2015/team_drives.json: 208 keys, 21758 entries
  2015/team_plays_wk*.json.gz: 15 weeks, 152409 plays
  Loaded 15008 player IDs from 2015 for continuity check

============================================================
  PROCESSING YEAR 2016
============================================================

[1/7] Fetching FBS teams...
    [cache] /teams/fbs {'year': 2016}
  Found 128 teams

[2/7] Fetching rosters...
  Fetching roster 1/128: Air Force
    [cache] /roster {'team': 'Air Force', 'year': 2016}
  Fetching roster 2/128: Akron
    [cache] /roster {'team': 'Akron', 'year': 2016}
  Fetching roster 3/128: Alabama
    [cache] /roster {'team': 'Alabama', 'year': 2016}
  Fetching roster 4/128: App State
    [cache] /roster {'team': 'App State', 'year': 2016}
  Fetching roster 5/128: Arizona
    [cache] /roster {'team': 'Arizona', 'year': 2016}
  Fetching roster 6/128: Arizona State
    [cache] /roster {'team': 'Arizona State', 'year': 2016}
  Fetching roster 7/128: Arkansas
    [cache] /roster {'team': 'Arkansas', 'year': 2016}
  Fetching roster 8/128: Arkansas State
    [cache] /roster {'team': 'Arkansas State', 'year': 2016}
  Fetching roster 9/128: Army
    [cache] /roster {'team': 'Army', 'year': 2016}
  Fetching roster 10/128: Auburn
    [cache] /roster {'team': 'Auburn', 'year': 2016}
  Fetching roster 11/128: Ball State
    [cache] /roster {'team': 'Ball State', 'year': 2016}
  Fetching roster 12/128: Baylor
    [cache] /roster {'team': 'Baylor', 'year': 2016}
  Fetching roster 13/128: Boise State
    [cache] /roster {'team': 'Boise State', 'year': 2016}
  Fetching roster 14/128: Boston College
    [cache] /roster {'team': 'Boston College', 'year': 2016}
  Fetching roster 15/128: Bowling Green
    [cache] /roster {'team': 'Bowling Green', 'year': 2016}
  Fetching roster 16/128: Buffalo
    [cache] /roster {'team': 'Buffalo', 'year': 2016}
  Fetching roster 17/128: BYU
    [cache] /roster {'team': 'BYU', 'year': 2016}
  Fetching roster 18/128: California
    [cache] /roster {'team': 'California', 'year': 2016}
  Fetching roster 19/128: Central Michigan
    [cache] /roster {'team': 'Central Michigan', 'year': 2016}
  Fetching roster 20/128: Charlotte
    [cache] /roster {'team': 'Charlotte', 'year': 2016}
  Fetching roster 21/128: Cincinnati
    [cache] /roster {'team': 'Cincinnati', 'year': 2016}
  Fetching roster 22/128: Clemson
    [cache] /roster {'team': 'Clemson', 'year': 2016}
  Fetching roster 23/128: Colorado
    [cache] /roster {'team': 'Colorado', 'year': 2016}
  Fetching roster 24/128: Colorado State
    [cache] /roster {'team': 'Colorado State', 'year': 2016}
  Fetching roster 25/128: Duke
    [cache] /roster {'team': 'Duke', 'year': 2016}
  Fetching roster 26/128: East Carolina
    [cache] /roster {'team': 'East Carolina', 'year': 2016}
  Fetching roster 27/128: Eastern Michigan
    [cache] /roster {'team': 'Eastern Michigan', 'year': 2016}
  Fetching roster 28/128: Florida
    [cache] /roster {'team': 'Florida', 'year': 2016}
  Fetching roster 29/128: Florida Atlantic
    [cache] /roster {'team': 'Florida Atlantic', 'year': 2016}
  Fetching roster 30/128: Florida International
    [cache] /roster {'team': 'Florida International', 'year': 2016}
  Fetching roster 31/128: Florida State
    [cache] /roster {'team': 'Florida State', 'year': 2016}
  Fetching roster 32/128: Fresno State
    [cache] /roster {'team': 'Fresno State', 'year': 2016}
  Fetching roster 33/128: Georgia
    [cache] /roster {'team': 'Georgia', 'year': 2016}
  Fetching roster 34/128: Georgia Southern
    [cache] /roster {'team': 'Georgia Southern', 'year': 2016}
  Fetching roster 35/128: Georgia State
    [cache] /roster {'team': 'Georgia State', 'year': 2016}
  Fetching roster 36/128: Georgia Tech
    [cache] /roster {'team': 'Georgia Tech', 'year': 2016}
  Fetching roster 37/128: Hawai'i
    [cache] /roster {'team': "Hawai'i", 'year': 2016}
  Fetching roster 38/128: Houston
    [cache] /roster {'team': 'Houston', 'year': 2016}
  Fetching roster 39/128: Idaho
    [cache] /roster {'team': 'Idaho', 'year': 2016}
  Fetching roster 40/128: Illinois
    [cache] /roster {'team': 'Illinois', 'year': 2016}
  Fetching roster 41/128: Indiana
    [cache] /roster {'team': 'Indiana', 'year': 2016}
  Fetching roster 42/128: Iowa
    [cache] /roster {'team': 'Iowa', 'year': 2016}
  Fetching roster 43/128: Iowa State
    [cache] /roster {'team': 'Iowa State', 'year': 2016}
  Fetching roster 44/128: Kansas
    [cache] /roster {'team': 'Kansas', 'year': 2016}
  Fetching roster 45/128: Kansas State
    [cache] /roster {'team': 'Kansas State', 'year': 2016}
  Fetching roster 46/128: Kent State
    [cache] /roster {'team': 'Kent State', 'year': 2016}
  Fetching roster 47/128: Kentucky
    [cache] /roster {'team': 'Kentucky', 'year': 2016}
  Fetching roster 48/128: Louisiana
    [cache] /roster {'team': 'Louisiana', 'year': 2016}
  Fetching roster 49/128: Louisiana Tech
    [cache] /roster {'team': 'Louisiana Tech', 'year': 2016}
  Fetching roster 50/128: Louisville
    [cache] /roster {'team': 'Louisville', 'year': 2016}
  Fetching roster 51/128: LSU
    [cache] /roster {'team': 'LSU', 'year': 2016}
  Fetching roster 52/128: Marshall
    [cache] /roster {'team': 'Marshall', 'year': 2016}
  Fetching roster 53/128: Maryland
    [cache] /roster {'team': 'Maryland', 'year': 2016}
  Fetching roster 54/128: Massachusetts
    [cache] /roster {'team': 'Massachusetts', 'year': 2016}
  Fetching roster 55/128: Memphis
    [cache] /roster {'team': 'Memphis', 'year': 2016}
  Fetching roster 56/128: Miami
    [cache] /roster {'team': 'Miami', 'year': 2016}
  Fetching roster 57/128: Miami (OH)
    [cache] /roster {'team': 'Miami (OH)', 'year': 2016}
  Fetching roster 58/128: Michigan
    [cache] /roster {'team': 'Michigan', 'year': 2016}
  Fetching roster 59/128: Michigan State
    [cache] /roster {'team': 'Michigan State', 'year': 2016}
  Fetching roster 60/128: Middle Tennessee
    [cache] /roster {'team': 'Middle Tennessee', 'year': 2016}
  Fetching roster 61/128: Minnesota
    [cache] /roster {'team': 'Minnesota', 'year': 2016}
  Fetching roster 62/128: Mississippi State
    [cache] /roster {'team': 'Mississippi State', 'year': 2016}
  Fetching roster 63/128: Missouri
    [cache] /roster {'team': 'Missouri', 'year': 2016}
  Fetching roster 64/128: Navy
    [cache] /roster {'team': 'Navy', 'year': 2016}
  Fetching roster 65/128: NC State
    [cache] /roster {'team': 'NC State', 'year': 2016}
  Fetching roster 66/128: Nebraska
    [cache] /roster {'team': 'Nebraska', 'year': 2016}
  Fetching roster 67/128: Nevada
    [cache] /roster {'team': 'Nevada', 'year': 2016}
  Fetching roster 68/128: New Mexico
    [cache] /roster {'team': 'New Mexico', 'year': 2016}
  Fetching roster 69/128: New Mexico State
    [cache] /roster {'team': 'New Mexico State', 'year': 2016}
  Fetching roster 70/128: North Carolina
    [cache] /roster {'team': 'North Carolina', 'year': 2016}
  Fetching roster 71/128: Northern Illinois
    [cache] /roster {'team': 'Northern Illinois', 'year': 2016}
  Fetching roster 72/128: North Texas
    [cache] /roster {'team': 'North Texas', 'year': 2016}
  Fetching roster 73/128: Northwestern
    [cache] /roster {'team': 'Northwestern', 'year': 2016}
  Fetching roster 74/128: Notre Dame
    [cache] /roster {'team': 'Notre Dame', 'year': 2016}
  Fetching roster 75/128: Ohio
    [cache] /roster {'team': 'Ohio', 'year': 2016}
  Fetching roster 76/128: Ohio State
    [cache] /roster {'team': 'Ohio State', 'year': 2016}
  Fetching roster 77/128: Oklahoma
    [cache] /roster {'team': 'Oklahoma', 'year': 2016}
  Fetching roster 78/128: Oklahoma State
    [cache] /roster {'team': 'Oklahoma State', 'year': 2016}
  Fetching roster 79/128: Old Dominion
    [cache] /roster {'team': 'Old Dominion', 'year': 2016}
  Fetching roster 80/128: Ole Miss
    [cache] /roster {'team': 'Ole Miss', 'year': 2016}
  Fetching roster 81/128: Oregon
    [cache] /roster {'team': 'Oregon', 'year': 2016}
  Fetching roster 82/128: Oregon State
    [cache] /roster {'team': 'Oregon State', 'year': 2016}
  Fetching roster 83/128: Penn State
    [cache] /roster {'team': 'Penn State', 'year': 2016}
  Fetching roster 84/128: Pittsburgh
    [cache] /roster {'team': 'Pittsburgh', 'year': 2016}
  Fetching roster 85/128: Purdue
    [cache] /roster {'team': 'Purdue', 'year': 2016}
  Fetching roster 86/128: Rice
    [cache] /roster {'team': 'Rice', 'year': 2016}
  Fetching roster 87/128: Rutgers
    [cache] /roster {'team': 'Rutgers', 'year': 2016}
  Fetching roster 88/128: San Diego State
    [cache] /roster {'team': 'San Diego State', 'year': 2016}
  Fetching roster 89/128: San José State
    [cache] /roster {'team': 'San José State', 'year': 2016}
  Fetching roster 90/128: SMU
    [cache] /roster {'team': 'SMU', 'year': 2016}
  Fetching roster 91/128: South Alabama
    [cache] /roster {'team': 'South Alabama', 'year': 2016}
  Fetching roster 92/128: South Carolina
    [cache] /roster {'team': 'South Carolina', 'year': 2016}
  Fetching roster 93/128: Southern Miss
    [cache] /roster {'team': 'Southern Miss', 'year': 2016}
  Fetching roster 94/128: South Florida
    [cache] /roster {'team': 'South Florida', 'year': 2016}
  Fetching roster 95/128: Stanford
    [cache] /roster {'team': 'Stanford', 'year': 2016}
  Fetching roster 96/128: Syracuse
    [cache] /roster {'team': 'Syracuse', 'year': 2016}
  Fetching roster 97/128: TCU
    [cache] /roster {'team': 'TCU', 'year': 2016}
  Fetching roster 98/128: Temple
    [cache] /roster {'team': 'Temple', 'year': 2016}
  Fetching roster 99/128: Tennessee
    [cache] /roster {'team': 'Tennessee', 'year': 2016}
  Fetching roster 100/128: Texas
    [cache] /roster {'team': 'Texas', 'year': 2016}
  Fetching roster 101/128: Texas A&M
    [cache] /roster {'team': 'Texas A&M', 'year': 2016}
  Fetching roster 102/128: Texas State
    [cache] /roster {'team': 'Texas State', 'year': 2016}
  Fetching roster 103/128: Texas Tech
    [cache] /roster {'team': 'Texas Tech', 'year': 2016}
  Fetching roster 104/128: Toledo
    [cache] /roster {'team': 'Toledo', 'year': 2016}
  Fetching roster 105/128: Troy
    [cache] /roster {'team': 'Troy', 'year': 2016}
  Fetching roster 106/128: Tulane
    [cache] /roster {'team': 'Tulane', 'year': 2016}
  Fetching roster 107/128: Tulsa
    [cache] /roster {'team': 'Tulsa', 'year': 2016}
  Fetching roster 108/128: UCF
    [cache] /roster {'team': 'UCF', 'year': 2016}
  Fetching roster 109/128: UCLA
    [cache] /roster {'team': 'UCLA', 'year': 2016}
  Fetching roster 110/128: UConn
    [cache] /roster {'team': 'UConn', 'year': 2016}
  Fetching roster 111/128: UL Monroe
    [cache] /roster {'team': 'UL Monroe', 'year': 2016}
  Fetching roster 112/128: UNLV
    [cache] /roster {'team': 'UNLV', 'year': 2016}
  Fetching roster 113/128: USC
    [cache] /roster {'team': 'USC', 'year': 2016}
  Fetching roster 114/128: Utah
    [cache] /roster {'team': 'Utah', 'year': 2016}
  Fetching roster 115/128: Utah State
    [cache] /roster {'team': 'Utah State', 'year': 2016}
  Fetching roster 116/128: UTEP
    [cache] /roster {'team': 'UTEP', 'year': 2016}
  Fetching roster 117/128: UTSA
    [cache] /roster {'team': 'UTSA', 'year': 2016}
  Fetching roster 118/128: Vanderbilt
    [cache] /roster {'team': 'Vanderbilt', 'year': 2016}
  Fetching roster 119/128: Virginia
    [cache] /roster {'team': 'Virginia', 'year': 2016}
  Fetching roster 120/128: Virginia Tech
    [cache] /roster {'team': 'Virginia Tech', 'year': 2016}
  Fetching roster 121/128: Wake Forest
    [cache] /roster {'team': 'Wake Forest', 'year': 2016}
  Fetching roster 122/128: Washington
    [cache] /roster {'team': 'Washington', 'year': 2016}
  Fetching roster 123/128: Washington State
    [cache] /roster {'team': 'Washington State', 'year': 2016}
  Fetching roster 124/128: Western Kentucky
    [cache] /roster {'team': 'Western Kentucky', 'year': 2016}
  Fetching roster 125/128: Western Michigan
    [cache] /roster {'team': 'Western Michigan', 'year': 2016}
  Fetching roster 126/128: West Virginia
    [cache] /roster {'team': 'West Virginia', 'year': 2016}
  Fetching roster 127/128: Wisconsin
    [cache] /roster {'team': 'Wisconsin', 'year': 2016}
  Fetching roster 128/128: Wyoming
    [cache] /roster {'team': 'Wyoming', 'year': 2016}

[3/7] Fetching player stats...
    [cache] /stats/player/season {'year': 2016, 'seasonType': 'regular'}
  9906 player stat entries

[3b] Fetching player usage...
    [cache] /player/usage {'year': 2016, 'seasonType': 'regular'}
  3238 usage entries

[3c] Fetching player awards...
    GET /awards {'year': 2016}
    WARNING: /awards {'year': 2016} failed: Expecting value: line 2 column 1 (char 1)
  0 award entries
  0 OL draft picks mapped for 2017 NFL Draft

[4/7] Fetching PPA data...
    [cache] /ppa/players/season {'year': 2016}
  3237 PPA entries

[5/7] Fetching team stats + SP+ + talent...
    [cache] /stats/season {'year': 2016}
    [cache] /ratings/sp {'year': 2016}
    [cache] /talent {'year': 2016}

[6/7] Fetching recruiting data...
    Class 2012...
    [cache] /recruiting/players {'year': 2012}
    Class 2013...
    [cache] /recruiting/players {'year': 2013}
    Class 2014...
    [cache] /recruiting/players {'year': 2014}
    Class 2015...
    [cache] /recruiting/players {'year': 2015}
    Class 2016...
    [cache] /recruiting/players {'year': 2016}

[6b] Fetching game results and player game stats (Phase 2)...
    [cache] /games {'year': 2016, 'seasonType': 'regular'}
  1502 games fetched
  Fetching game stats 1/128: Air Force
    [cache] /games/players {'year': 2016, 'seasonType': 'regular', 'team': 'Air Force'}
  Fetching game stats 2/128: Akron
    [cache] /games/players {'year': 2016, 'seasonType': 'regular', 'team': 'Akron'}
  Fetching game stats 3/128: Alabama
    [cache] /games/players {'year': 2016, 'seasonType': 'regular', 'team': 'Alabama'}
  Fetching game stats 4/128: App State
    [cache] /games/players {'year': 2016, 'seasonType': 'regular', 'team': 'App State'}
  Fetching game stats 5/128: Arizona
    [cache] /games/players {'year': 2016, 'seasonType': 'regular', 'team': 'Arizona'}
  Fetching game stats 6/128: Arizona State
    [cache] /games/players {'year': 2016, 'seasonType': 'regular', 'team': 'Arizona State'}
  Fetching game stats 7/128: Arkansas
    [cache] /games/players {'year': 2016, 'seasonType': 'regular', 'team': 'Arkansas'}
  Fetching game stats 8/128: Arkansas State
    [cache] /games/players {'year': 2016, 'seasonType': 'regular', 'team': 'Arkansas State'}
  Fetching game stats 9/128: Army
    [cache] /games/players {'year': 2016, 'seasonType': 'regular', 'team': 'Army'}
  Fetching game stats 10/128: Auburn
    [cache] /games/players {'year': 2016, 'seasonType': 'regular', 'team': 'Auburn'}
  Fetching game stats 11/128: Ball State
    [cache] /games/players {'year': 2016, 'seasonType': 'regular', 'team': 'Ball State'}
  Fetching game stats 12/128: Baylor
    [cache] /games/players {'year': 2016, 'seasonType': 'regular', 'team': 'Baylor'}
  Fetching game stats 13/128: Boise State
    [cache] /games/players {'year': 2016, 'seasonType': 'regular', 'team': 'Boise State'}
  Fetching game stats 14/128: Boston College
    [cache] /games/players {'year': 2016, 'seasonType': 'regular', 'team': 'Boston College'}
  Fetching game stats 15/128: Bowling Green
    [cache] /games/players {'year': 2016, 'seasonType': 'regular', 'team': 'Bowling Green'}
  Fetching game stats 16/128: Buffalo
    [cache] /games/players {'year': 2016, 'seasonType': 'regular', 'team': 'Buffalo'}
  Fetching game stats 17/128: BYU
    [cache] /games/players {'year': 2016, 'seasonType': 'regular', 'team': 'BYU'}
  Fetching game stats 18/128: California
    [cache] /games/players {'year': 2016, 'seasonType': 'regular', 'team': 'California'}
  Fetching game stats 19/128: Central Michigan
    [cache] /games/players {'year': 2016, 'seasonType': 'regular', 'team': 'Central Michigan'}
  Fetching game stats 20/128: Charlotte
    [cache] /games/players {'year': 2016, 'seasonType': 'regular', 'team': 'Charlotte'}
  Fetching game stats 21/128: Cincinnati
    [cache] /games/players {'year': 2016, 'seasonType': 'regular', 'team': 'Cincinnati'}
  Fetching game stats 22/128: Clemson
    [cache] /games/players {'year': 2016, 'seasonType': 'regular', 'team': 'Clemson'}
  Fetching game stats 23/128: Colorado
    [cache] /games/players {'year': 2016, 'seasonType': 'regular', 'team': 'Colorado'}
  Fetching game stats 24/128: Colorado State
    [cache] /games/players {'year': 2016, 'seasonType': 'regular', 'team': 'Colorado State'}
  Fetching game stats 25/128: Duke
    [cache] /games/players {'year': 2016, 'seasonType': 'regular', 'team': 'Duke'}
  Fetching game stats 26/128: East Carolina
    [cache] /games/players {'year': 2016, 'seasonType': 'regular', 'team': 'East Carolina'}
  Fetching game stats 27/128: Eastern Michigan
    [cache] /games/players {'year': 2016, 'seasonType': 'regular', 'team': 'Eastern Michigan'}
  Fetching game stats 28/128: Florida
    [cache] /games/players {'year': 2016, 'seasonType': 'regular', 'team': 'Florida'}
  Fetching game stats 29/128: Florida Atlantic
    [cache] /games/players {'year': 2016, 'seasonType': 'regular', 'team': 'Florida Atlantic'}
  Fetching game stats 30/128: Florida International
    [cache] /games/players {'year': 2016, 'seasonType': 'regular', 'team': 'Florida International'}
  Fetching game stats 31/128: Florida State
    [cache] /games/players {'year': 2016, 'seasonType': 'regular', 'team': 'Florida State'}
  Fetching game stats 32/128: Fresno State
    [cache] /games/players {'year': 2016, 'seasonType': 'regular', 'team': 'Fresno State'}
  Fetching game stats 33/128: Georgia
    [cache] /games/players {'year': 2016, 'seasonType': 'regular', 'team': 'Georgia'}
  Fetching game stats 34/128: Georgia Southern
    [cache] /games/players {'year': 2016, 'seasonType': 'regular', 'team': 'Georgia Southern'}
  Fetching game stats 35/128: Georgia State
    [cache] /games/players {'year': 2016, 'seasonType': 'regular', 'team': 'Georgia State'}
  Fetching game stats 36/128: Georgia Tech
    [cache] /games/players {'year': 2016, 'seasonType': 'regular', 'team': 'Georgia Tech'}
  Fetching game stats 37/128: Hawai'i
    [cache] /games/players {'year': 2016, 'seasonType': 'regular', 'team': "Hawai'i"}
  Fetching game stats 38/128: Houston
    [cache] /games/players {'year': 2016, 'seasonType': 'regular', 'team': 'Houston'}
  Fetching game stats 39/128: Idaho
    [cache] /games/players {'year': 2016, 'seasonType': 'regular', 'team': 'Idaho'}
  Fetching game stats 40/128: Illinois
    [cache] /games/players {'year': 2016, 'seasonType': 'regular', 'team': 'Illinois'}
  Fetching game stats 41/128: Indiana
    [cache] /games/players {'year': 2016, 'seasonType': 'regular', 'team': 'Indiana'}
  Fetching game stats 42/128: Iowa
    [cache] /games/players {'year': 2016, 'seasonType': 'regular', 'team': 'Iowa'}
  Fetching game stats 43/128: Iowa State
    [cache] /games/players {'year': 2016, 'seasonType': 'regular', 'team': 'Iowa State'}
  Fetching game stats 44/128: Kansas
    [cache] /games/players {'year': 2016, 'seasonType': 'regular', 'team': 'Kansas'}
  Fetching game stats 45/128: Kansas State
    [cache] /games/players {'year': 2016, 'seasonType': 'regular', 'team': 'Kansas State'}
  Fetching game stats 46/128: Kent State
    [cache] /games/players {'year': 2016, 'seasonType': 'regular', 'team': 'Kent State'}
  Fetching game stats 47/128: Kentucky
    [cache] /games/players {'year': 2016, 'seasonType': 'regular', 'team': 'Kentucky'}
  Fetching game stats 48/128: Louisiana
    [cache] /games/players {'year': 2016, 'seasonType': 'regular', 'team': 'Louisiana'}
  Fetching game stats 49/128: Louisiana Tech
    [cache] /games/players {'year': 2016, 'seasonType': 'regular', 'team': 'Louisiana Tech'}
  Fetching game stats 50/128: Louisville
    [cache] /games/players {'year': 2016, 'seasonType': 'regular', 'team': 'Louisville'}
  Fetching game stats 51/128: LSU
    [cache] /games/players {'year': 2016, 'seasonType': 'regular', 'team': 'LSU'}
  Fetching game stats 52/128: Marshall
    [cache] /games/players {'year': 2016, 'seasonType': 'regular', 'team': 'Marshall'}
  Fetching game stats 53/128: Maryland
    [cache] /games/players {'year': 2016, 'seasonType': 'regular', 'team': 'Maryland'}
  Fetching game stats 54/128: Massachusetts
    [cache] /games/players {'year': 2016, 'seasonType': 'regular', 'team': 'Massachusetts'}
  Fetching game stats 55/128: Memphis
    [cache] /games/players {'year': 2016, 'seasonType': 'regular', 'team': 'Memphis'}
  Fetching game stats 56/128: Miami
    [cache] /games/players {'year': 2016, 'seasonType': 'regular', 'team': 'Miami'}
  Fetching game stats 57/128: Miami (OH)
    [cache] /games/players {'year': 2016, 'seasonType': 'regular', 'team': 'Miami (OH)'}
  Fetching game stats 58/128: Michigan
    [cache] /games/players {'year': 2016, 'seasonType': 'regular', 'team': 'Michigan'}
  Fetching game stats 59/128: Michigan State
    [cache] /games/players {'year': 2016, 'seasonType': 'regular', 'team': 'Michigan State'}
  Fetching game stats 60/128: Middle Tennessee
    [cache] /games/players {'year': 2016, 'seasonType': 'regular', 'team': 'Middle Tennessee'}
  Fetching game stats 61/128: Minnesota
    [cache] /games/players {'year': 2016, 'seasonType': 'regular', 'team': 'Minnesota'}
  Fetching game stats 62/128: Mississippi State
    [cache] /games/players {'year': 2016, 'seasonType': 'regular', 'team': 'Mississippi State'}
  Fetching game stats 63/128: Missouri
    [cache] /games/players {'year': 2016, 'seasonType': 'regular', 'team': 'Missouri'}
  Fetching game stats 64/128: Navy
    [cache] /games/players {'year': 2016, 'seasonType': 'regular', 'team': 'Navy'}
  Fetching game stats 65/128: NC State
    [cache] /games/players {'year': 2016, 'seasonType': 'regular', 'team': 'NC State'}
  Fetching game stats 66/128: Nebraska
    [cache] /games/players {'year': 2016, 'seasonType': 'regular', 'team': 'Nebraska'}
  Fetching game stats 67/128: Nevada
    [cache] /games/players {'year': 2016, 'seasonType': 'regular', 'team': 'Nevada'}
  Fetching game stats 68/128: New Mexico
    [cache] /games/players {'year': 2016, 'seasonType': 'regular', 'team': 'New Mexico'}
  Fetching game stats 69/128: New Mexico State
    [cache] /games/players {'year': 2016, 'seasonType': 'regular', 'team': 'New Mexico State'}
  Fetching game stats 70/128: North Carolina
    [cache] /games/players {'year': 2016, 'seasonType': 'regular', 'team': 'North Carolina'}
  Fetching game stats 71/128: Northern Illinois
    [cache] /games/players {'year': 2016, 'seasonType': 'regular', 'team': 'Northern Illinois'}
  Fetching game stats 72/128: North Texas
    [cache] /games/players {'year': 2016, 'seasonType': 'regular', 'team': 'North Texas'}
  Fetching game stats 73/128: Northwestern
    [cache] /games/players {'year': 2016, 'seasonType': 'regular', 'team': 'Northwestern'}
  Fetching game stats 74/128: Notre Dame
    [cache] /games/players {'year': 2016, 'seasonType': 'regular', 'team': 'Notre Dame'}
  Fetching game stats 75/128: Ohio
    [cache] /games/players {'year': 2016, 'seasonType': 'regular', 'team': 'Ohio'}
  Fetching game stats 76/128: Ohio State
    [cache] /games/players {'year': 2016, 'seasonType': 'regular', 'team': 'Ohio State'}
  Fetching game stats 77/128: Oklahoma
    [cache] /games/players {'year': 2016, 'seasonType': 'regular', 'team': 'Oklahoma'}
  Fetching game stats 78/128: Oklahoma State
    [cache] /games/players {'year': 2016, 'seasonType': 'regular', 'team': 'Oklahoma State'}
  Fetching game stats 79/128: Old Dominion
    [cache] /games/players {'year': 2016, 'seasonType': 'regular', 'team': 'Old Dominion'}
  Fetching game stats 80/128: Ole Miss
    [cache] /games/players {'year': 2016, 'seasonType': 'regular', 'team': 'Ole Miss'}
  Fetching game stats 81/128: Oregon
    [cache] /games/players {'year': 2016, 'seasonType': 'regular', 'team': 'Oregon'}
  Fetching game stats 82/128: Oregon State
    [cache] /games/players {'year': 2016, 'seasonType': 'regular', 'team': 'Oregon State'}
  Fetching game stats 83/128: Penn State
    [cache] /games/players {'year': 2016, 'seasonType': 'regular', 'team': 'Penn State'}
  Fetching game stats 84/128: Pittsburgh
    [cache] /games/players {'year': 2016, 'seasonType': 'regular', 'team': 'Pittsburgh'}
  Fetching game stats 85/128: Purdue
    [cache] /games/players {'year': 2016, 'seasonType': 'regular', 'team': 'Purdue'}
  Fetching game stats 86/128: Rice
    [cache] /games/players {'year': 2016, 'seasonType': 'regular', 'team': 'Rice'}
  Fetching game stats 87/128: Rutgers
    [cache] /games/players {'year': 2016, 'seasonType': 'regular', 'team': 'Rutgers'}
  Fetching game stats 88/128: San Diego State
    [cache] /games/players {'year': 2016, 'seasonType': 'regular', 'team': 'San Diego State'}
  Fetching game stats 89/128: San José State
    [cache] /games/players {'year': 2016, 'seasonType': 'regular', 'team': 'San José State'}
  Fetching game stats 90/128: SMU
    [cache] /games/players {'year': 2016, 'seasonType': 'regular', 'team': 'SMU'}
  Fetching game stats 91/128: South Alabama
    [cache] /games/players {'year': 2016, 'seasonType': 'regular', 'team': 'South Alabama'}
  Fetching game stats 92/128: South Carolina
    [cache] /games/players {'year': 2016, 'seasonType': 'regular', 'team': 'South Carolina'}
  Fetching game stats 93/128: Southern Miss
    [cache] /games/players {'year': 2016, 'seasonType': 'regular', 'team': 'Southern Miss'}
  Fetching game stats 94/128: South Florida
    [cache] /games/players {'year': 2016, 'seasonType': 'regular', 'team': 'South Florida'}
  Fetching game stats 95/128: Stanford
    [cache] /games/players {'year': 2016, 'seasonType': 'regular', 'team': 'Stanford'}
  Fetching game stats 96/128: Syracuse
    [cache] /games/players {'year': 2016, 'seasonType': 'regular', 'team': 'Syracuse'}
  Fetching game stats 97/128: TCU
    [cache] /games/players {'year': 2016, 'seasonType': 'regular', 'team': 'TCU'}
  Fetching game stats 98/128: Temple
    [cache] /games/players {'year': 2016, 'seasonType': 'regular', 'team': 'Temple'}
  Fetching game stats 99/128: Tennessee
    [cache] /games/players {'year': 2016, 'seasonType': 'regular', 'team': 'Tennessee'}
  Fetching game stats 100/128: Texas
    [cache] /games/players {'year': 2016, 'seasonType': 'regular', 'team': 'Texas'}
  Fetching game stats 101/128: Texas A&M
    [cache] /games/players {'year': 2016, 'seasonType': 'regular', 'team': 'Texas A&M'}
  Fetching game stats 102/128: Texas State
    [cache] /games/players {'year': 2016, 'seasonType': 'regular', 'team': 'Texas State'}
  Fetching game stats 103/128: Texas Tech
    [cache] /games/players {'year': 2016, 'seasonType': 'regular', 'team': 'Texas Tech'}
  Fetching game stats 104/128: Toledo
    [cache] /games/players {'year': 2016, 'seasonType': 'regular', 'team': 'Toledo'}
  Fetching game stats 105/128: Troy
    [cache] /games/players {'year': 2016, 'seasonType': 'regular', 'team': 'Troy'}
  Fetching game stats 106/128: Tulane
    [cache] /games/players {'year': 2016, 'seasonType': 'regular', 'team': 'Tulane'}
  Fetching game stats 107/128: Tulsa
    [cache] /games/players {'year': 2016, 'seasonType': 'regular', 'team': 'Tulsa'}
  Fetching game stats 108/128: UCF
    [cache] /games/players {'year': 2016, 'seasonType': 'regular', 'team': 'UCF'}
  Fetching game stats 109/128: UCLA
    [cache] /games/players {'year': 2016, 'seasonType': 'regular', 'team': 'UCLA'}
  Fetching game stats 110/128: UConn
    [cache] /games/players {'year': 2016, 'seasonType': 'regular', 'team': 'UConn'}
  Fetching game stats 111/128: UL Monroe
    [cache] /games/players {'year': 2016, 'seasonType': 'regular', 'team': 'UL Monroe'}
  Fetching game stats 112/128: UNLV
    [cache] /games/players {'year': 2016, 'seasonType': 'regular', 'team': 'UNLV'}
  Fetching game stats 113/128: USC
    [cache] /games/players {'year': 2016, 'seasonType': 'regular', 'team': 'USC'}
  Fetching game stats 114/128: Utah
    [cache] /games/players {'year': 2016, 'seasonType': 'regular', 'team': 'Utah'}
  Fetching game stats 115/128: Utah State
    [cache] /games/players {'year': 2016, 'seasonType': 'regular', 'team': 'Utah State'}
  Fetching game stats 116/128: UTEP
    [cache] /games/players {'year': 2016, 'seasonType': 'regular', 'team': 'UTEP'}
  Fetching game stats 117/128: UTSA
    [cache] /games/players {'year': 2016, 'seasonType': 'regular', 'team': 'UTSA'}
  Fetching game stats 118/128: Vanderbilt
    [cache] /games/players {'year': 2016, 'seasonType': 'regular', 'team': 'Vanderbilt'}
  Fetching game stats 119/128: Virginia
    [cache] /games/players {'year': 2016, 'seasonType': 'regular', 'team': 'Virginia'}
  Fetching game stats 120/128: Virginia Tech
    [cache] /games/players {'year': 2016, 'seasonType': 'regular', 'team': 'Virginia Tech'}
  Fetching game stats 121/128: Wake Forest
    [cache] /games/players {'year': 2016, 'seasonType': 'regular', 'team': 'Wake Forest'}
  Fetching game stats 122/128: Washington
    [cache] /games/players {'year': 2016, 'seasonType': 'regular', 'team': 'Washington'}
  Fetching game stats 123/128: Washington State
    [cache] /games/players {'year': 2016, 'seasonType': 'regular', 'team': 'Washington State'}
  Fetching game stats 124/128: Western Kentucky
    [cache] /games/players {'year': 2016, 'seasonType': 'regular', 'team': 'Western Kentucky'}
  Fetching game stats 125/128: Western Michigan
    [cache] /games/players {'year': 2016, 'seasonType': 'regular', 'team': 'Western Michigan'}
  Fetching game stats 126/128: West Virginia
    [cache] /games/players {'year': 2016, 'seasonType': 'regular', 'team': 'West Virginia'}
  Fetching game stats 127/128: Wisconsin
    [cache] /games/players {'year': 2016, 'seasonType': 'regular', 'team': 'Wisconsin'}
  Fetching game stats 128/128: Wyoming
    [cache] /games/players {'year': 2016, 'seasonType': 'regular', 'team': 'Wyoming'}
  831 unique games with player stats fetched

[6c] Fetching drives and plays by week (weeks 1-16)...
    drives week 1/16
    [cache] /drives {'year': 2016, 'week': 1, 'seasonType': 'regular'}
    drives week 2/16
    [cache] /drives {'year': 2016, 'week': 2, 'seasonType': 'regular'}
    drives week 3/16
    [cache] /drives {'year': 2016, 'week': 3, 'seasonType': 'regular'}
    drives week 4/16
    [cache] /drives {'year': 2016, 'week': 4, 'seasonType': 'regular'}
    drives week 5/16
    [cache] /drives {'year': 2016, 'week': 5, 'seasonType': 'regular'}
    drives week 6/16
    [cache] /drives {'year': 2016, 'week': 6, 'seasonType': 'regular'}
    drives week 7/16
    [cache] /drives {'year': 2016, 'week': 7, 'seasonType': 'regular'}
    drives week 8/16
    [cache] /drives {'year': 2016, 'week': 8, 'seasonType': 'regular'}
    drives week 9/16
    [cache] /drives {'year': 2016, 'week': 9, 'seasonType': 'regular'}
    drives week 10/16
    [cache] /drives {'year': 2016, 'week': 10, 'seasonType': 'regular'}
    drives week 11/16
    [cache] /drives {'year': 2016, 'week': 11, 'seasonType': 'regular'}
    drives week 12/16
    [cache] /drives {'year': 2016, 'week': 12, 'seasonType': 'regular'}
    drives week 13/16
    [cache] /drives {'year': 2016, 'week': 13, 'seasonType': 'regular'}
    drives week 14/16
    [cache] /drives {'year': 2016, 'week': 14, 'seasonType': 'regular'}
    drives week 15/16
    [cache] /drives {'year': 2016, 'week': 15, 'seasonType': 'regular'}
    drives week 16/16
    [cache] /drives {'year': 2016, 'week': 16, 'seasonType': 'regular'}
  21436 total drives fetched
    plays week 1/16
    [cache] /plays {'year': 2016, 'week': 1, 'seasonType': 'regular'}
    plays week 2/16
    [cache] /plays {'year': 2016, 'week': 2, 'seasonType': 'regular'}
    plays week 3/16
    [cache] /plays {'year': 2016, 'week': 3, 'seasonType': 'regular'}
    plays week 4/16
    [cache] /plays {'year': 2016, 'week': 4, 'seasonType': 'regular'}
    plays week 5/16
    [cache] /plays {'year': 2016, 'week': 5, 'seasonType': 'regular'}
    plays week 6/16
    [cache] /plays {'year': 2016, 'week': 6, 'seasonType': 'regular'}
    plays week 7/16
    [cache] /plays {'year': 2016, 'week': 7, 'seasonType': 'regular'}
    plays week 8/16
    [cache] /plays {'year': 2016, 'week': 8, 'seasonType': 'regular'}
    plays week 9/16
    [cache] /plays {'year': 2016, 'week': 9, 'seasonType': 'regular'}
    plays week 10/16
    [cache] /plays {'year': 2016, 'week': 10, 'seasonType': 'regular'}
    plays week 11/16
    [cache] /plays {'year': 2016, 'week': 11, 'seasonType': 'regular'}
    plays week 12/16
    [cache] /plays {'year': 2016, 'week': 12, 'seasonType': 'regular'}
    plays week 13/16
    [cache] /plays {'year': 2016, 'week': 13, 'seasonType': 'regular'}
    plays week 14/16
    [cache] /plays {'year': 2016, 'week': 14, 'seasonType': 'regular'}
    plays week 15/16
    [cache] /plays {'year': 2016, 'week': 15, 'seasonType': 'regular'}
    plays week 16/16
    [cache] /plays {'year': 2016, 'week': 16, 'seasonType': 'regular'}
  150978 total plays fetched
  1620 rushers with parsed carry data (623 QBs excluded)

[7/7] Processing ratings...
  Building opponent-weighted stats from gamelog...
  10724 players with opponent-weighted stats
Building player gamelogs (early pass for gamelog-derived skills)...
  Gamelog-derived skills computed for 10724 players
Normalizing ratings...
Applying backup/no-data tier ratings...
  4711 backup/no-data players rated via star-anchor pathway
  OL boosts applied to 1002 player(s) (draft/awards/continuity)
Computing team ratings...
Generating public names...

  Year 2016 rating distribution:
    40-49:  3821 (25%) ############
    50-59:  2416 (16%) ########
    60-69:  4110 (27%) #############
    70-79:  2747 (18%) #########
    80-89:  1347 ( 9%) ####
    90-99:   273 ( 1%) 
    Min=40 Max=98 Median=63
  128 teams, 14714 players.
Building schedule, drives, and plays...
  1502 games, 10724 players with gamelogs
  21436 drives, 150978 plays

Writing to C:\Projects\CFB-Video-Game\app\assets\data/
  2016/teams_private.json: 128 entries
  2016/teams_public.json: 128 entries
  2016/players_private.json: 14714 entries
  2016/players_public.json: 14714 entries
  2016/ratings.json: 14714 entries
  2016/team_schedule.json: 1502 entries
  2016/player_gamelog.json: 10724 keys, 54924 entries
  2016/team_drives.json: 215 keys, 21436 entries
  2016/team_plays_wk*.json.gz: 15 weeks, 150978 plays
  Loaded 14707 player IDs from 2016 for continuity check

============================================================
  PROCESSING YEAR 2017
============================================================

[1/7] Fetching FBS teams...
    [cache] /teams/fbs {'year': 2017}
  Found 130 teams

[2/7] Fetching rosters...
  Fetching roster 1/130: Air Force
    [cache] /roster {'team': 'Air Force', 'year': 2017}
  Fetching roster 2/130: Akron
    [cache] /roster {'team': 'Akron', 'year': 2017}
  Fetching roster 3/130: Alabama
    [cache] /roster {'team': 'Alabama', 'year': 2017}
  Fetching roster 4/130: App State
    [cache] /roster {'team': 'App State', 'year': 2017}
  Fetching roster 5/130: Arizona
    [cache] /roster {'team': 'Arizona', 'year': 2017}
  Fetching roster 6/130: Arizona State
    [cache] /roster {'team': 'Arizona State', 'year': 2017}
  Fetching roster 7/130: Arkansas
    [cache] /roster {'team': 'Arkansas', 'year': 2017}
  Fetching roster 8/130: Arkansas State
    [cache] /roster {'team': 'Arkansas State', 'year': 2017}
  Fetching roster 9/130: Army
    [cache] /roster {'team': 'Army', 'year': 2017}
  Fetching roster 10/130: Auburn
    [cache] /roster {'team': 'Auburn', 'year': 2017}
  Fetching roster 11/130: Ball State
    [cache] /roster {'team': 'Ball State', 'year': 2017}
  Fetching roster 12/130: Baylor
    [cache] /roster {'team': 'Baylor', 'year': 2017}
  Fetching roster 13/130: Boise State
    [cache] /roster {'team': 'Boise State', 'year': 2017}
  Fetching roster 14/130: Boston College
    [cache] /roster {'team': 'Boston College', 'year': 2017}
  Fetching roster 15/130: Bowling Green
    [cache] /roster {'team': 'Bowling Green', 'year': 2017}
  Fetching roster 16/130: Buffalo
    [cache] /roster {'team': 'Buffalo', 'year': 2017}
  Fetching roster 17/130: BYU
    [cache] /roster {'team': 'BYU', 'year': 2017}
  Fetching roster 18/130: California
    [cache] /roster {'team': 'California', 'year': 2017}
  Fetching roster 19/130: Central Michigan
    [cache] /roster {'team': 'Central Michigan', 'year': 2017}
  Fetching roster 20/130: Charlotte
    [cache] /roster {'team': 'Charlotte', 'year': 2017}
  Fetching roster 21/130: Cincinnati
    [cache] /roster {'team': 'Cincinnati', 'year': 2017}
  Fetching roster 22/130: Clemson
    [cache] /roster {'team': 'Clemson', 'year': 2017}
  Fetching roster 23/130: Coastal Carolina
    [cache] /roster {'team': 'Coastal Carolina', 'year': 2017}
  Fetching roster 24/130: Colorado
    [cache] /roster {'team': 'Colorado', 'year': 2017}
  Fetching roster 25/130: Colorado State
    [cache] /roster {'team': 'Colorado State', 'year': 2017}
  Fetching roster 26/130: Duke
    [cache] /roster {'team': 'Duke', 'year': 2017}
  Fetching roster 27/130: East Carolina
    [cache] /roster {'team': 'East Carolina', 'year': 2017}
  Fetching roster 28/130: Eastern Michigan
    [cache] /roster {'team': 'Eastern Michigan', 'year': 2017}
  Fetching roster 29/130: Florida
    [cache] /roster {'team': 'Florida', 'year': 2017}
  Fetching roster 30/130: Florida Atlantic
    [cache] /roster {'team': 'Florida Atlantic', 'year': 2017}
  Fetching roster 31/130: Florida International
    [cache] /roster {'team': 'Florida International', 'year': 2017}
  Fetching roster 32/130: Florida State
    [cache] /roster {'team': 'Florida State', 'year': 2017}
  Fetching roster 33/130: Fresno State
    [cache] /roster {'team': 'Fresno State', 'year': 2017}
  Fetching roster 34/130: Georgia
    [cache] /roster {'team': 'Georgia', 'year': 2017}
  Fetching roster 35/130: Georgia Southern
    [cache] /roster {'team': 'Georgia Southern', 'year': 2017}
  Fetching roster 36/130: Georgia State
    [cache] /roster {'team': 'Georgia State', 'year': 2017}
  Fetching roster 37/130: Georgia Tech
    [cache] /roster {'team': 'Georgia Tech', 'year': 2017}
  Fetching roster 38/130: Hawai'i
    [cache] /roster {'team': "Hawai'i", 'year': 2017}
  Fetching roster 39/130: Houston
    [cache] /roster {'team': 'Houston', 'year': 2017}
  Fetching roster 40/130: Idaho
    [cache] /roster {'team': 'Idaho', 'year': 2017}
  Fetching roster 41/130: Illinois
    [cache] /roster {'team': 'Illinois', 'year': 2017}
  Fetching roster 42/130: Indiana
    [cache] /roster {'team': 'Indiana', 'year': 2017}
  Fetching roster 43/130: Iowa
    [cache] /roster {'team': 'Iowa', 'year': 2017}
  Fetching roster 44/130: Iowa State
    [cache] /roster {'team': 'Iowa State', 'year': 2017}
  Fetching roster 45/130: Kansas
    [cache] /roster {'team': 'Kansas', 'year': 2017}
  Fetching roster 46/130: Kansas State
    [cache] /roster {'team': 'Kansas State', 'year': 2017}
  Fetching roster 47/130: Kent State
    [cache] /roster {'team': 'Kent State', 'year': 2017}
  Fetching roster 48/130: Kentucky
    [cache] /roster {'team': 'Kentucky', 'year': 2017}
  Fetching roster 49/130: Louisiana
    [cache] /roster {'team': 'Louisiana', 'year': 2017}
  Fetching roster 50/130: Louisiana Tech
    [cache] /roster {'team': 'Louisiana Tech', 'year': 2017}
  Fetching roster 51/130: Louisville
    [cache] /roster {'team': 'Louisville', 'year': 2017}
  Fetching roster 52/130: LSU
    [cache] /roster {'team': 'LSU', 'year': 2017}
  Fetching roster 53/130: Marshall
    [cache] /roster {'team': 'Marshall', 'year': 2017}
  Fetching roster 54/130: Maryland
    [cache] /roster {'team': 'Maryland', 'year': 2017}
  Fetching roster 55/130: Massachusetts
    [cache] /roster {'team': 'Massachusetts', 'year': 2017}
  Fetching roster 56/130: Memphis
    [cache] /roster {'team': 'Memphis', 'year': 2017}
  Fetching roster 57/130: Miami
    [cache] /roster {'team': 'Miami', 'year': 2017}
  Fetching roster 58/130: Miami (OH)
    [cache] /roster {'team': 'Miami (OH)', 'year': 2017}
  Fetching roster 59/130: Michigan
    [cache] /roster {'team': 'Michigan', 'year': 2017}
  Fetching roster 60/130: Michigan State
    [cache] /roster {'team': 'Michigan State', 'year': 2017}
  Fetching roster 61/130: Middle Tennessee
    [cache] /roster {'team': 'Middle Tennessee', 'year': 2017}
  Fetching roster 62/130: Minnesota
    [cache] /roster {'team': 'Minnesota', 'year': 2017}
  Fetching roster 63/130: Mississippi State
    [cache] /roster {'team': 'Mississippi State', 'year': 2017}
  Fetching roster 64/130: Missouri
    [cache] /roster {'team': 'Missouri', 'year': 2017}
  Fetching roster 65/130: Navy
    [cache] /roster {'team': 'Navy', 'year': 2017}
  Fetching roster 66/130: NC State
    [cache] /roster {'team': 'NC State', 'year': 2017}
  Fetching roster 67/130: Nebraska
    [cache] /roster {'team': 'Nebraska', 'year': 2017}
  Fetching roster 68/130: Nevada
    [cache] /roster {'team': 'Nevada', 'year': 2017}
  Fetching roster 69/130: New Mexico
    [cache] /roster {'team': 'New Mexico', 'year': 2017}
  Fetching roster 70/130: New Mexico State
    [cache] /roster {'team': 'New Mexico State', 'year': 2017}
  Fetching roster 71/130: North Carolina
    [cache] /roster {'team': 'North Carolina', 'year': 2017}
  Fetching roster 72/130: Northern Illinois
    [cache] /roster {'team': 'Northern Illinois', 'year': 2017}
  Fetching roster 73/130: North Texas
    [cache] /roster {'team': 'North Texas', 'year': 2017}
  Fetching roster 74/130: Northwestern
    [cache] /roster {'team': 'Northwestern', 'year': 2017}
  Fetching roster 75/130: Notre Dame
    [cache] /roster {'team': 'Notre Dame', 'year': 2017}
  Fetching roster 76/130: Ohio
    [cache] /roster {'team': 'Ohio', 'year': 2017}
  Fetching roster 77/130: Ohio State
    [cache] /roster {'team': 'Ohio State', 'year': 2017}
  Fetching roster 78/130: Oklahoma
    [cache] /roster {'team': 'Oklahoma', 'year': 2017}
  Fetching roster 79/130: Oklahoma State
    [cache] /roster {'team': 'Oklahoma State', 'year': 2017}
  Fetching roster 80/130: Old Dominion
    [cache] /roster {'team': 'Old Dominion', 'year': 2017}
  Fetching roster 81/130: Ole Miss
    [cache] /roster {'team': 'Ole Miss', 'year': 2017}
  Fetching roster 82/130: Oregon
    [cache] /roster {'team': 'Oregon', 'year': 2017}
  Fetching roster 83/130: Oregon State
    [cache] /roster {'team': 'Oregon State', 'year': 2017}
  Fetching roster 84/130: Penn State
    [cache] /roster {'team': 'Penn State', 'year': 2017}
  Fetching roster 85/130: Pittsburgh
    [cache] /roster {'team': 'Pittsburgh', 'year': 2017}
  Fetching roster 86/130: Purdue
    [cache] /roster {'team': 'Purdue', 'year': 2017}
  Fetching roster 87/130: Rice
    [cache] /roster {'team': 'Rice', 'year': 2017}
  Fetching roster 88/130: Rutgers
    [cache] /roster {'team': 'Rutgers', 'year': 2017}
  Fetching roster 89/130: San Diego State
    [cache] /roster {'team': 'San Diego State', 'year': 2017}
  Fetching roster 90/130: San José State
    [cache] /roster {'team': 'San José State', 'year': 2017}
  Fetching roster 91/130: SMU
    [cache] /roster {'team': 'SMU', 'year': 2017}
  Fetching roster 92/130: South Alabama
    [cache] /roster {'team': 'South Alabama', 'year': 2017}
  Fetching roster 93/130: South Carolina
    [cache] /roster {'team': 'South Carolina', 'year': 2017}
  Fetching roster 94/130: Southern Miss
    [cache] /roster {'team': 'Southern Miss', 'year': 2017}
  Fetching roster 95/130: South Florida
    [cache] /roster {'team': 'South Florida', 'year': 2017}
  Fetching roster 96/130: Stanford
    [cache] /roster {'team': 'Stanford', 'year': 2017}
  Fetching roster 97/130: Syracuse
    [cache] /roster {'team': 'Syracuse', 'year': 2017}
  Fetching roster 98/130: TCU
    [cache] /roster {'team': 'TCU', 'year': 2017}
  Fetching roster 99/130: Temple
    [cache] /roster {'team': 'Temple', 'year': 2017}
  Fetching roster 100/130: Tennessee
    [cache] /roster {'team': 'Tennessee', 'year': 2017}
  Fetching roster 101/130: Texas
    [cache] /roster {'team': 'Texas', 'year': 2017}
  Fetching roster 102/130: Texas A&M
    [cache] /roster {'team': 'Texas A&M', 'year': 2017}
  Fetching roster 103/130: Texas State
    [cache] /roster {'team': 'Texas State', 'year': 2017}
  Fetching roster 104/130: Texas Tech
    [cache] /roster {'team': 'Texas Tech', 'year': 2017}
  Fetching roster 105/130: Toledo
    [cache] /roster {'team': 'Toledo', 'year': 2017}
  Fetching roster 106/130: Troy
    [cache] /roster {'team': 'Troy', 'year': 2017}
  Fetching roster 107/130: Tulane
    [cache] /roster {'team': 'Tulane', 'year': 2017}
  Fetching roster 108/130: Tulsa
    [cache] /roster {'team': 'Tulsa', 'year': 2017}
  Fetching roster 109/130: UAB
    [cache] /roster {'team': 'UAB', 'year': 2017}
  Fetching roster 110/130: UCF
    [cache] /roster {'team': 'UCF', 'year': 2017}
  Fetching roster 111/130: UCLA
    [cache] /roster {'team': 'UCLA', 'year': 2017}
  Fetching roster 112/130: UConn
    [cache] /roster {'team': 'UConn', 'year': 2017}
  Fetching roster 113/130: UL Monroe
    [cache] /roster {'team': 'UL Monroe', 'year': 2017}
  Fetching roster 114/130: UNLV
    [cache] /roster {'team': 'UNLV', 'year': 2017}
  Fetching roster 115/130: USC
    [cache] /roster {'team': 'USC', 'year': 2017}
  Fetching roster 116/130: Utah
    [cache] /roster {'team': 'Utah', 'year': 2017}
  Fetching roster 117/130: Utah State
    [cache] /roster {'team': 'Utah State', 'year': 2017}
  Fetching roster 118/130: UTEP
    [cache] /roster {'team': 'UTEP', 'year': 2017}
  Fetching roster 119/130: UTSA
    [cache] /roster {'team': 'UTSA', 'year': 2017}
  Fetching roster 120/130: Vanderbilt
    [cache] /roster {'team': 'Vanderbilt', 'year': 2017}
  Fetching roster 121/130: Virginia
    [cache] /roster {'team': 'Virginia', 'year': 2017}
  Fetching roster 122/130: Virginia Tech
    [cache] /roster {'team': 'Virginia Tech', 'year': 2017}
  Fetching roster 123/130: Wake Forest
    [cache] /roster {'team': 'Wake Forest', 'year': 2017}
  Fetching roster 124/130: Washington
    [cache] /roster {'team': 'Washington', 'year': 2017}
  Fetching roster 125/130: Washington State
    [cache] /roster {'team': 'Washington State', 'year': 2017}
  Fetching roster 126/130: Western Kentucky
    [cache] /roster {'team': 'Western Kentucky', 'year': 2017}
  Fetching roster 127/130: Western Michigan
    [cache] /roster {'team': 'Western Michigan', 'year': 2017}
  Fetching roster 128/130: West Virginia
    [cache] /roster {'team': 'West Virginia', 'year': 2017}
  Fetching roster 129/130: Wisconsin
    [cache] /roster {'team': 'Wisconsin', 'year': 2017}
  Fetching roster 130/130: Wyoming
    [cache] /roster {'team': 'Wyoming', 'year': 2017}

[3/7] Fetching player stats...
    [cache] /stats/player/season {'year': 2017, 'seasonType': 'regular'}
  10419 player stat entries

[3b] Fetching player usage...
    [cache] /player/usage {'year': 2017, 'seasonType': 'regular'}
  3214 usage entries

[3c] Fetching player awards...
    GET /awards {'year': 2017}
    WARNING: /awards {'year': 2017} failed: HTTPSConnectionPool(host='api.collegefootballdata.com', port=443): Max retries exceeded with url: /awards?year=2017 (Caused by NewConnectionError("HTTPSConnection(host='api.collegefootballdata.com', port=443): Failed to establish a new connection: [WinError 10051] A socket operation was attempted to an unreachable network"))
  0 award entries
  0 OL draft picks mapped for 2018 NFL Draft

[4/7] Fetching PPA data...
    [cache] /ppa/players/season {'year': 2017}
  3214 PPA entries

[5/7] Fetching team stats + SP+ + talent...
    [cache] /stats/season {'year': 2017}
    [cache] /ratings/sp {'year': 2017}
    [cache] /talent {'year': 2017}

[6/7] Fetching recruiting data...
    Class 2013...
    [cache] /recruiting/players {'year': 2013}
    Class 2014...
    [cache] /recruiting/players {'year': 2014}
    Class 2015...
    [cache] /recruiting/players {'year': 2015}
    Class 2016...
    [cache] /recruiting/players {'year': 2016}
    Class 2017...
    [cache] /recruiting/players {'year': 2017}

[6b] Fetching game results and player game stats (Phase 2)...
    [cache] /games {'year': 2017, 'seasonType': 'regular'}
  1505 games fetched
  Fetching game stats 1/130: Air Force
    [cache] /games/players {'year': 2017, 'seasonType': 'regular', 'team': 'Air Force'}
  Fetching game stats 2/130: Akron
    [cache] /games/players {'year': 2017, 'seasonType': 'regular', 'team': 'Akron'}
  Fetching game stats 3/130: Alabama
    [cache] /games/players {'year': 2017, 'seasonType': 'regular', 'team': 'Alabama'}
  Fetching game stats 4/130: App State
    [cache] /games/players {'year': 2017, 'seasonType': 'regular', 'team': 'App State'}
  Fetching game stats 5/130: Arizona
    [cache] /games/players {'year': 2017, 'seasonType': 'regular', 'team': 'Arizona'}
  Fetching game stats 6/130: Arizona State
    [cache] /games/players {'year': 2017, 'seasonType': 'regular', 'team': 'Arizona State'}
  Fetching game stats 7/130: Arkansas
    [cache] /games/players {'year': 2017, 'seasonType': 'regular', 'team': 'Arkansas'}
  Fetching game stats 8/130: Arkansas State
    [cache] /games/players {'year': 2017, 'seasonType': 'regular', 'team': 'Arkansas State'}
  Fetching game stats 9/130: Army
    [cache] /games/players {'year': 2017, 'seasonType': 'regular', 'team': 'Army'}
  Fetching game stats 10/130: Auburn
    [cache] /games/players {'year': 2017, 'seasonType': 'regular', 'team': 'Auburn'}
  Fetching game stats 11/130: Ball State
    [cache] /games/players {'year': 2017, 'seasonType': 'regular', 'team': 'Ball State'}
  Fetching game stats 12/130: Baylor
    [cache] /games/players {'year': 2017, 'seasonType': 'regular', 'team': 'Baylor'}
  Fetching game stats 13/130: Boise State
    [cache] /games/players {'year': 2017, 'seasonType': 'regular', 'team': 'Boise State'}
  Fetching game stats 14/130: Boston College
    [cache] /games/players {'year': 2017, 'seasonType': 'regular', 'team': 'Boston College'}
  Fetching game stats 15/130: Bowling Green
    [cache] /games/players {'year': 2017, 'seasonType': 'regular', 'team': 'Bowling Green'}
  Fetching game stats 16/130: Buffalo
    [cache] /games/players {'year': 2017, 'seasonType': 'regular', 'team': 'Buffalo'}
  Fetching game stats 17/130: BYU
    [cache] /games/players {'year': 2017, 'seasonType': 'regular', 'team': 'BYU'}
  Fetching game stats 18/130: California
    [cache] /games/players {'year': 2017, 'seasonType': 'regular', 'team': 'California'}
  Fetching game stats 19/130: Central Michigan
    [cache] /games/players {'year': 2017, 'seasonType': 'regular', 'team': 'Central Michigan'}
  Fetching game stats 20/130: Charlotte
    [cache] /games/players {'year': 2017, 'seasonType': 'regular', 'team': 'Charlotte'}
  Fetching game stats 21/130: Cincinnati
    [cache] /games/players {'year': 2017, 'seasonType': 'regular', 'team': 'Cincinnati'}
  Fetching game stats 22/130: Clemson
    [cache] /games/players {'year': 2017, 'seasonType': 'regular', 'team': 'Clemson'}
  Fetching game stats 23/130: Coastal Carolina
    [cache] /games/players {'year': 2017, 'seasonType': 'regular', 'team': 'Coastal Carolina'}
  Fetching game stats 24/130: Colorado
    [cache] /games/players {'year': 2017, 'seasonType': 'regular', 'team': 'Colorado'}
  Fetching game stats 25/130: Colorado State
    [cache] /games/players {'year': 2017, 'seasonType': 'regular', 'team': 'Colorado State'}
  Fetching game stats 26/130: Duke
    [cache] /games/players {'year': 2017, 'seasonType': 'regular', 'team': 'Duke'}
  Fetching game stats 27/130: East Carolina
    [cache] /games/players {'year': 2017, 'seasonType': 'regular', 'team': 'East Carolina'}
  Fetching game stats 28/130: Eastern Michigan
    [cache] /games/players {'year': 2017, 'seasonType': 'regular', 'team': 'Eastern Michigan'}
  Fetching game stats 29/130: Florida
    [cache] /games/players {'year': 2017, 'seasonType': 'regular', 'team': 'Florida'}
  Fetching game stats 30/130: Florida Atlantic
    [cache] /games/players {'year': 2017, 'seasonType': 'regular', 'team': 'Florida Atlantic'}
  Fetching game stats 31/130: Florida International
    [cache] /games/players {'year': 2017, 'seasonType': 'regular', 'team': 'Florida International'}
  Fetching game stats 32/130: Florida State
    [cache] /games/players {'year': 2017, 'seasonType': 'regular', 'team': 'Florida State'}
  Fetching game stats 33/130: Fresno State
    [cache] /games/players {'year': 2017, 'seasonType': 'regular', 'team': 'Fresno State'}
  Fetching game stats 34/130: Georgia
    [cache] /games/players {'year': 2017, 'seasonType': 'regular', 'team': 'Georgia'}
  Fetching game stats 35/130: Georgia Southern
    [cache] /games/players {'year': 2017, 'seasonType': 'regular', 'team': 'Georgia Southern'}
  Fetching game stats 36/130: Georgia State
    [cache] /games/players {'year': 2017, 'seasonType': 'regular', 'team': 'Georgia State'}
  Fetching game stats 37/130: Georgia Tech
    [cache] /games/players {'year': 2017, 'seasonType': 'regular', 'team': 'Georgia Tech'}
  Fetching game stats 38/130: Hawai'i
    [cache] /games/players {'year': 2017, 'seasonType': 'regular', 'team': "Hawai'i"}
  Fetching game stats 39/130: Houston
    [cache] /games/players {'year': 2017, 'seasonType': 'regular', 'team': 'Houston'}
  Fetching game stats 40/130: Idaho
    [cache] /games/players {'year': 2017, 'seasonType': 'regular', 'team': 'Idaho'}
  Fetching game stats 41/130: Illinois
    [cache] /games/players {'year': 2017, 'seasonType': 'regular', 'team': 'Illinois'}
  Fetching game stats 42/130: Indiana
    [cache] /games/players {'year': 2017, 'seasonType': 'regular', 'team': 'Indiana'}
  Fetching game stats 43/130: Iowa
    [cache] /games/players {'year': 2017, 'seasonType': 'regular', 'team': 'Iowa'}
  Fetching game stats 44/130: Iowa State
    [cache] /games/players {'year': 2017, 'seasonType': 'regular', 'team': 'Iowa State'}
  Fetching game stats 45/130: Kansas
    [cache] /games/players {'year': 2017, 'seasonType': 'regular', 'team': 'Kansas'}
  Fetching game stats 46/130: Kansas State
    [cache] /games/players {'year': 2017, 'seasonType': 'regular', 'team': 'Kansas State'}
  Fetching game stats 47/130: Kent State
    [cache] /games/players {'year': 2017, 'seasonType': 'regular', 'team': 'Kent State'}
  Fetching game stats 48/130: Kentucky
    [cache] /games/players {'year': 2017, 'seasonType': 'regular', 'team': 'Kentucky'}
  Fetching game stats 49/130: Louisiana
    [cache] /games/players {'year': 2017, 'seasonType': 'regular', 'team': 'Louisiana'}
  Fetching game stats 50/130: Louisiana Tech
    [cache] /games/players {'year': 2017, 'seasonType': 'regular', 'team': 'Louisiana Tech'}
  Fetching game stats 51/130: Louisville
    [cache] /games/players {'year': 2017, 'seasonType': 'regular', 'team': 'Louisville'}
  Fetching game stats 52/130: LSU
    [cache] /games/players {'year': 2017, 'seasonType': 'regular', 'team': 'LSU'}
  Fetching game stats 53/130: Marshall
    [cache] /games/players {'year': 2017, 'seasonType': 'regular', 'team': 'Marshall'}
  Fetching game stats 54/130: Maryland
    [cache] /games/players {'year': 2017, 'seasonType': 'regular', 'team': 'Maryland'}
  Fetching game stats 55/130: Massachusetts
    [cache] /games/players {'year': 2017, 'seasonType': 'regular', 'team': 'Massachusetts'}
  Fetching game stats 56/130: Memphis
    [cache] /games/players {'year': 2017, 'seasonType': 'regular', 'team': 'Memphis'}
  Fetching game stats 57/130: Miami
    [cache] /games/players {'year': 2017, 'seasonType': 'regular', 'team': 'Miami'}
  Fetching game stats 58/130: Miami (OH)
    [cache] /games/players {'year': 2017, 'seasonType': 'regular', 'team': 'Miami (OH)'}
  Fetching game stats 59/130: Michigan
    [cache] /games/players {'year': 2017, 'seasonType': 'regular', 'team': 'Michigan'}
  Fetching game stats 60/130: Michigan State
    [cache] /games/players {'year': 2017, 'seasonType': 'regular', 'team': 'Michigan State'}
  Fetching game stats 61/130: Middle Tennessee
    [cache] /games/players {'year': 2017, 'seasonType': 'regular', 'team': 'Middle Tennessee'}
  Fetching game stats 62/130: Minnesota
    [cache] /games/players {'year': 2017, 'seasonType': 'regular', 'team': 'Minnesota'}
  Fetching game stats 63/130: Mississippi State
    [cache] /games/players {'year': 2017, 'seasonType': 'regular', 'team': 'Mississippi State'}
  Fetching game stats 64/130: Missouri
    [cache] /games/players {'year': 2017, 'seasonType': 'regular', 'team': 'Missouri'}
  Fetching game stats 65/130: Navy
    [cache] /games/players {'year': 2017, 'seasonType': 'regular', 'team': 'Navy'}
  Fetching game stats 66/130: NC State
    [cache] /games/players {'year': 2017, 'seasonType': 'regular', 'team': 'NC State'}
  Fetching game stats 67/130: Nebraska
    [cache] /games/players {'year': 2017, 'seasonType': 'regular', 'team': 'Nebraska'}
  Fetching game stats 68/130: Nevada
    [cache] /games/players {'year': 2017, 'seasonType': 'regular', 'team': 'Nevada'}
  Fetching game stats 69/130: New Mexico
    [cache] /games/players {'year': 2017, 'seasonType': 'regular', 'team': 'New Mexico'}
  Fetching game stats 70/130: New Mexico State
    [cache] /games/players {'year': 2017, 'seasonType': 'regular', 'team': 'New Mexico State'}
  Fetching game stats 71/130: North Carolina
    [cache] /games/players {'year': 2017, 'seasonType': 'regular', 'team': 'North Carolina'}
  Fetching game stats 72/130: Northern Illinois
    [cache] /games/players {'year': 2017, 'seasonType': 'regular', 'team': 'Northern Illinois'}
  Fetching game stats 73/130: North Texas
    [cache] /games/players {'year': 2017, 'seasonType': 'regular', 'team': 'North Texas'}
  Fetching game stats 74/130: Northwestern
    [cache] /games/players {'year': 2017, 'seasonType': 'regular', 'team': 'Northwestern'}
  Fetching game stats 75/130: Notre Dame
    [cache] /games/players {'year': 2017, 'seasonType': 'regular', 'team': 'Notre Dame'}
  Fetching game stats 76/130: Ohio
    [cache] /games/players {'year': 2017, 'seasonType': 'regular', 'team': 'Ohio'}
  Fetching game stats 77/130: Ohio State
    [cache] /games/players {'year': 2017, 'seasonType': 'regular', 'team': 'Ohio State'}
  Fetching game stats 78/130: Oklahoma
    [cache] /games/players {'year': 2017, 'seasonType': 'regular', 'team': 'Oklahoma'}
  Fetching game stats 79/130: Oklahoma State
    [cache] /games/players {'year': 2017, 'seasonType': 'regular', 'team': 'Oklahoma State'}
  Fetching game stats 80/130: Old Dominion
    [cache] /games/players {'year': 2017, 'seasonType': 'regular', 'team': 'Old Dominion'}
  Fetching game stats 81/130: Ole Miss
    [cache] /games/players {'year': 2017, 'seasonType': 'regular', 'team': 'Ole Miss'}
  Fetching game stats 82/130: Oregon
    [cache] /games/players {'year': 2017, 'seasonType': 'regular', 'team': 'Oregon'}
  Fetching game stats 83/130: Oregon State
    [cache] /games/players {'year': 2017, 'seasonType': 'regular', 'team': 'Oregon State'}
  Fetching game stats 84/130: Penn State
    [cache] /games/players {'year': 2017, 'seasonType': 'regular', 'team': 'Penn State'}
  Fetching game stats 85/130: Pittsburgh
    [cache] /games/players {'year': 2017, 'seasonType': 'regular', 'team': 'Pittsburgh'}
  Fetching game stats 86/130: Purdue
    [cache] /games/players {'year': 2017, 'seasonType': 'regular', 'team': 'Purdue'}
  Fetching game stats 87/130: Rice
    [cache] /games/players {'year': 2017, 'seasonType': 'regular', 'team': 'Rice'}
  Fetching game stats 88/130: Rutgers
    [cache] /games/players {'year': 2017, 'seasonType': 'regular', 'team': 'Rutgers'}
  Fetching game stats 89/130: San Diego State
    [cache] /games/players {'year': 2017, 'seasonType': 'regular', 'team': 'San Diego State'}
  Fetching game stats 90/130: San José State
    [cache] /games/players {'year': 2017, 'seasonType': 'regular', 'team': 'San José State'}
  Fetching game stats 91/130: SMU
    [cache] /games/players {'year': 2017, 'seasonType': 'regular', 'team': 'SMU'}
  Fetching game stats 92/130: South Alabama
    [cache] /games/players {'year': 2017, 'seasonType': 'regular', 'team': 'South Alabama'}
  Fetching game stats 93/130: South Carolina
    [cache] /games/players {'year': 2017, 'seasonType': 'regular', 'team': 'South Carolina'}
  Fetching game stats 94/130: Southern Miss
    [cache] /games/players {'year': 2017, 'seasonType': 'regular', 'team': 'Southern Miss'}
  Fetching game stats 95/130: South Florida
    [cache] /games/players {'year': 2017, 'seasonType': 'regular', 'team': 'South Florida'}
  Fetching game stats 96/130: Stanford
    [cache] /games/players {'year': 2017, 'seasonType': 'regular', 'team': 'Stanford'}
  Fetching game stats 97/130: Syracuse
    [cache] /games/players {'year': 2017, 'seasonType': 'regular', 'team': 'Syracuse'}
  Fetching game stats 98/130: TCU
    [cache] /games/players {'year': 2017, 'seasonType': 'regular', 'team': 'TCU'}
  Fetching game stats 99/130: Temple
    [cache] /games/players {'year': 2017, 'seasonType': 'regular', 'team': 'Temple'}
  Fetching game stats 100/130: Tennessee
    [cache] /games/players {'year': 2017, 'seasonType': 'regular', 'team': 'Tennessee'}
  Fetching game stats 101/130: Texas
    [cache] /games/players {'year': 2017, 'seasonType': 'regular', 'team': 'Texas'}
  Fetching game stats 102/130: Texas A&M
    [cache] /games/players {'year': 2017, 'seasonType': 'regular', 'team': 'Texas A&M'}
  Fetching game stats 103/130: Texas State
    [cache] /games/players {'year': 2017, 'seasonType': 'regular', 'team': 'Texas State'}
  Fetching game stats 104/130: Texas Tech
    [cache] /games/players {'year': 2017, 'seasonType': 'regular', 'team': 'Texas Tech'}
  Fetching game stats 105/130: Toledo
    [cache] /games/players {'year': 2017, 'seasonType': 'regular', 'team': 'Toledo'}
  Fetching game stats 106/130: Troy
    [cache] /games/players {'year': 2017, 'seasonType': 'regular', 'team': 'Troy'}
  Fetching game stats 107/130: Tulane
    [cache] /games/players {'year': 2017, 'seasonType': 'regular', 'team': 'Tulane'}
  Fetching game stats 108/130: Tulsa
    [cache] /games/players {'year': 2017, 'seasonType': 'regular', 'team': 'Tulsa'}
  Fetching game stats 109/130: UAB
    [cache] /games/players {'year': 2017, 'seasonType': 'regular', 'team': 'UAB'}
  Fetching game stats 110/130: UCF
    [cache] /games/players {'year': 2017, 'seasonType': 'regular', 'team': 'UCF'}
  Fetching game stats 111/130: UCLA
    [cache] /games/players {'year': 2017, 'seasonType': 'regular', 'team': 'UCLA'}
  Fetching game stats 112/130: UConn
    [cache] /games/players {'year': 2017, 'seasonType': 'regular', 'team': 'UConn'}
  Fetching game stats 113/130: UL Monroe
    [cache] /games/players {'year': 2017, 'seasonType': 'regular', 'team': 'UL Monroe'}
  Fetching game stats 114/130: UNLV
    [cache] /games/players {'year': 2017, 'seasonType': 'regular', 'team': 'UNLV'}
  Fetching game stats 115/130: USC
    [cache] /games/players {'year': 2017, 'seasonType': 'regular', 'team': 'USC'}
  Fetching game stats 116/130: Utah
    [cache] /games/players {'year': 2017, 'seasonType': 'regular', 'team': 'Utah'}
  Fetching game stats 117/130: Utah State
    [cache] /games/players {'year': 2017, 'seasonType': 'regular', 'team': 'Utah State'}
  Fetching game stats 118/130: UTEP
    [cache] /games/players {'year': 2017, 'seasonType': 'regular', 'team': 'UTEP'}
  Fetching game stats 119/130: UTSA
    [cache] /games/players {'year': 2017, 'seasonType': 'regular', 'team': 'UTSA'}
  Fetching game stats 120/130: Vanderbilt
    [cache] /games/players {'year': 2017, 'seasonType': 'regular', 'team': 'Vanderbilt'}
  Fetching game stats 121/130: Virginia
    [cache] /games/players {'year': 2017, 'seasonType': 'regular', 'team': 'Virginia'}
  Fetching game stats 122/130: Virginia Tech
    [cache] /games/players {'year': 2017, 'seasonType': 'regular', 'team': 'Virginia Tech'}
  Fetching game stats 123/130: Wake Forest
    [cache] /games/players {'year': 2017, 'seasonType': 'regular', 'team': 'Wake Forest'}
  Fetching game stats 124/130: Washington
    [cache] /games/players {'year': 2017, 'seasonType': 'regular', 'team': 'Washington'}
  Fetching game stats 125/130: Washington State
    [cache] /games/players {'year': 2017, 'seasonType': 'regular', 'team': 'Washington State'}
  Fetching game stats 126/130: Western Kentucky
    [cache] /games/players {'year': 2017, 'seasonType': 'regular', 'team': 'Western Kentucky'}
  Fetching game stats 127/130: Western Michigan
    [cache] /games/players {'year': 2017, 'seasonType': 'regular', 'team': 'Western Michigan'}
  Fetching game stats 128/130: West Virginia
    [cache] /games/players {'year': 2017, 'seasonType': 'regular', 'team': 'West Virginia'}
  Fetching game stats 129/130: Wisconsin
    [cache] /games/players {'year': 2017, 'seasonType': 'regular', 'team': 'Wisconsin'}
  Fetching game stats 130/130: Wyoming
    [cache] /games/players {'year': 2017, 'seasonType': 'regular', 'team': 'Wyoming'}
  834 unique games with player stats fetched

[6c] Fetching drives and plays by week (weeks 1-16)...
    drives week 1/16
    [cache] /drives {'year': 2017, 'week': 1, 'seasonType': 'regular'}
    drives week 2/16
    [cache] /drives {'year': 2017, 'week': 2, 'seasonType': 'regular'}
    drives week 3/16
    [cache] /drives {'year': 2017, 'week': 3, 'seasonType': 'regular'}
    drives week 4/16
    [cache] /drives {'year': 2017, 'week': 4, 'seasonType': 'regular'}
    drives week 5/16
    [cache] /drives {'year': 2017, 'week': 5, 'seasonType': 'regular'}
    drives week 6/16
    [cache] /drives {'year': 2017, 'week': 6, 'seasonType': 'regular'}
    drives week 7/16
    [cache] /drives {'year': 2017, 'week': 7, 'seasonType': 'regular'}
    drives week 8/16
    [cache] /drives {'year': 2017, 'week': 8, 'seasonType': 'regular'}
    drives week 9/16
    [cache] /drives {'year': 2017, 'week': 9, 'seasonType': 'regular'}
    drives week 10/16
    [cache] /drives {'year': 2017, 'week': 10, 'seasonType': 'regular'}
    drives week 11/16
    [cache] /drives {'year': 2017, 'week': 11, 'seasonType': 'regular'}
    drives week 12/16
    [cache] /drives {'year': 2017, 'week': 12, 'seasonType': 'regular'}
    drives week 13/16
    [cache] /drives {'year': 2017, 'week': 13, 'seasonType': 'regular'}
    drives week 14/16
    [cache] /drives {'year': 2017, 'week': 14, 'seasonType': 'regular'}
    drives week 15/16
    [cache] /drives {'year': 2017, 'week': 15, 'seasonType': 'regular'}
    drives week 16/16
    [cache] /drives {'year': 2017, 'week': 16, 'seasonType': 'regular'}
  21439 total drives fetched
    plays week 1/16
    [cache] /plays {'year': 2017, 'week': 1, 'seasonType': 'regular'}
    plays week 2/16
    [cache] /plays {'year': 2017, 'week': 2, 'seasonType': 'regular'}
    plays week 3/16
    [cache] /plays {'year': 2017, 'week': 3, 'seasonType': 'regular'}
    plays week 4/16
    [cache] /plays {'year': 2017, 'week': 4, 'seasonType': 'regular'}
    plays week 5/16
    [cache] /plays {'year': 2017, 'week': 5, 'seasonType': 'regular'}
    plays week 6/16
    [cache] /plays {'year': 2017, 'week': 6, 'seasonType': 'regular'}
    plays week 7/16
    [cache] /plays {'year': 2017, 'week': 7, 'seasonType': 'regular'}
    plays week 8/16
    [cache] /plays {'year': 2017, 'week': 8, 'seasonType': 'regular'}
    plays week 9/16
    [cache] /plays {'year': 2017, 'week': 9, 'seasonType': 'regular'}
    plays week 10/16
    [cache] /plays {'year': 2017, 'week': 10, 'seasonType': 'regular'}
    plays week 11/16
    [cache] /plays {'year': 2017, 'week': 11, 'seasonType': 'regular'}
    plays week 12/16
    [cache] /plays {'year': 2017, 'week': 12, 'seasonType': 'regular'}
    plays week 13/16
    [cache] /plays {'year': 2017, 'week': 13, 'seasonType': 'regular'}
    plays week 14/16
    [cache] /plays {'year': 2017, 'week': 14, 'seasonType': 'regular'}
    plays week 15/16
    [cache] /plays {'year': 2017, 'week': 15, 'seasonType': 'regular'}
    plays week 16/16
    [cache] /plays {'year': 2017, 'week': 16, 'seasonType': 'regular'}
  151147 total plays fetched
  1606 rushers with parsed carry data (630 QBs excluded)

[7/7] Processing ratings...
  Building opponent-weighted stats from gamelog...
  10543 players with opponent-weighted stats
Building player gamelogs (early pass for gamelog-derived skills)...
  Gamelog-derived skills computed for 10543 players
Normalizing ratings...
Applying backup/no-data tier ratings...
  4557 backup/no-data players rated via star-anchor pathway
  OL boosts applied to 993 player(s) (draft/awards/continuity)
Computing team ratings...
Generating public names...

  Year 2017 rating distribution:
    40-49:  3801 (25%) ############
    50-59:  2454 (16%) ########
    60-69:  4074 (27%) #############
    70-79:  2758 (18%) #########
    80-89:  1389 ( 9%) ####
    90-99:   281 ( 1%) 
    Min=40 Max=99 Median=63
  130 teams, 14757 players.
Building schedule, drives, and plays...
  1505 games, 10543 players with gamelogs
  21439 drives, 151147 plays

Writing to C:\Projects\CFB-Video-Game\app\assets\data/
  2017/teams_private.json: 130 entries
  2017/teams_public.json: 130 entries
  2017/players_private.json: 14757 entries
  2017/players_public.json: 14757 entries
  2017/ratings.json: 14757 entries
  2017/team_schedule.json: 1505 entries
  2017/player_gamelog.json: 10543 keys, 54682 entries
  2017/team_drives.json: 211 keys, 21439 entries
  2017/team_plays_wk*.json.gz: 15 weeks, 151147 plays
  Loaded 14750 player IDs from 2017 for continuity check

============================================================
  PROCESSING YEAR 2018
============================================================

[1/7] Fetching FBS teams...
    [cache] /teams/fbs {'year': 2018}
  Found 130 teams

[2/7] Fetching rosters...
  Fetching roster 1/130: Air Force
    [cache] /roster {'team': 'Air Force', 'year': 2018}
  Fetching roster 2/130: Akron
    [cache] /roster {'team': 'Akron', 'year': 2018}
  Fetching roster 3/130: Alabama
    [cache] /roster {'team': 'Alabama', 'year': 2018}
  Fetching roster 4/130: App State
    [cache] /roster {'team': 'App State', 'year': 2018}
  Fetching roster 5/130: Arizona
    [cache] /roster {'team': 'Arizona', 'year': 2018}
  Fetching roster 6/130: Arizona State
    [cache] /roster {'team': 'Arizona State', 'year': 2018}
  Fetching roster 7/130: Arkansas
    [cache] /roster {'team': 'Arkansas', 'year': 2018}
  Fetching roster 8/130: Arkansas State
    [cache] /roster {'team': 'Arkansas State', 'year': 2018}
  Fetching roster 9/130: Army
    [cache] /roster {'team': 'Army', 'year': 2018}
  Fetching roster 10/130: Auburn
    [cache] /roster {'team': 'Auburn', 'year': 2018}
  Fetching roster 11/130: Ball State
    [cache] /roster {'team': 'Ball State', 'year': 2018}
  Fetching roster 12/130: Baylor
    [cache] /roster {'team': 'Baylor', 'year': 2018}
  Fetching roster 13/130: Boise State
    [cache] /roster {'team': 'Boise State', 'year': 2018}
  Fetching roster 14/130: Boston College
    [cache] /roster {'team': 'Boston College', 'year': 2018}
  Fetching roster 15/130: Bowling Green
    [cache] /roster {'team': 'Bowling Green', 'year': 2018}
  Fetching roster 16/130: Buffalo
    [cache] /roster {'team': 'Buffalo', 'year': 2018}
  Fetching roster 17/130: BYU
    [cache] /roster {'team': 'BYU', 'year': 2018}
  Fetching roster 18/130: California
    [cache] /roster {'team': 'California', 'year': 2018}
  Fetching roster 19/130: Central Michigan
    [cache] /roster {'team': 'Central Michigan', 'year': 2018}
  Fetching roster 20/130: Charlotte
    [cache] /roster {'team': 'Charlotte', 'year': 2018}
  Fetching roster 21/130: Cincinnati
    [cache] /roster {'team': 'Cincinnati', 'year': 2018}
  Fetching roster 22/130: Clemson
    [cache] /roster {'team': 'Clemson', 'year': 2018}
  Fetching roster 23/130: Coastal Carolina
    [cache] /roster {'team': 'Coastal Carolina', 'year': 2018}
  Fetching roster 24/130: Colorado
    [cache] /roster {'team': 'Colorado', 'year': 2018}
  Fetching roster 25/130: Colorado State
    [cache] /roster {'team': 'Colorado State', 'year': 2018}
  Fetching roster 26/130: Duke
    [cache] /roster {'team': 'Duke', 'year': 2018}
  Fetching roster 27/130: East Carolina
    [cache] /roster {'team': 'East Carolina', 'year': 2018}
  Fetching roster 28/130: Eastern Michigan
    [cache] /roster {'team': 'Eastern Michigan', 'year': 2018}
  Fetching roster 29/130: Florida
    [cache] /roster {'team': 'Florida', 'year': 2018}
  Fetching roster 30/130: Florida Atlantic
    [cache] /roster {'team': 'Florida Atlantic', 'year': 2018}
  Fetching roster 31/130: Florida International
    [cache] /roster {'team': 'Florida International', 'year': 2018}
  Fetching roster 32/130: Florida State
    [cache] /roster {'team': 'Florida State', 'year': 2018}
  Fetching roster 33/130: Fresno State
    [cache] /roster {'team': 'Fresno State', 'year': 2018}
  Fetching roster 34/130: Georgia
    [cache] /roster {'team': 'Georgia', 'year': 2018}
  Fetching roster 35/130: Georgia Southern
    [cache] /roster {'team': 'Georgia Southern', 'year': 2018}
  Fetching roster 36/130: Georgia State
    [cache] /roster {'team': 'Georgia State', 'year': 2018}
  Fetching roster 37/130: Georgia Tech
    [cache] /roster {'team': 'Georgia Tech', 'year': 2018}
  Fetching roster 38/130: Hawai'i
    [cache] /roster {'team': "Hawai'i", 'year': 2018}
  Fetching roster 39/130: Houston
    [cache] /roster {'team': 'Houston', 'year': 2018}
  Fetching roster 40/130: Illinois
    [cache] /roster {'team': 'Illinois', 'year': 2018}
  Fetching roster 41/130: Indiana
    [cache] /roster {'team': 'Indiana', 'year': 2018}
  Fetching roster 42/130: Iowa
    [cache] /roster {'team': 'Iowa', 'year': 2018}
  Fetching roster 43/130: Iowa State
    [cache] /roster {'team': 'Iowa State', 'year': 2018}
  Fetching roster 44/130: Kansas
    [cache] /roster {'team': 'Kansas', 'year': 2018}
  Fetching roster 45/130: Kansas State
    [cache] /roster {'team': 'Kansas State', 'year': 2018}
  Fetching roster 46/130: Kent State
    [cache] /roster {'team': 'Kent State', 'year': 2018}
  Fetching roster 47/130: Kentucky
    [cache] /roster {'team': 'Kentucky', 'year': 2018}
  Fetching roster 48/130: Liberty
    [cache] /roster {'team': 'Liberty', 'year': 2018}
  Fetching roster 49/130: Louisiana
    [cache] /roster {'team': 'Louisiana', 'year': 2018}
  Fetching roster 50/130: Louisiana Tech
    [cache] /roster {'team': 'Louisiana Tech', 'year': 2018}
  Fetching roster 51/130: Louisville
    [cache] /roster {'team': 'Louisville', 'year': 2018}
  Fetching roster 52/130: LSU
    [cache] /roster {'team': 'LSU', 'year': 2018}
  Fetching roster 53/130: Marshall
    [cache] /roster {'team': 'Marshall', 'year': 2018}
  Fetching roster 54/130: Maryland
    [cache] /roster {'team': 'Maryland', 'year': 2018}
  Fetching roster 55/130: Massachusetts
    [cache] /roster {'team': 'Massachusetts', 'year': 2018}
  Fetching roster 56/130: Memphis
    [cache] /roster {'team': 'Memphis', 'year': 2018}
  Fetching roster 57/130: Miami
    [cache] /roster {'team': 'Miami', 'year': 2018}
  Fetching roster 58/130: Miami (OH)
    [cache] /roster {'team': 'Miami (OH)', 'year': 2018}
  Fetching roster 59/130: Michigan
    [cache] /roster {'team': 'Michigan', 'year': 2018}
  Fetching roster 60/130: Michigan State
    [cache] /roster {'team': 'Michigan State', 'year': 2018}
  Fetching roster 61/130: Middle Tennessee
    [cache] /roster {'team': 'Middle Tennessee', 'year': 2018}
  Fetching roster 62/130: Minnesota
    [cache] /roster {'team': 'Minnesota', 'year': 2018}
  Fetching roster 63/130: Mississippi State
    [cache] /roster {'team': 'Mississippi State', 'year': 2018}
  Fetching roster 64/130: Missouri
    [cache] /roster {'team': 'Missouri', 'year': 2018}
  Fetching roster 65/130: Navy
    [cache] /roster {'team': 'Navy', 'year': 2018}
  Fetching roster 66/130: NC State
    [cache] /roster {'team': 'NC State', 'year': 2018}
  Fetching roster 67/130: Nebraska
    [cache] /roster {'team': 'Nebraska', 'year': 2018}
  Fetching roster 68/130: Nevada
    [cache] /roster {'team': 'Nevada', 'year': 2018}
  Fetching roster 69/130: New Mexico
    [cache] /roster {'team': 'New Mexico', 'year': 2018}
  Fetching roster 70/130: New Mexico State
    [cache] /roster {'team': 'New Mexico State', 'year': 2018}
  Fetching roster 71/130: North Carolina
    [cache] /roster {'team': 'North Carolina', 'year': 2018}
  Fetching roster 72/130: Northern Illinois
    [cache] /roster {'team': 'Northern Illinois', 'year': 2018}
  Fetching roster 73/130: North Texas
    [cache] /roster {'team': 'North Texas', 'year': 2018}
  Fetching roster 74/130: Northwestern
    [cache] /roster {'team': 'Northwestern', 'year': 2018}
  Fetching roster 75/130: Notre Dame
    [cache] /roster {'team': 'Notre Dame', 'year': 2018}
  Fetching roster 76/130: Ohio
    [cache] /roster {'team': 'Ohio', 'year': 2018}
  Fetching roster 77/130: Ohio State
    [cache] /roster {'team': 'Ohio State', 'year': 2018}
  Fetching roster 78/130: Oklahoma
    [cache] /roster {'team': 'Oklahoma', 'year': 2018}
  Fetching roster 79/130: Oklahoma State
    [cache] /roster {'team': 'Oklahoma State', 'year': 2018}
  Fetching roster 80/130: Old Dominion
    [cache] /roster {'team': 'Old Dominion', 'year': 2018}
  Fetching roster 81/130: Ole Miss
    [cache] /roster {'team': 'Ole Miss', 'year': 2018}
  Fetching roster 82/130: Oregon
    [cache] /roster {'team': 'Oregon', 'year': 2018}
  Fetching roster 83/130: Oregon State
    [cache] /roster {'team': 'Oregon State', 'year': 2018}
  Fetching roster 84/130: Penn State
    [cache] /roster {'team': 'Penn State', 'year': 2018}
  Fetching roster 85/130: Pittsburgh
    [cache] /roster {'team': 'Pittsburgh', 'year': 2018}
  Fetching roster 86/130: Purdue
    [cache] /roster {'team': 'Purdue', 'year': 2018}
  Fetching roster 87/130: Rice
    [cache] /roster {'team': 'Rice', 'year': 2018}
  Fetching roster 88/130: Rutgers
    [cache] /roster {'team': 'Rutgers', 'year': 2018}
  Fetching roster 89/130: San Diego State
    [cache] /roster {'team': 'San Diego State', 'year': 2018}
  Fetching roster 90/130: San José State
    [cache] /roster {'team': 'San José State', 'year': 2018}
  Fetching roster 91/130: SMU
    [cache] /roster {'team': 'SMU', 'year': 2018}
  Fetching roster 92/130: South Alabama
    [cache] /roster {'team': 'South Alabama', 'year': 2018}
  Fetching roster 93/130: South Carolina
    [cache] /roster {'team': 'South Carolina', 'year': 2018}
  Fetching roster 94/130: Southern Miss
    [cache] /roster {'team': 'Southern Miss', 'year': 2018}
  Fetching roster 95/130: South Florida
    [cache] /roster {'team': 'South Florida', 'year': 2018}
  Fetching roster 96/130: Stanford
    [cache] /roster {'team': 'Stanford', 'year': 2018}
  Fetching roster 97/130: Syracuse
    [cache] /roster {'team': 'Syracuse', 'year': 2018}
  Fetching roster 98/130: TCU
    [cache] /roster {'team': 'TCU', 'year': 2018}
  Fetching roster 99/130: Temple
    [cache] /roster {'team': 'Temple', 'year': 2018}
  Fetching roster 100/130: Tennessee
    [cache] /roster {'team': 'Tennessee', 'year': 2018}
  Fetching roster 101/130: Texas
    [cache] /roster {'team': 'Texas', 'year': 2018}
  Fetching roster 102/130: Texas A&M
    [cache] /roster {'team': 'Texas A&M', 'year': 2018}
  Fetching roster 103/130: Texas State
    [cache] /roster {'team': 'Texas State', 'year': 2018}
  Fetching roster 104/130: Texas Tech
    [cache] /roster {'team': 'Texas Tech', 'year': 2018}
  Fetching roster 105/130: Toledo
    [cache] /roster {'team': 'Toledo', 'year': 2018}
  Fetching roster 106/130: Troy
    [cache] /roster {'team': 'Troy', 'year': 2018}
  Fetching roster 107/130: Tulane
    [cache] /roster {'team': 'Tulane', 'year': 2018}
  Fetching roster 108/130: Tulsa
    [cache] /roster {'team': 'Tulsa', 'year': 2018}
  Fetching roster 109/130: UAB
    [cache] /roster {'team': 'UAB', 'year': 2018}
  Fetching roster 110/130: UCF
    [cache] /roster {'team': 'UCF', 'year': 2018}
  Fetching roster 111/130: UCLA
    [cache] /roster {'team': 'UCLA', 'year': 2018}
  Fetching roster 112/130: UConn
    [cache] /roster {'team': 'UConn', 'year': 2018}
  Fetching roster 113/130: UL Monroe
    [cache] /roster {'team': 'UL Monroe', 'year': 2018}
  Fetching roster 114/130: UNLV
    [cache] /roster {'team': 'UNLV', 'year': 2018}
  Fetching roster 115/130: USC
    [cache] /roster {'team': 'USC', 'year': 2018}
  Fetching roster 116/130: Utah
    [cache] /roster {'team': 'Utah', 'year': 2018}
  Fetching roster 117/130: Utah State
    [cache] /roster {'team': 'Utah State', 'year': 2018}
  Fetching roster 118/130: UTEP
    [cache] /roster {'team': 'UTEP', 'year': 2018}
  Fetching roster 119/130: UTSA
    [cache] /roster {'team': 'UTSA', 'year': 2018}
  Fetching roster 120/130: Vanderbilt
    [cache] /roster {'team': 'Vanderbilt', 'year': 2018}
  Fetching roster 121/130: Virginia
    [cache] /roster {'team': 'Virginia', 'year': 2018}
  Fetching roster 122/130: Virginia Tech
    [cache] /roster {'team': 'Virginia Tech', 'year': 2018}
  Fetching roster 123/130: Wake Forest
    [cache] /roster {'team': 'Wake Forest', 'year': 2018}
  Fetching roster 124/130: Washington
    [cache] /roster {'team': 'Washington', 'year': 2018}
  Fetching roster 125/130: Washington State
    [cache] /roster {'team': 'Washington State', 'year': 2018}
  Fetching roster 126/130: Western Kentucky
    [cache] /roster {'team': 'Western Kentucky', 'year': 2018}
  Fetching roster 127/130: Western Michigan
    [cache] /roster {'team': 'Western Michigan', 'year': 2018}
  Fetching roster 128/130: West Virginia
    [cache] /roster {'team': 'West Virginia', 'year': 2018}
  Fetching roster 129/130: Wisconsin
    [cache] /roster {'team': 'Wisconsin', 'year': 2018}
  Fetching roster 130/130: Wyoming
    [cache] /roster {'team': 'Wyoming', 'year': 2018}

[3/7] Fetching player stats...
    [cache] /stats/player/season {'year': 2018, 'seasonType': 'regular'}
  10845 player stat entries

[3b] Fetching player usage...
    [cache] /player/usage {'year': 2018, 'seasonType': 'regular'}
  3473 usage entries

[3c] Fetching player awards...
    GET /awards {'year': 2018}
    WARNING: /awards {'year': 2018} failed: Expecting value: line 2 column 1 (char 1)
  0 award entries
  0 OL draft picks mapped for 2019 NFL Draft

[4/7] Fetching PPA data...
    [cache] /ppa/players/season {'year': 2018}
  3471 PPA entries

[5/7] Fetching team stats + SP+ + talent...
    [cache] /stats/season {'year': 2018}
    [cache] /ratings/sp {'year': 2018}
    [cache] /talent {'year': 2018}

[6/7] Fetching recruiting data...
    Class 2014...
    [cache] /recruiting/players {'year': 2014}
    Class 2015...
    [cache] /recruiting/players {'year': 2015}
    Class 2016...
    [cache] /recruiting/players {'year': 2016}
    Class 2017...
    [cache] /recruiting/players {'year': 2017}
    Class 2018...
    [cache] /recruiting/players {'year': 2018}

[6b] Fetching game results and player game stats (Phase 2)...
    [cache] /games {'year': 2018, 'seasonType': 'regular'}
  1511 games fetched
  Fetching game stats 1/130: Air Force
    [cache] /games/players {'year': 2018, 'seasonType': 'regular', 'team': 'Air Force'}
  Fetching game stats 2/130: Akron
    [cache] /games/players {'year': 2018, 'seasonType': 'regular', 'team': 'Akron'}
  Fetching game stats 3/130: Alabama
    [cache] /games/players {'year': 2018, 'seasonType': 'regular', 'team': 'Alabama'}
  Fetching game stats 4/130: App State
    [cache] /games/players {'year': 2018, 'seasonType': 'regular', 'team': 'App State'}
  Fetching game stats 5/130: Arizona
    [cache] /games/players {'year': 2018, 'seasonType': 'regular', 'team': 'Arizona'}
  Fetching game stats 6/130: Arizona State
    [cache] /games/players {'year': 2018, 'seasonType': 'regular', 'team': 'Arizona State'}
  Fetching game stats 7/130: Arkansas
    [cache] /games/players {'year': 2018, 'seasonType': 'regular', 'team': 'Arkansas'}
  Fetching game stats 8/130: Arkansas State
    [cache] /games/players {'year': 2018, 'seasonType': 'regular', 'team': 'Arkansas State'}
  Fetching game stats 9/130: Army
    [cache] /games/players {'year': 2018, 'seasonType': 'regular', 'team': 'Army'}
  Fetching game stats 10/130: Auburn
    [cache] /games/players {'year': 2018, 'seasonType': 'regular', 'team': 'Auburn'}
  Fetching game stats 11/130: Ball State
    [cache] /games/players {'year': 2018, 'seasonType': 'regular', 'team': 'Ball State'}
  Fetching game stats 12/130: Baylor
    [cache] /games/players {'year': 2018, 'seasonType': 'regular', 'team': 'Baylor'}
  Fetching game stats 13/130: Boise State
    [cache] /games/players {'year': 2018, 'seasonType': 'regular', 'team': 'Boise State'}
  Fetching game stats 14/130: Boston College
    [cache] /games/players {'year': 2018, 'seasonType': 'regular', 'team': 'Boston College'}
  Fetching game stats 15/130: Bowling Green
    [cache] /games/players {'year': 2018, 'seasonType': 'regular', 'team': 'Bowling Green'}
  Fetching game stats 16/130: Buffalo
    [cache] /games/players {'year': 2018, 'seasonType': 'regular', 'team': 'Buffalo'}
  Fetching game stats 17/130: BYU
    [cache] /games/players {'year': 2018, 'seasonType': 'regular', 'team': 'BYU'}
  Fetching game stats 18/130: California
    [cache] /games/players {'year': 2018, 'seasonType': 'regular', 'team': 'California'}
  Fetching game stats 19/130: Central Michigan
    [cache] /games/players {'year': 2018, 'seasonType': 'regular', 'team': 'Central Michigan'}
  Fetching game stats 20/130: Charlotte
    [cache] /games/players {'year': 2018, 'seasonType': 'regular', 'team': 'Charlotte'}
  Fetching game stats 21/130: Cincinnati
    [cache] /games/players {'year': 2018, 'seasonType': 'regular', 'team': 'Cincinnati'}
  Fetching game stats 22/130: Clemson
    [cache] /games/players {'year': 2018, 'seasonType': 'regular', 'team': 'Clemson'}
  Fetching game stats 23/130: Coastal Carolina
    [cache] /games/players {'year': 2018, 'seasonType': 'regular', 'team': 'Coastal Carolina'}
  Fetching game stats 24/130: Colorado
    [cache] /games/players {'year': 2018, 'seasonType': 'regular', 'team': 'Colorado'}
  Fetching game stats 25/130: Colorado State
    [cache] /games/players {'year': 2018, 'seasonType': 'regular', 'team': 'Colorado State'}
  Fetching game stats 26/130: Duke
    [cache] /games/players {'year': 2018, 'seasonType': 'regular', 'team': 'Duke'}
  Fetching game stats 27/130: East Carolina
    [cache] /games/players {'year': 2018, 'seasonType': 'regular', 'team': 'East Carolina'}
  Fetching game stats 28/130: Eastern Michigan
    [cache] /games/players {'year': 2018, 'seasonType': 'regular', 'team': 'Eastern Michigan'}
  Fetching game stats 29/130: Florida
    [cache] /games/players {'year': 2018, 'seasonType': 'regular', 'team': 'Florida'}
  Fetching game stats 30/130: Florida Atlantic
    [cache] /games/players {'year': 2018, 'seasonType': 'regular', 'team': 'Florida Atlantic'}
  Fetching game stats 31/130: Florida International
    [cache] /games/players {'year': 2018, 'seasonType': 'regular', 'team': 'Florida International'}
  Fetching game stats 32/130: Florida State
    [cache] /games/players {'year': 2018, 'seasonType': 'regular', 'team': 'Florida State'}
  Fetching game stats 33/130: Fresno State
    [cache] /games/players {'year': 2018, 'seasonType': 'regular', 'team': 'Fresno State'}
  Fetching game stats 34/130: Georgia
    [cache] /games/players {'year': 2018, 'seasonType': 'regular', 'team': 'Georgia'}
  Fetching game stats 35/130: Georgia Southern
    [cache] /games/players {'year': 2018, 'seasonType': 'regular', 'team': 'Georgia Southern'}
  Fetching game stats 36/130: Georgia State
    [cache] /games/players {'year': 2018, 'seasonType': 'regular', 'team': 'Georgia State'}
  Fetching game stats 37/130: Georgia Tech
    [cache] /games/players {'year': 2018, 'seasonType': 'regular', 'team': 'Georgia Tech'}
  Fetching game stats 38/130: Hawai'i
    [cache] /games/players {'year': 2018, 'seasonType': 'regular', 'team': "Hawai'i"}
  Fetching game stats 39/130: Houston
    [cache] /games/players {'year': 2018, 'seasonType': 'regular', 'team': 'Houston'}
  Fetching game stats 40/130: Illinois
    [cache] /games/players {'year': 2018, 'seasonType': 'regular', 'team': 'Illinois'}
  Fetching game stats 41/130: Indiana
    [cache] /games/players {'year': 2018, 'seasonType': 'regular', 'team': 'Indiana'}
  Fetching game stats 42/130: Iowa
    [cache] /games/players {'year': 2018, 'seasonType': 'regular', 'team': 'Iowa'}
  Fetching game stats 43/130: Iowa State
    [cache] /games/players {'year': 2018, 'seasonType': 'regular', 'team': 'Iowa State'}
  Fetching game stats 44/130: Kansas
    [cache] /games/players {'year': 2018, 'seasonType': 'regular', 'team': 'Kansas'}
  Fetching game stats 45/130: Kansas State
    [cache] /games/players {'year': 2018, 'seasonType': 'regular', 'team': 'Kansas State'}
  Fetching game stats 46/130: Kent State
    [cache] /games/players {'year': 2018, 'seasonType': 'regular', 'team': 'Kent State'}
  Fetching game stats 47/130: Kentucky
    [cache] /games/players {'year': 2018, 'seasonType': 'regular', 'team': 'Kentucky'}
  Fetching game stats 48/130: Liberty
    [cache] /games/players {'year': 2018, 'seasonType': 'regular', 'team': 'Liberty'}
  Fetching game stats 49/130: Louisiana
    [cache] /games/players {'year': 2018, 'seasonType': 'regular', 'team': 'Louisiana'}
  Fetching game stats 50/130: Louisiana Tech
    [cache] /games/players {'year': 2018, 'seasonType': 'regular', 'team': 'Louisiana Tech'}
  Fetching game stats 51/130: Louisville
    [cache] /games/players {'year': 2018, 'seasonType': 'regular', 'team': 'Louisville'}
  Fetching game stats 52/130: LSU
    [cache] /games/players {'year': 2018, 'seasonType': 'regular', 'team': 'LSU'}
  Fetching game stats 53/130: Marshall
    [cache] /games/players {'year': 2018, 'seasonType': 'regular', 'team': 'Marshall'}
  Fetching game stats 54/130: Maryland
    [cache] /games/players {'year': 2018, 'seasonType': 'regular', 'team': 'Maryland'}
  Fetching game stats 55/130: Massachusetts
    [cache] /games/players {'year': 2018, 'seasonType': 'regular', 'team': 'Massachusetts'}
  Fetching game stats 56/130: Memphis
    [cache] /games/players {'year': 2018, 'seasonType': 'regular', 'team': 'Memphis'}
  Fetching game stats 57/130: Miami
    [cache] /games/players {'year': 2018, 'seasonType': 'regular', 'team': 'Miami'}
  Fetching game stats 58/130: Miami (OH)
    [cache] /games/players {'year': 2018, 'seasonType': 'regular', 'team': 'Miami (OH)'}
  Fetching game stats 59/130: Michigan
    [cache] /games/players {'year': 2018, 'seasonType': 'regular', 'team': 'Michigan'}
  Fetching game stats 60/130: Michigan State
    [cache] /games/players {'year': 2018, 'seasonType': 'regular', 'team': 'Michigan State'}
  Fetching game stats 61/130: Middle Tennessee
    [cache] /games/players {'year': 2018, 'seasonType': 'regular', 'team': 'Middle Tennessee'}
  Fetching game stats 62/130: Minnesota
    [cache] /games/players {'year': 2018, 'seasonType': 'regular', 'team': 'Minnesota'}
  Fetching game stats 63/130: Mississippi State
    [cache] /games/players {'year': 2018, 'seasonType': 'regular', 'team': 'Mississippi State'}
  Fetching game stats 64/130: Missouri
    [cache] /games/players {'year': 2018, 'seasonType': 'regular', 'team': 'Missouri'}
  Fetching game stats 65/130: Navy
    [cache] /games/players {'year': 2018, 'seasonType': 'regular', 'team': 'Navy'}
  Fetching game stats 66/130: NC State
    [cache] /games/players {'year': 2018, 'seasonType': 'regular', 'team': 'NC State'}
  Fetching game stats 67/130: Nebraska
    [cache] /games/players {'year': 2018, 'seasonType': 'regular', 'team': 'Nebraska'}
  Fetching game stats 68/130: Nevada
    [cache] /games/players {'year': 2018, 'seasonType': 'regular', 'team': 'Nevada'}
  Fetching game stats 69/130: New Mexico
    [cache] /games/players {'year': 2018, 'seasonType': 'regular', 'team': 'New Mexico'}
  Fetching game stats 70/130: New Mexico State
    [cache] /games/players {'year': 2018, 'seasonType': 'regular', 'team': 'New Mexico State'}
  Fetching game stats 71/130: North Carolina
    [cache] /games/players {'year': 2018, 'seasonType': 'regular', 'team': 'North Carolina'}
  Fetching game stats 72/130: Northern Illinois
    [cache] /games/players {'year': 2018, 'seasonType': 'regular', 'team': 'Northern Illinois'}
  Fetching game stats 73/130: North Texas
    [cache] /games/players {'year': 2018, 'seasonType': 'regular', 'team': 'North Texas'}
  Fetching game stats 74/130: Northwestern
    [cache] /games/players {'year': 2018, 'seasonType': 'regular', 'team': 'Northwestern'}
  Fetching game stats 75/130: Notre Dame
    [cache] /games/players {'year': 2018, 'seasonType': 'regular', 'team': 'Notre Dame'}
  Fetching game stats 76/130: Ohio
    [cache] /games/players {'year': 2018, 'seasonType': 'regular', 'team': 'Ohio'}
  Fetching game stats 77/130: Ohio State
    [cache] /games/players {'year': 2018, 'seasonType': 'regular', 'team': 'Ohio State'}
  Fetching game stats 78/130: Oklahoma
    [cache] /games/players {'year': 2018, 'seasonType': 'regular', 'team': 'Oklahoma'}
  Fetching game stats 79/130: Oklahoma State
    [cache] /games/players {'year': 2018, 'seasonType': 'regular', 'team': 'Oklahoma State'}
  Fetching game stats 80/130: Old Dominion
    [cache] /games/players {'year': 2018, 'seasonType': 'regular', 'team': 'Old Dominion'}
  Fetching game stats 81/130: Ole Miss
    [cache] /games/players {'year': 2018, 'seasonType': 'regular', 'team': 'Ole Miss'}
  Fetching game stats 82/130: Oregon
    [cache] /games/players {'year': 2018, 'seasonType': 'regular', 'team': 'Oregon'}
  Fetching game stats 83/130: Oregon State
    [cache] /games/players {'year': 2018, 'seasonType': 'regular', 'team': 'Oregon State'}
  Fetching game stats 84/130: Penn State
    [cache] /games/players {'year': 2018, 'seasonType': 'regular', 'team': 'Penn State'}
  Fetching game stats 85/130: Pittsburgh
    [cache] /games/players {'year': 2018, 'seasonType': 'regular', 'team': 'Pittsburgh'}
  Fetching game stats 86/130: Purdue
    [cache] /games/players {'year': 2018, 'seasonType': 'regular', 'team': 'Purdue'}
  Fetching game stats 87/130: Rice
    [cache] /games/players {'year': 2018, 'seasonType': 'regular', 'team': 'Rice'}
  Fetching game stats 88/130: Rutgers
    [cache] /games/players {'year': 2018, 'seasonType': 'regular', 'team': 'Rutgers'}
  Fetching game stats 89/130: San Diego State
    [cache] /games/players {'year': 2018, 'seasonType': 'regular', 'team': 'San Diego State'}
  Fetching game stats 90/130: San José State
    [cache] /games/players {'year': 2018, 'seasonType': 'regular', 'team': 'San José State'}
  Fetching game stats 91/130: SMU
    [cache] /games/players {'year': 2018, 'seasonType': 'regular', 'team': 'SMU'}
  Fetching game stats 92/130: South Alabama
    [cache] /games/players {'year': 2018, 'seasonType': 'regular', 'team': 'South Alabama'}
  Fetching game stats 93/130: South Carolina
    [cache] /games/players {'year': 2018, 'seasonType': 'regular', 'team': 'South Carolina'}
  Fetching game stats 94/130: Southern Miss
    [cache] /games/players {'year': 2018, 'seasonType': 'regular', 'team': 'Southern Miss'}
  Fetching game stats 95/130: South Florida
    [cache] /games/players {'year': 2018, 'seasonType': 'regular', 'team': 'South Florida'}
  Fetching game stats 96/130: Stanford
    [cache] /games/players {'year': 2018, 'seasonType': 'regular', 'team': 'Stanford'}
  Fetching game stats 97/130: Syracuse
    [cache] /games/players {'year': 2018, 'seasonType': 'regular', 'team': 'Syracuse'}
  Fetching game stats 98/130: TCU
    [cache] /games/players {'year': 2018, 'seasonType': 'regular', 'team': 'TCU'}
  Fetching game stats 99/130: Temple
    [cache] /games/players {'year': 2018, 'seasonType': 'regular', 'team': 'Temple'}
  Fetching game stats 100/130: Tennessee
    [cache] /games/players {'year': 2018, 'seasonType': 'regular', 'team': 'Tennessee'}
  Fetching game stats 101/130: Texas
    [cache] /games/players {'year': 2018, 'seasonType': 'regular', 'team': 'Texas'}
  Fetching game stats 102/130: Texas A&M
    [cache] /games/players {'year': 2018, 'seasonType': 'regular', 'team': 'Texas A&M'}
  Fetching game stats 103/130: Texas State
    [cache] /games/players {'year': 2018, 'seasonType': 'regular', 'team': 'Texas State'}
  Fetching game stats 104/130: Texas Tech
    [cache] /games/players {'year': 2018, 'seasonType': 'regular', 'team': 'Texas Tech'}
  Fetching game stats 105/130: Toledo
    [cache] /games/players {'year': 2018, 'seasonType': 'regular', 'team': 'Toledo'}
  Fetching game stats 106/130: Troy
    [cache] /games/players {'year': 2018, 'seasonType': 'regular', 'team': 'Troy'}
  Fetching game stats 107/130: Tulane
    [cache] /games/players {'year': 2018, 'seasonType': 'regular', 'team': 'Tulane'}
  Fetching game stats 108/130: Tulsa
    [cache] /games/players {'year': 2018, 'seasonType': 'regular', 'team': 'Tulsa'}
  Fetching game stats 109/130: UAB
    [cache] /games/players {'year': 2018, 'seasonType': 'regular', 'team': 'UAB'}
  Fetching game stats 110/130: UCF
    [cache] /games/players {'year': 2018, 'seasonType': 'regular', 'team': 'UCF'}
  Fetching game stats 111/130: UCLA
    [cache] /games/players {'year': 2018, 'seasonType': 'regular', 'team': 'UCLA'}
  Fetching game stats 112/130: UConn
    [cache] /games/players {'year': 2018, 'seasonType': 'regular', 'team': 'UConn'}
  Fetching game stats 113/130: UL Monroe
    [cache] /games/players {'year': 2018, 'seasonType': 'regular', 'team': 'UL Monroe'}
  Fetching game stats 114/130: UNLV
    [cache] /games/players {'year': 2018, 'seasonType': 'regular', 'team': 'UNLV'}
  Fetching game stats 115/130: USC
    [cache] /games/players {'year': 2018, 'seasonType': 'regular', 'team': 'USC'}
  Fetching game stats 116/130: Utah
    [cache] /games/players {'year': 2018, 'seasonType': 'regular', 'team': 'Utah'}
  Fetching game stats 117/130: Utah State
    [cache] /games/players {'year': 2018, 'seasonType': 'regular', 'team': 'Utah State'}
  Fetching game stats 118/130: UTEP
    [cache] /games/players {'year': 2018, 'seasonType': 'regular', 'team': 'UTEP'}
  Fetching game stats 119/130: UTSA
    [cache] /games/players {'year': 2018, 'seasonType': 'regular', 'team': 'UTSA'}
  Fetching game stats 120/130: Vanderbilt
    [cache] /games/players {'year': 2018, 'seasonType': 'regular', 'team': 'Vanderbilt'}
  Fetching game stats 121/130: Virginia
    [cache] /games/players {'year': 2018, 'seasonType': 'regular', 'team': 'Virginia'}
  Fetching game stats 122/130: Virginia Tech
    [cache] /games/players {'year': 2018, 'seasonType': 'regular', 'team': 'Virginia Tech'}
  Fetching game stats 123/130: Wake Forest
    [cache] /games/players {'year': 2018, 'seasonType': 'regular', 'team': 'Wake Forest'}
  Fetching game stats 124/130: Washington
    [cache] /games/players {'year': 2018, 'seasonType': 'regular', 'team': 'Washington'}
  Fetching game stats 125/130: Washington State
    [cache] /games/players {'year': 2018, 'seasonType': 'regular', 'team': 'Washington State'}
  Fetching game stats 126/130: Western Kentucky
    [cache] /games/players {'year': 2018, 'seasonType': 'regular', 'team': 'Western Kentucky'}
  Fetching game stats 127/130: Western Michigan
    [cache] /games/players {'year': 2018, 'seasonType': 'regular', 'team': 'Western Michigan'}
  Fetching game stats 128/130: West Virginia
    [cache] /games/players {'year': 2018, 'seasonType': 'regular', 'team': 'West Virginia'}
  Fetching game stats 129/130: Wisconsin
    [cache] /games/players {'year': 2018, 'seasonType': 'regular', 'team': 'Wisconsin'}
  Fetching game stats 130/130: Wyoming
    [cache] /games/players {'year': 2018, 'seasonType': 'regular', 'team': 'Wyoming'}
  845 unique games with player stats fetched

[6c] Fetching drives and plays by week (weeks 1-16)...
    drives week 1/16
    [cache] /drives {'year': 2018, 'week': 1, 'seasonType': 'regular'}
    drives week 2/16
    [cache] /drives {'year': 2018, 'week': 2, 'seasonType': 'regular'}
    drives week 3/16
    [cache] /drives {'year': 2018, 'week': 3, 'seasonType': 'regular'}
    drives week 4/16
    [cache] /drives {'year': 2018, 'week': 4, 'seasonType': 'regular'}
    drives week 5/16
    [cache] /drives {'year': 2018, 'week': 5, 'seasonType': 'regular'}
    drives week 6/16
    [cache] /drives {'year': 2018, 'week': 6, 'seasonType': 'regular'}
    drives week 7/16
    [cache] /drives {'year': 2018, 'week': 7, 'seasonType': 'regular'}
    drives week 8/16
    [cache] /drives {'year': 2018, 'week': 8, 'seasonType': 'regular'}
    drives week 9/16
    [cache] /drives {'year': 2018, 'week': 9, 'seasonType': 'regular'}
    drives week 10/16
    [cache] /drives {'year': 2018, 'week': 10, 'seasonType': 'regular'}
    drives week 11/16
    [cache] /drives {'year': 2018, 'week': 11, 'seasonType': 'regular'}
    drives week 12/16
    [cache] /drives {'year': 2018, 'week': 12, 'seasonType': 'regular'}
    drives week 13/16
    [cache] /drives {'year': 2018, 'week': 13, 'seasonType': 'regular'}
    drives week 14/16
    [cache] /drives {'year': 2018, 'week': 14, 'seasonType': 'regular'}
    drives week 15/16
    [cache] /drives {'year': 2018, 'week': 15, 'seasonType': 'regular'}
    drives week 16/16
    [cache] /drives {'year': 2018, 'week': 16, 'seasonType': 'regular'}
  21734 total drives fetched
    plays week 1/16
    [cache] /plays {'year': 2018, 'week': 1, 'seasonType': 'regular'}
    plays week 2/16
    [cache] /plays {'year': 2018, 'week': 2, 'seasonType': 'regular'}
    plays week 3/16
    [cache] /plays {'year': 2018, 'week': 3, 'seasonType': 'regular'}
    plays week 4/16
    [cache] /plays {'year': 2018, 'week': 4, 'seasonType': 'regular'}
    plays week 5/16
    [cache] /plays {'year': 2018, 'week': 5, 'seasonType': 'regular'}
    plays week 6/16
    [cache] /plays {'year': 2018, 'week': 6, 'seasonType': 'regular'}
    plays week 7/16
    [cache] /plays {'year': 2018, 'week': 7, 'seasonType': 'regular'}
    plays week 8/16
    [cache] /plays {'year': 2018, 'week': 8, 'seasonType': 'regular'}
    plays week 9/16
    [cache] /plays {'year': 2018, 'week': 9, 'seasonType': 'regular'}
    plays week 10/16
    [cache] /plays {'year': 2018, 'week': 10, 'seasonType': 'regular'}
    plays week 11/16
    [cache] /plays {'year': 2018, 'week': 11, 'seasonType': 'regular'}
    plays week 12/16
    [cache] /plays {'year': 2018, 'week': 12, 'seasonType': 'regular'}
    plays week 13/16
    [cache] /plays {'year': 2018, 'week': 13, 'seasonType': 'regular'}
    plays week 14/16
    [cache] /plays {'year': 2018, 'week': 14, 'seasonType': 'regular'}
    plays week 15/16
    [cache] /plays {'year': 2018, 'week': 15, 'seasonType': 'regular'}
    plays week 16/16
    [cache] /plays {'year': 2018, 'week': 16, 'seasonType': 'regular'}
  153544 total plays fetched
  1681 rushers with parsed carry data (633 QBs excluded)

[7/7] Processing ratings...
  Building opponent-weighted stats from gamelog...
  11397 players with opponent-weighted stats
Building player gamelogs (early pass for gamelog-derived skills)...
  Gamelog-derived skills computed for 11397 players
Normalizing ratings...
Applying backup/no-data tier ratings...
  4154 backup/no-data players rated via star-anchor pathway
  OL boosts applied to 1001 player(s) (draft/awards/continuity)
Computing team ratings...
Generating public names...

  Year 2018 rating distribution:
    40-49:  3416 (23%) ###########
    50-59:  2388 (16%) ########
    60-69:  4211 (29%) ##############
    70-79:  2784 (19%) #########
    80-89:  1459 (10%) #####
    90-99:   253 ( 1%) 
    Min=40 Max=99 Median=64
  130 teams, 14511 players.
Building schedule, drives, and plays...
  1511 games, 11397 players with gamelogs
  21734 drives, 153544 plays

Writing to C:\Projects\CFB-Video-Game\app\assets\data/
  2018/teams_private.json: 130 entries
  2018/teams_public.json: 130 entries
  2018/players_private.json: 14511 entries
  2018/players_public.json: 14511 entries
  2018/ratings.json: 14511 entries
  2018/team_schedule.json: 1511 entries
  2018/player_gamelog.json: 11397 keys, 55391 entries
  2018/team_drives.json: 219 keys, 21734 entries
  2018/team_plays_wk*.json.gz: 15 weeks, 153544 plays
  Loaded 14504 player IDs from 2018 for continuity check

============================================================
  PROCESSING YEAR 2019
============================================================

[1/7] Fetching FBS teams...
    [cache] /teams/fbs {'year': 2019}
  Found 130 teams

[2/7] Fetching rosters...
  Fetching roster 1/130: Air Force
    [cache] /roster {'team': 'Air Force', 'year': 2019}
  Fetching roster 2/130: Akron
    [cache] /roster {'team': 'Akron', 'year': 2019}
  Fetching roster 3/130: Alabama
    [cache] /roster {'team': 'Alabama', 'year': 2019}
  Fetching roster 4/130: App State
    [cache] /roster {'team': 'App State', 'year': 2019}
  Fetching roster 5/130: Arizona
    [cache] /roster {'team': 'Arizona', 'year': 2019}
  Fetching roster 6/130: Arizona State
    [cache] /roster {'team': 'Arizona State', 'year': 2019}
  Fetching roster 7/130: Arkansas
    [cache] /roster {'team': 'Arkansas', 'year': 2019}
  Fetching roster 8/130: Arkansas State
    [cache] /roster {'team': 'Arkansas State', 'year': 2019}
  Fetching roster 9/130: Army
    [cache] /roster {'team': 'Army', 'year': 2019}
  Fetching roster 10/130: Auburn
    [cache] /roster {'team': 'Auburn', 'year': 2019}
  Fetching roster 11/130: Ball State
    [cache] /roster {'team': 'Ball State', 'year': 2019}
  Fetching roster 12/130: Baylor
    [cache] /roster {'team': 'Baylor', 'year': 2019}
  Fetching roster 13/130: Boise State
    [cache] /roster {'team': 'Boise State', 'year': 2019}
  Fetching roster 14/130: Boston College
    [cache] /roster {'team': 'Boston College', 'year': 2019}
  Fetching roster 15/130: Bowling Green
    [cache] /roster {'team': 'Bowling Green', 'year': 2019}
  Fetching roster 16/130: Buffalo
    [cache] /roster {'team': 'Buffalo', 'year': 2019}
  Fetching roster 17/130: BYU
    [cache] /roster {'team': 'BYU', 'year': 2019}
  Fetching roster 18/130: California
    [cache] /roster {'team': 'California', 'year': 2019}
  Fetching roster 19/130: Central Michigan
    [cache] /roster {'team': 'Central Michigan', 'year': 2019}
  Fetching roster 20/130: Charlotte
    [cache] /roster {'team': 'Charlotte', 'year': 2019}
  Fetching roster 21/130: Cincinnati
    [cache] /roster {'team': 'Cincinnati', 'year': 2019}
  Fetching roster 22/130: Clemson
    [cache] /roster {'team': 'Clemson', 'year': 2019}
  Fetching roster 23/130: Coastal Carolina
    [cache] /roster {'team': 'Coastal Carolina', 'year': 2019}
  Fetching roster 24/130: Colorado
    [cache] /roster {'team': 'Colorado', 'year': 2019}
  Fetching roster 25/130: Colorado State
    [cache] /roster {'team': 'Colorado State', 'year': 2019}
  Fetching roster 26/130: Duke
    [cache] /roster {'team': 'Duke', 'year': 2019}
  Fetching roster 27/130: East Carolina
    [cache] /roster {'team': 'East Carolina', 'year': 2019}
  Fetching roster 28/130: Eastern Michigan
    [cache] /roster {'team': 'Eastern Michigan', 'year': 2019}
  Fetching roster 29/130: Florida
    [cache] /roster {'team': 'Florida', 'year': 2019}
  Fetching roster 30/130: Florida Atlantic
    [cache] /roster {'team': 'Florida Atlantic', 'year': 2019}
  Fetching roster 31/130: Florida International
    [cache] /roster {'team': 'Florida International', 'year': 2019}
  Fetching roster 32/130: Florida State
    [cache] /roster {'team': 'Florida State', 'year': 2019}
  Fetching roster 33/130: Fresno State
    [cache] /roster {'team': 'Fresno State', 'year': 2019}
  Fetching roster 34/130: Georgia
    [cache] /roster {'team': 'Georgia', 'year': 2019}
  Fetching roster 35/130: Georgia Southern
    [cache] /roster {'team': 'Georgia Southern', 'year': 2019}
  Fetching roster 36/130: Georgia State
    [cache] /roster {'team': 'Georgia State', 'year': 2019}
  Fetching roster 37/130: Georgia Tech
    [cache] /roster {'team': 'Georgia Tech', 'year': 2019}
  Fetching roster 38/130: Hawai'i
    [cache] /roster {'team': "Hawai'i", 'year': 2019}
  Fetching roster 39/130: Houston
    [cache] /roster {'team': 'Houston', 'year': 2019}
  Fetching roster 40/130: Illinois
    [cache] /roster {'team': 'Illinois', 'year': 2019}
  Fetching roster 41/130: Indiana
    [cache] /roster {'team': 'Indiana', 'year': 2019}
  Fetching roster 42/130: Iowa
    [cache] /roster {'team': 'Iowa', 'year': 2019}
  Fetching roster 43/130: Iowa State
    [cache] /roster {'team': 'Iowa State', 'year': 2019}
  Fetching roster 44/130: Kansas
    [cache] /roster {'team': 'Kansas', 'year': 2019}
  Fetching roster 45/130: Kansas State
    [cache] /roster {'team': 'Kansas State', 'year': 2019}
  Fetching roster 46/130: Kent State
    [cache] /roster {'team': 'Kent State', 'year': 2019}
  Fetching roster 47/130: Kentucky
    [cache] /roster {'team': 'Kentucky', 'year': 2019}
  Fetching roster 48/130: Liberty
    [cache] /roster {'team': 'Liberty', 'year': 2019}
  Fetching roster 49/130: Louisiana
    [cache] /roster {'team': 'Louisiana', 'year': 2019}
  Fetching roster 50/130: Louisiana Tech
    [cache] /roster {'team': 'Louisiana Tech', 'year': 2019}
  Fetching roster 51/130: Louisville
    [cache] /roster {'team': 'Louisville', 'year': 2019}
  Fetching roster 52/130: LSU
    [cache] /roster {'team': 'LSU', 'year': 2019}
  Fetching roster 53/130: Marshall
    [cache] /roster {'team': 'Marshall', 'year': 2019}
  Fetching roster 54/130: Maryland
    [cache] /roster {'team': 'Maryland', 'year': 2019}
  Fetching roster 55/130: Massachusetts
    [cache] /roster {'team': 'Massachusetts', 'year': 2019}
  Fetching roster 56/130: Memphis
    [cache] /roster {'team': 'Memphis', 'year': 2019}
  Fetching roster 57/130: Miami
    [cache] /roster {'team': 'Miami', 'year': 2019}
  Fetching roster 58/130: Miami (OH)
    [cache] /roster {'team': 'Miami (OH)', 'year': 2019}
  Fetching roster 59/130: Michigan
    [cache] /roster {'team': 'Michigan', 'year': 2019}
  Fetching roster 60/130: Michigan State
    [cache] /roster {'team': 'Michigan State', 'year': 2019}
  Fetching roster 61/130: Middle Tennessee
    [cache] /roster {'team': 'Middle Tennessee', 'year': 2019}
  Fetching roster 62/130: Minnesota
    [cache] /roster {'team': 'Minnesota', 'year': 2019}
  Fetching roster 63/130: Mississippi State
    [cache] /roster {'team': 'Mississippi State', 'year': 2019}
  Fetching roster 64/130: Missouri
    [cache] /roster {'team': 'Missouri', 'year': 2019}
  Fetching roster 65/130: Navy
    [cache] /roster {'team': 'Navy', 'year': 2019}
  Fetching roster 66/130: NC State
    [cache] /roster {'team': 'NC State', 'year': 2019}
  Fetching roster 67/130: Nebraska
    [cache] /roster {'team': 'Nebraska', 'year': 2019}
  Fetching roster 68/130: Nevada
    [cache] /roster {'team': 'Nevada', 'year': 2019}
  Fetching roster 69/130: New Mexico
    [cache] /roster {'team': 'New Mexico', 'year': 2019}
  Fetching roster 70/130: New Mexico State
    [cache] /roster {'team': 'New Mexico State', 'year': 2019}
  Fetching roster 71/130: North Carolina
    [cache] /roster {'team': 'North Carolina', 'year': 2019}
  Fetching roster 72/130: Northern Illinois
    [cache] /roster {'team': 'Northern Illinois', 'year': 2019}
  Fetching roster 73/130: North Texas
    [cache] /roster {'team': 'North Texas', 'year': 2019}
  Fetching roster 74/130: Northwestern
    [cache] /roster {'team': 'Northwestern', 'year': 2019}
  Fetching roster 75/130: Notre Dame
    [cache] /roster {'team': 'Notre Dame', 'year': 2019}
  Fetching roster 76/130: Ohio
    [cache] /roster {'team': 'Ohio', 'year': 2019}
  Fetching roster 77/130: Ohio State
    [cache] /roster {'team': 'Ohio State', 'year': 2019}
  Fetching roster 78/130: Oklahoma
    [cache] /roster {'team': 'Oklahoma', 'year': 2019}
  Fetching roster 79/130: Oklahoma State
    [cache] /roster {'team': 'Oklahoma State', 'year': 2019}
  Fetching roster 80/130: Old Dominion
    [cache] /roster {'team': 'Old Dominion', 'year': 2019}
  Fetching roster 81/130: Ole Miss
    [cache] /roster {'team': 'Ole Miss', 'year': 2019}
  Fetching roster 82/130: Oregon
    [cache] /roster {'team': 'Oregon', 'year': 2019}
  Fetching roster 83/130: Oregon State
    [cache] /roster {'team': 'Oregon State', 'year': 2019}
  Fetching roster 84/130: Penn State
    [cache] /roster {'team': 'Penn State', 'year': 2019}
  Fetching roster 85/130: Pittsburgh
    [cache] /roster {'team': 'Pittsburgh', 'year': 2019}
  Fetching roster 86/130: Purdue
    [cache] /roster {'team': 'Purdue', 'year': 2019}
  Fetching roster 87/130: Rice
    [cache] /roster {'team': 'Rice', 'year': 2019}
  Fetching roster 88/130: Rutgers
    [cache] /roster {'team': 'Rutgers', 'year': 2019}
  Fetching roster 89/130: San Diego State
    [cache] /roster {'team': 'San Diego State', 'year': 2019}
  Fetching roster 90/130: San José State
    [cache] /roster {'team': 'San José State', 'year': 2019}
  Fetching roster 91/130: SMU
    [cache] /roster {'team': 'SMU', 'year': 2019}
  Fetching roster 92/130: South Alabama
    [cache] /roster {'team': 'South Alabama', 'year': 2019}
  Fetching roster 93/130: South Carolina
    [cache] /roster {'team': 'South Carolina', 'year': 2019}
  Fetching roster 94/130: Southern Miss
    [cache] /roster {'team': 'Southern Miss', 'year': 2019}
  Fetching roster 95/130: South Florida
    [cache] /roster {'team': 'South Florida', 'year': 2019}
  Fetching roster 96/130: Stanford
    [cache] /roster {'team': 'Stanford', 'year': 2019}
  Fetching roster 97/130: Syracuse
    [cache] /roster {'team': 'Syracuse', 'year': 2019}
  Fetching roster 98/130: TCU
    [cache] /roster {'team': 'TCU', 'year': 2019}
  Fetching roster 99/130: Temple
    [cache] /roster {'team': 'Temple', 'year': 2019}
  Fetching roster 100/130: Tennessee
    [cache] /roster {'team': 'Tennessee', 'year': 2019}
  Fetching roster 101/130: Texas
    [cache] /roster {'team': 'Texas', 'year': 2019}
  Fetching roster 102/130: Texas A&M
    [cache] /roster {'team': 'Texas A&M', 'year': 2019}
  Fetching roster 103/130: Texas State
    [cache] /roster {'team': 'Texas State', 'year': 2019}
  Fetching roster 104/130: Texas Tech
    [cache] /roster {'team': 'Texas Tech', 'year': 2019}
  Fetching roster 105/130: Toledo
    [cache] /roster {'team': 'Toledo', 'year': 2019}
  Fetching roster 106/130: Troy
    [cache] /roster {'team': 'Troy', 'year': 2019}
  Fetching roster 107/130: Tulane
    [cache] /roster {'team': 'Tulane', 'year': 2019}
  Fetching roster 108/130: Tulsa
    [cache] /roster {'team': 'Tulsa', 'year': 2019}
  Fetching roster 109/130: UAB
    [cache] /roster {'team': 'UAB', 'year': 2019}
  Fetching roster 110/130: UCF
    [cache] /roster {'team': 'UCF', 'year': 2019}
  Fetching roster 111/130: UCLA
    [cache] /roster {'team': 'UCLA', 'year': 2019}
  Fetching roster 112/130: UConn
    [cache] /roster {'team': 'UConn', 'year': 2019}
  Fetching roster 113/130: UL Monroe
    [cache] /roster {'team': 'UL Monroe', 'year': 2019}
  Fetching roster 114/130: UNLV
    [cache] /roster {'team': 'UNLV', 'year': 2019}
  Fetching roster 115/130: USC
    [cache] /roster {'team': 'USC', 'year': 2019}
  Fetching roster 116/130: Utah
    [cache] /roster {'team': 'Utah', 'year': 2019}
  Fetching roster 117/130: Utah State
    [cache] /roster {'team': 'Utah State', 'year': 2019}
  Fetching roster 118/130: UTEP
    [cache] /roster {'team': 'UTEP', 'year': 2019}
  Fetching roster 119/130: UTSA
    [cache] /roster {'team': 'UTSA', 'year': 2019}
  Fetching roster 120/130: Vanderbilt
    [cache] /roster {'team': 'Vanderbilt', 'year': 2019}
  Fetching roster 121/130: Virginia
    [cache] /roster {'team': 'Virginia', 'year': 2019}
  Fetching roster 122/130: Virginia Tech
    [cache] /roster {'team': 'Virginia Tech', 'year': 2019}
  Fetching roster 123/130: Wake Forest
    [cache] /roster {'team': 'Wake Forest', 'year': 2019}
  Fetching roster 124/130: Washington
    [cache] /roster {'team': 'Washington', 'year': 2019}
  Fetching roster 125/130: Washington State
    [cache] /roster {'team': 'Washington State', 'year': 2019}
  Fetching roster 126/130: Western Kentucky
    [cache] /roster {'team': 'Western Kentucky', 'year': 2019}
  Fetching roster 127/130: Western Michigan
    [cache] /roster {'team': 'Western Michigan', 'year': 2019}
  Fetching roster 128/130: West Virginia
    [cache] /roster {'team': 'West Virginia', 'year': 2019}
  Fetching roster 129/130: Wisconsin
    [cache] /roster {'team': 'Wisconsin', 'year': 2019}
  Fetching roster 130/130: Wyoming
    [cache] /roster {'team': 'Wyoming', 'year': 2019}

[3/7] Fetching player stats...
    [cache] /stats/player/season {'year': 2019, 'seasonType': 'regular'}
  10668 player stat entries

[3b] Fetching player usage...
    [cache] /player/usage {'year': 2019, 'seasonType': 'regular'}
  3489 usage entries

[3c] Fetching player awards...
    GET /awards {'year': 2019}
    WARNING: /awards {'year': 2019} failed: Expecting value: line 2 column 1 (char 1)
  0 award entries
  0 OL draft picks mapped for 2020 NFL Draft

[4/7] Fetching PPA data...
    [cache] /ppa/players/season {'year': 2019}
  3489 PPA entries

[5/7] Fetching team stats + SP+ + talent...
    [cache] /stats/season {'year': 2019}
    [cache] /ratings/sp {'year': 2019}
    [cache] /talent {'year': 2019}

[6/7] Fetching recruiting data...
    Class 2015...
    [cache] /recruiting/players {'year': 2015}
    Class 2016...
    [cache] /recruiting/players {'year': 2016}
    Class 2017...
    [cache] /recruiting/players {'year': 2017}
    Class 2018...
    [cache] /recruiting/players {'year': 2018}
    Class 2019...
    [cache] /recruiting/players {'year': 2019}

[6b] Fetching game results and player game stats (Phase 2)...
    [cache] /games {'year': 2019, 'seasonType': 'regular'}
  1577 games fetched
  Fetching game stats 1/130: Air Force
    [cache] /games/players {'year': 2019, 'seasonType': 'regular', 'team': 'Air Force'}
  Fetching game stats 2/130: Akron
    [cache] /games/players {'year': 2019, 'seasonType': 'regular', 'team': 'Akron'}
  Fetching game stats 3/130: Alabama
    [cache] /games/players {'year': 2019, 'seasonType': 'regular', 'team': 'Alabama'}
  Fetching game stats 4/130: App State
    [cache] /games/players {'year': 2019, 'seasonType': 'regular', 'team': 'App State'}
  Fetching game stats 5/130: Arizona
    [cache] /games/players {'year': 2019, 'seasonType': 'regular', 'team': 'Arizona'}
  Fetching game stats 6/130: Arizona State
    [cache] /games/players {'year': 2019, 'seasonType': 'regular', 'team': 'Arizona State'}
  Fetching game stats 7/130: Arkansas
    [cache] /games/players {'year': 2019, 'seasonType': 'regular', 'team': 'Arkansas'}
  Fetching game stats 8/130: Arkansas State
    [cache] /games/players {'year': 2019, 'seasonType': 'regular', 'team': 'Arkansas State'}
  Fetching game stats 9/130: Army
    [cache] /games/players {'year': 2019, 'seasonType': 'regular', 'team': 'Army'}
  Fetching game stats 10/130: Auburn
    [cache] /games/players {'year': 2019, 'seasonType': 'regular', 'team': 'Auburn'}
  Fetching game stats 11/130: Ball State
    [cache] /games/players {'year': 2019, 'seasonType': 'regular', 'team': 'Ball State'}
  Fetching game stats 12/130: Baylor
    [cache] /games/players {'year': 2019, 'seasonType': 'regular', 'team': 'Baylor'}
  Fetching game stats 13/130: Boise State
    [cache] /games/players {'year': 2019, 'seasonType': 'regular', 'team': 'Boise State'}
  Fetching game stats 14/130: Boston College
    [cache] /games/players {'year': 2019, 'seasonType': 'regular', 'team': 'Boston College'}
  Fetching game stats 15/130: Bowling Green
    [cache] /games/players {'year': 2019, 'seasonType': 'regular', 'team': 'Bowling Green'}
  Fetching game stats 16/130: Buffalo
    [cache] /games/players {'year': 2019, 'seasonType': 'regular', 'team': 'Buffalo'}
  Fetching game stats 17/130: BYU
    [cache] /games/players {'year': 2019, 'seasonType': 'regular', 'team': 'BYU'}
  Fetching game stats 18/130: California
    [cache] /games/players {'year': 2019, 'seasonType': 'regular', 'team': 'California'}
  Fetching game stats 19/130: Central Michigan
    [cache] /games/players {'year': 2019, 'seasonType': 'regular', 'team': 'Central Michigan'}
  Fetching game stats 20/130: Charlotte
    [cache] /games/players {'year': 2019, 'seasonType': 'regular', 'team': 'Charlotte'}
  Fetching game stats 21/130: Cincinnati
    [cache] /games/players {'year': 2019, 'seasonType': 'regular', 'team': 'Cincinnati'}
  Fetching game stats 22/130: Clemson
    [cache] /games/players {'year': 2019, 'seasonType': 'regular', 'team': 'Clemson'}
  Fetching game stats 23/130: Coastal Carolina
    [cache] /games/players {'year': 2019, 'seasonType': 'regular', 'team': 'Coastal Carolina'}
  Fetching game stats 24/130: Colorado
    [cache] /games/players {'year': 2019, 'seasonType': 'regular', 'team': 'Colorado'}
  Fetching game stats 25/130: Colorado State
    [cache] /games/players {'year': 2019, 'seasonType': 'regular', 'team': 'Colorado State'}
  Fetching game stats 26/130: Duke
    [cache] /games/players {'year': 2019, 'seasonType': 'regular', 'team': 'Duke'}
  Fetching game stats 27/130: East Carolina
    [cache] /games/players {'year': 2019, 'seasonType': 'regular', 'team': 'East Carolina'}
  Fetching game stats 28/130: Eastern Michigan
    [cache] /games/players {'year': 2019, 'seasonType': 'regular', 'team': 'Eastern Michigan'}
  Fetching game stats 29/130: Florida
    [cache] /games/players {'year': 2019, 'seasonType': 'regular', 'team': 'Florida'}
  Fetching game stats 30/130: Florida Atlantic
    [cache] /games/players {'year': 2019, 'seasonType': 'regular', 'team': 'Florida Atlantic'}
  Fetching game stats 31/130: Florida International
    [cache] /games/players {'year': 2019, 'seasonType': 'regular', 'team': 'Florida International'}
  Fetching game stats 32/130: Florida State
    [cache] /games/players {'year': 2019, 'seasonType': 'regular', 'team': 'Florida State'}
  Fetching game stats 33/130: Fresno State
    [cache] /games/players {'year': 2019, 'seasonType': 'regular', 'team': 'Fresno State'}
  Fetching game stats 34/130: Georgia
    [cache] /games/players {'year': 2019, 'seasonType': 'regular', 'team': 'Georgia'}
  Fetching game stats 35/130: Georgia Southern
    [cache] /games/players {'year': 2019, 'seasonType': 'regular', 'team': 'Georgia Southern'}
  Fetching game stats 36/130: Georgia State
    [cache] /games/players {'year': 2019, 'seasonType': 'regular', 'team': 'Georgia State'}
  Fetching game stats 37/130: Georgia Tech
    [cache] /games/players {'year': 2019, 'seasonType': 'regular', 'team': 'Georgia Tech'}
  Fetching game stats 38/130: Hawai'i
    [cache] /games/players {'year': 2019, 'seasonType': 'regular', 'team': "Hawai'i"}
  Fetching game stats 39/130: Houston
    [cache] /games/players {'year': 2019, 'seasonType': 'regular', 'team': 'Houston'}
  Fetching game stats 40/130: Illinois
    [cache] /games/players {'year': 2019, 'seasonType': 'regular', 'team': 'Illinois'}
  Fetching game stats 41/130: Indiana
    [cache] /games/players {'year': 2019, 'seasonType': 'regular', 'team': 'Indiana'}
  Fetching game stats 42/130: Iowa
    [cache] /games/players {'year': 2019, 'seasonType': 'regular', 'team': 'Iowa'}
  Fetching game stats 43/130: Iowa State
    [cache] /games/players {'year': 2019, 'seasonType': 'regular', 'team': 'Iowa State'}
  Fetching game stats 44/130: Kansas
    [cache] /games/players {'year': 2019, 'seasonType': 'regular', 'team': 'Kansas'}
  Fetching game stats 45/130: Kansas State
    [cache] /games/players {'year': 2019, 'seasonType': 'regular', 'team': 'Kansas State'}
  Fetching game stats 46/130: Kent State
    [cache] /games/players {'year': 2019, 'seasonType': 'regular', 'team': 'Kent State'}
  Fetching game stats 47/130: Kentucky
    [cache] /games/players {'year': 2019, 'seasonType': 'regular', 'team': 'Kentucky'}
  Fetching game stats 48/130: Liberty
    [cache] /games/players {'year': 2019, 'seasonType': 'regular', 'team': 'Liberty'}
  Fetching game stats 49/130: Louisiana
    [cache] /games/players {'year': 2019, 'seasonType': 'regular', 'team': 'Louisiana'}
  Fetching game stats 50/130: Louisiana Tech
    [cache] /games/players {'year': 2019, 'seasonType': 'regular', 'team': 'Louisiana Tech'}
  Fetching game stats 51/130: Louisville
    [cache] /games/players {'year': 2019, 'seasonType': 'regular', 'team': 'Louisville'}
  Fetching game stats 52/130: LSU
    [cache] /games/players {'year': 2019, 'seasonType': 'regular', 'team': 'LSU'}
  Fetching game stats 53/130: Marshall
    [cache] /games/players {'year': 2019, 'seasonType': 'regular', 'team': 'Marshall'}
  Fetching game stats 54/130: Maryland
    [cache] /games/players {'year': 2019, 'seasonType': 'regular', 'team': 'Maryland'}
  Fetching game stats 55/130: Massachusetts
    [cache] /games/players {'year': 2019, 'seasonType': 'regular', 'team': 'Massachusetts'}
  Fetching game stats 56/130: Memphis
    [cache] /games/players {'year': 2019, 'seasonType': 'regular', 'team': 'Memphis'}
  Fetching game stats 57/130: Miami
    [cache] /games/players {'year': 2019, 'seasonType': 'regular', 'team': 'Miami'}
  Fetching game stats 58/130: Miami (OH)
    [cache] /games/players {'year': 2019, 'seasonType': 'regular', 'team': 'Miami (OH)'}
  Fetching game stats 59/130: Michigan
    [cache] /games/players {'year': 2019, 'seasonType': 'regular', 'team': 'Michigan'}
  Fetching game stats 60/130: Michigan State
    [cache] /games/players {'year': 2019, 'seasonType': 'regular', 'team': 'Michigan State'}
  Fetching game stats 61/130: Middle Tennessee
    [cache] /games/players {'year': 2019, 'seasonType': 'regular', 'team': 'Middle Tennessee'}
  Fetching game stats 62/130: Minnesota
    [cache] /games/players {'year': 2019, 'seasonType': 'regular', 'team': 'Minnesota'}
  Fetching game stats 63/130: Mississippi State
    [cache] /games/players {'year': 2019, 'seasonType': 'regular', 'team': 'Mississippi State'}
  Fetching game stats 64/130: Missouri
    [cache] /games/players {'year': 2019, 'seasonType': 'regular', 'team': 'Missouri'}
  Fetching game stats 65/130: Navy
    [cache] /games/players {'year': 2019, 'seasonType': 'regular', 'team': 'Navy'}
  Fetching game stats 66/130: NC State
    [cache] /games/players {'year': 2019, 'seasonType': 'regular', 'team': 'NC State'}
  Fetching game stats 67/130: Nebraska
    [cache] /games/players {'year': 2019, 'seasonType': 'regular', 'team': 'Nebraska'}
  Fetching game stats 68/130: Nevada
    [cache] /games/players {'year': 2019, 'seasonType': 'regular', 'team': 'Nevada'}
  Fetching game stats 69/130: New Mexico
    [cache] /games/players {'year': 2019, 'seasonType': 'regular', 'team': 'New Mexico'}
  Fetching game stats 70/130: New Mexico State
    [cache] /games/players {'year': 2019, 'seasonType': 'regular', 'team': 'New Mexico State'}
  Fetching game stats 71/130: North Carolina
    [cache] /games/players {'year': 2019, 'seasonType': 'regular', 'team': 'North Carolina'}
  Fetching game stats 72/130: Northern Illinois
    [cache] /games/players {'year': 2019, 'seasonType': 'regular', 'team': 'Northern Illinois'}
  Fetching game stats 73/130: North Texas
    [cache] /games/players {'year': 2019, 'seasonType': 'regular', 'team': 'North Texas'}
  Fetching game stats 74/130: Northwestern
    [cache] /games/players {'year': 2019, 'seasonType': 'regular', 'team': 'Northwestern'}
  Fetching game stats 75/130: Notre Dame
    [cache] /games/players {'year': 2019, 'seasonType': 'regular', 'team': 'Notre Dame'}
  Fetching game stats 76/130: Ohio
    [cache] /games/players {'year': 2019, 'seasonType': 'regular', 'team': 'Ohio'}
  Fetching game stats 77/130: Ohio State
    [cache] /games/players {'year': 2019, 'seasonType': 'regular', 'team': 'Ohio State'}
  Fetching game stats 78/130: Oklahoma
    [cache] /games/players {'year': 2019, 'seasonType': 'regular', 'team': 'Oklahoma'}
  Fetching game stats 79/130: Oklahoma State
    [cache] /games/players {'year': 2019, 'seasonType': 'regular', 'team': 'Oklahoma State'}
  Fetching game stats 80/130: Old Dominion
    [cache] /games/players {'year': 2019, 'seasonType': 'regular', 'team': 'Old Dominion'}
  Fetching game stats 81/130: Ole Miss
    [cache] /games/players {'year': 2019, 'seasonType': 'regular', 'team': 'Ole Miss'}
  Fetching game stats 82/130: Oregon
    [cache] /games/players {'year': 2019, 'seasonType': 'regular', 'team': 'Oregon'}
  Fetching game stats 83/130: Oregon State
    [cache] /games/players {'year': 2019, 'seasonType': 'regular', 'team': 'Oregon State'}
  Fetching game stats 84/130: Penn State
    [cache] /games/players {'year': 2019, 'seasonType': 'regular', 'team': 'Penn State'}
  Fetching game stats 85/130: Pittsburgh
    [cache] /games/players {'year': 2019, 'seasonType': 'regular', 'team': 'Pittsburgh'}
  Fetching game stats 86/130: Purdue
    [cache] /games/players {'year': 2019, 'seasonType': 'regular', 'team': 'Purdue'}
  Fetching game stats 87/130: Rice
    [cache] /games/players {'year': 2019, 'seasonType': 'regular', 'team': 'Rice'}
  Fetching game stats 88/130: Rutgers
    [cache] /games/players {'year': 2019, 'seasonType': 'regular', 'team': 'Rutgers'}
  Fetching game stats 89/130: San Diego State
    [cache] /games/players {'year': 2019, 'seasonType': 'regular', 'team': 'San Diego State'}
  Fetching game stats 90/130: San José State
    [cache] /games/players {'year': 2019, 'seasonType': 'regular', 'team': 'San José State'}
  Fetching game stats 91/130: SMU
    [cache] /games/players {'year': 2019, 'seasonType': 'regular', 'team': 'SMU'}
  Fetching game stats 92/130: South Alabama
    [cache] /games/players {'year': 2019, 'seasonType': 'regular', 'team': 'South Alabama'}
  Fetching game stats 93/130: South Carolina
    [cache] /games/players {'year': 2019, 'seasonType': 'regular', 'team': 'South Carolina'}
  Fetching game stats 94/130: Southern Miss
    [cache] /games/players {'year': 2019, 'seasonType': 'regular', 'team': 'Southern Miss'}
  Fetching game stats 95/130: South Florida
    [cache] /games/players {'year': 2019, 'seasonType': 'regular', 'team': 'South Florida'}
  Fetching game stats 96/130: Stanford
    [cache] /games/players {'year': 2019, 'seasonType': 'regular', 'team': 'Stanford'}
  Fetching game stats 97/130: Syracuse
    [cache] /games/players {'year': 2019, 'seasonType': 'regular', 'team': 'Syracuse'}
  Fetching game stats 98/130: TCU
    [cache] /games/players {'year': 2019, 'seasonType': 'regular', 'team': 'TCU'}
  Fetching game stats 99/130: Temple
    [cache] /games/players {'year': 2019, 'seasonType': 'regular', 'team': 'Temple'}
  Fetching game stats 100/130: Tennessee
    [cache] /games/players {'year': 2019, 'seasonType': 'regular', 'team': 'Tennessee'}
  Fetching game stats 101/130: Texas
    [cache] /games/players {'year': 2019, 'seasonType': 'regular', 'team': 'Texas'}
  Fetching game stats 102/130: Texas A&M
    [cache] /games/players {'year': 2019, 'seasonType': 'regular', 'team': 'Texas A&M'}
  Fetching game stats 103/130: Texas State
    [cache] /games/players {'year': 2019, 'seasonType': 'regular', 'team': 'Texas State'}
  Fetching game stats 104/130: Texas Tech
    [cache] /games/players {'year': 2019, 'seasonType': 'regular', 'team': 'Texas Tech'}
  Fetching game stats 105/130: Toledo
    [cache] /games/players {'year': 2019, 'seasonType': 'regular', 'team': 'Toledo'}
  Fetching game stats 106/130: Troy
    [cache] /games/players {'year': 2019, 'seasonType': 'regular', 'team': 'Troy'}
  Fetching game stats 107/130: Tulane
    [cache] /games/players {'year': 2019, 'seasonType': 'regular', 'team': 'Tulane'}
  Fetching game stats 108/130: Tulsa
    [cache] /games/players {'year': 2019, 'seasonType': 'regular', 'team': 'Tulsa'}
  Fetching game stats 109/130: UAB
    [cache] /games/players {'year': 2019, 'seasonType': 'regular', 'team': 'UAB'}
  Fetching game stats 110/130: UCF
    [cache] /games/players {'year': 2019, 'seasonType': 'regular', 'team': 'UCF'}
  Fetching game stats 111/130: UCLA
    [cache] /games/players {'year': 2019, 'seasonType': 'regular', 'team': 'UCLA'}
  Fetching game stats 112/130: UConn
    [cache] /games/players {'year': 2019, 'seasonType': 'regular', 'team': 'UConn'}
  Fetching game stats 113/130: UL Monroe
    [cache] /games/players {'year': 2019, 'seasonType': 'regular', 'team': 'UL Monroe'}
  Fetching game stats 114/130: UNLV
    [cache] /games/players {'year': 2019, 'seasonType': 'regular', 'team': 'UNLV'}
  Fetching game stats 115/130: USC
    [cache] /games/players {'year': 2019, 'seasonType': 'regular', 'team': 'USC'}
  Fetching game stats 116/130: Utah
    [cache] /games/players {'year': 2019, 'seasonType': 'regular', 'team': 'Utah'}
  Fetching game stats 117/130: Utah State
    [cache] /games/players {'year': 2019, 'seasonType': 'regular', 'team': 'Utah State'}
  Fetching game stats 118/130: UTEP
    [cache] /games/players {'year': 2019, 'seasonType': 'regular', 'team': 'UTEP'}
  Fetching game stats 119/130: UTSA
    [cache] /games/players {'year': 2019, 'seasonType': 'regular', 'team': 'UTSA'}
  Fetching game stats 120/130: Vanderbilt
    [cache] /games/players {'year': 2019, 'seasonType': 'regular', 'team': 'Vanderbilt'}
  Fetching game stats 121/130: Virginia
    [cache] /games/players {'year': 2019, 'seasonType': 'regular', 'team': 'Virginia'}
  Fetching game stats 122/130: Virginia Tech
    [cache] /games/players {'year': 2019, 'seasonType': 'regular', 'team': 'Virginia Tech'}
  Fetching game stats 123/130: Wake Forest
    [cache] /games/players {'year': 2019, 'seasonType': 'regular', 'team': 'Wake Forest'}
  Fetching game stats 124/130: Washington
    [cache] /games/players {'year': 2019, 'seasonType': 'regular', 'team': 'Washington'}
  Fetching game stats 125/130: Washington State
    [cache] /games/players {'year': 2019, 'seasonType': 'regular', 'team': 'Washington State'}
  Fetching game stats 126/130: Western Kentucky
    [cache] /games/players {'year': 2019, 'seasonType': 'regular', 'team': 'Western Kentucky'}
  Fetching game stats 127/130: Western Michigan
    [cache] /games/players {'year': 2019, 'seasonType': 'regular', 'team': 'Western Michigan'}
  Fetching game stats 128/130: West Virginia
    [cache] /games/players {'year': 2019, 'seasonType': 'regular', 'team': 'West Virginia'}
  Fetching game stats 129/130: Wisconsin
    [cache] /games/players {'year': 2019, 'seasonType': 'regular', 'team': 'Wisconsin'}
  Fetching game stats 130/130: Wyoming
    [cache] /games/players {'year': 2019, 'seasonType': 'regular', 'team': 'Wyoming'}
  848 unique games with player stats fetched

[6c] Fetching drives and plays by week (weeks 1-16)...
    drives week 1/16
    [cache] /drives {'year': 2019, 'week': 1, 'seasonType': 'regular'}
    drives week 2/16
    [cache] /drives {'year': 2019, 'week': 2, 'seasonType': 'regular'}
    drives week 3/16
    [cache] /drives {'year': 2019, 'week': 3, 'seasonType': 'regular'}
    drives week 4/16
    [cache] /drives {'year': 2019, 'week': 4, 'seasonType': 'regular'}
    drives week 5/16
    [cache] /drives {'year': 2019, 'week': 5, 'seasonType': 'regular'}
    drives week 6/16
    [cache] /drives {'year': 2019, 'week': 6, 'seasonType': 'regular'}
    drives week 7/16
    [cache] /drives {'year': 2019, 'week': 7, 'seasonType': 'regular'}
    drives week 8/16
    [cache] /drives {'year': 2019, 'week': 8, 'seasonType': 'regular'}
    drives week 9/16
    [cache] /drives {'year': 2019, 'week': 9, 'seasonType': 'regular'}
    drives week 10/16
    [cache] /drives {'year': 2019, 'week': 10, 'seasonType': 'regular'}
    drives week 11/16
    [cache] /drives {'year': 2019, 'week': 11, 'seasonType': 'regular'}
    drives week 12/16
    [cache] /drives {'year': 2019, 'week': 12, 'seasonType': 'regular'}
    drives week 13/16
    [cache] /drives {'year': 2019, 'week': 13, 'seasonType': 'regular'}
    drives week 14/16
    [cache] /drives {'year': 2019, 'week': 14, 'seasonType': 'regular'}
    drives week 15/16
    [cache] /drives {'year': 2019, 'week': 15, 'seasonType': 'regular'}
    drives week 16/16
    [cache] /drives {'year': 2019, 'week': 16, 'seasonType': 'regular'}
  21412 total drives fetched
    plays week 1/16
    [cache] /plays {'year': 2019, 'week': 1, 'seasonType': 'regular'}
    plays week 2/16
    [cache] /plays {'year': 2019, 'week': 2, 'seasonType': 'regular'}
    plays week 3/16
    [cache] /plays {'year': 2019, 'week': 3, 'seasonType': 'regular'}
    plays week 4/16
    [cache] /plays {'year': 2019, 'week': 4, 'seasonType': 'regular'}
    plays week 5/16
    [cache] /plays {'year': 2019, 'week': 5, 'seasonType': 'regular'}
    plays week 6/16
    [cache] /plays {'year': 2019, 'week': 6, 'seasonType': 'regular'}
    plays week 7/16
    [cache] /plays {'year': 2019, 'week': 7, 'seasonType': 'regular'}
    plays week 8/16
    [cache] /plays {'year': 2019, 'week': 8, 'seasonType': 'regular'}
    plays week 9/16
    [cache] /plays {'year': 2019, 'week': 9, 'seasonType': 'regular'}
    plays week 10/16
    [cache] /plays {'year': 2019, 'week': 10, 'seasonType': 'regular'}
    plays week 11/16
    [cache] /plays {'year': 2019, 'week': 11, 'seasonType': 'regular'}
    plays week 12/16
    [cache] /plays {'year': 2019, 'week': 12, 'seasonType': 'regular'}
    plays week 13/16
    [cache] /plays {'year': 2019, 'week': 13, 'seasonType': 'regular'}
    plays week 14/16
    [cache] /plays {'year': 2019, 'week': 14, 'seasonType': 'regular'}
    plays week 15/16
    [cache] /plays {'year': 2019, 'week': 15, 'seasonType': 'regular'}
    plays week 16/16
    [cache] /plays {'year': 2019, 'week': 16, 'seasonType': 'regular'}
  152731 total plays fetched
  1659 rushers with parsed carry data (691 QBs excluded)

[7/7] Processing ratings...
  Building opponent-weighted stats from gamelog...
  11323 players with opponent-weighted stats
Building player gamelogs (early pass for gamelog-derived skills)...
  Gamelog-derived skills computed for 11323 players
Normalizing ratings...
Applying backup/no-data tier ratings...
  4597 backup/no-data players rated via star-anchor pathway
  OL boosts applied to 970 player(s) (draft/awards/continuity)
Computing team ratings...
Generating public names...

  Year 2019 rating distribution:
    40-49:  3573 (22%) ###########
    50-59:  2648 (17%) ########
    60-69:  4578 (29%) ##############
    70-79:  2944 (18%) #########
    80-89:  1518 ( 9%) ####
    90-99:   297 ( 1%) 
    Min=40 Max=99 Median=64
  130 teams, 15558 players.
Building schedule, drives, and plays...
  1577 games, 11323 players with gamelogs
  21412 drives, 152731 plays

Writing to C:\Projects\CFB-Video-Game\app\assets\data/
  2019/teams_private.json: 130 entries
  2019/teams_public.json: 130 entries
  2019/players_private.json: 15558 entries
  2019/players_public.json: 15558 entries
  2019/ratings.json: 15558 entries
  2019/team_schedule.json: 1577 entries
  2019/player_gamelog.json: 11323 keys, 55827 entries
  2019/team_drives.json: 217 keys, 21412 entries
  2019/team_plays_wk*.json.gz: 15 weeks, 152731 plays
  Loaded 15557 player IDs from 2019 for continuity check

============================================================
  PROCESSING YEAR 2020
============================================================

[1/7] Fetching FBS teams...
    [cache] /teams/fbs {'year': 2020}
  Found 130 teams

[2/7] Fetching rosters...
  Fetching roster 1/130: Air Force
    [cache] /roster {'team': 'Air Force', 'year': 2020}
  Fetching roster 2/130: Akron
    [cache] /roster {'team': 'Akron', 'year': 2020}
  Fetching roster 3/130: Alabama
    [cache] /roster {'team': 'Alabama', 'year': 2020}
  Fetching roster 4/130: App State
    [cache] /roster {'team': 'App State', 'year': 2020}
  Fetching roster 5/130: Arizona
    [cache] /roster {'team': 'Arizona', 'year': 2020}
  Fetching roster 6/130: Arizona State
    [cache] /roster {'team': 'Arizona State', 'year': 2020}
  Fetching roster 7/130: Arkansas
    [cache] /roster {'team': 'Arkansas', 'year': 2020}
  Fetching roster 8/130: Arkansas State
    [cache] /roster {'team': 'Arkansas State', 'year': 2020}
  Fetching roster 9/130: Army
    [cache] /roster {'team': 'Army', 'year': 2020}
  Fetching roster 10/130: Auburn
    [cache] /roster {'team': 'Auburn', 'year': 2020}
  Fetching roster 11/130: Ball State
    [cache] /roster {'team': 'Ball State', 'year': 2020}
  Fetching roster 12/130: Baylor
    [cache] /roster {'team': 'Baylor', 'year': 2020}
  Fetching roster 13/130: Boise State
    [cache] /roster {'team': 'Boise State', 'year': 2020}
  Fetching roster 14/130: Boston College
    [cache] /roster {'team': 'Boston College', 'year': 2020}
  Fetching roster 15/130: Bowling Green
    [cache] /roster {'team': 'Bowling Green', 'year': 2020}
  Fetching roster 16/130: Buffalo
    [cache] /roster {'team': 'Buffalo', 'year': 2020}
  Fetching roster 17/130: BYU
    [cache] /roster {'team': 'BYU', 'year': 2020}
  Fetching roster 18/130: California
    [cache] /roster {'team': 'California', 'year': 2020}
  Fetching roster 19/130: Central Michigan
    [cache] /roster {'team': 'Central Michigan', 'year': 2020}
  Fetching roster 20/130: Charlotte
    [cache] /roster {'team': 'Charlotte', 'year': 2020}
  Fetching roster 21/130: Cincinnati
    [cache] /roster {'team': 'Cincinnati', 'year': 2020}
  Fetching roster 22/130: Clemson
    [cache] /roster {'team': 'Clemson', 'year': 2020}
  Fetching roster 23/130: Coastal Carolina
    [cache] /roster {'team': 'Coastal Carolina', 'year': 2020}
  Fetching roster 24/130: Colorado
    [cache] /roster {'team': 'Colorado', 'year': 2020}
  Fetching roster 25/130: Colorado State
    [cache] /roster {'team': 'Colorado State', 'year': 2020}
  Fetching roster 26/130: Duke
    [cache] /roster {'team': 'Duke', 'year': 2020}
  Fetching roster 27/130: East Carolina
    [cache] /roster {'team': 'East Carolina', 'year': 2020}
  Fetching roster 28/130: Eastern Michigan
    [cache] /roster {'team': 'Eastern Michigan', 'year': 2020}
  Fetching roster 29/130: Florida
    [cache] /roster {'team': 'Florida', 'year': 2020}
  Fetching roster 30/130: Florida Atlantic
    [cache] /roster {'team': 'Florida Atlantic', 'year': 2020}
  Fetching roster 31/130: Florida International
    [cache] /roster {'team': 'Florida International', 'year': 2020}
  Fetching roster 32/130: Florida State
    [cache] /roster {'team': 'Florida State', 'year': 2020}
  Fetching roster 33/130: Fresno State
    [cache] /roster {'team': 'Fresno State', 'year': 2020}
  Fetching roster 34/130: Georgia
    [cache] /roster {'team': 'Georgia', 'year': 2020}
  Fetching roster 35/130: Georgia Southern
    [cache] /roster {'team': 'Georgia Southern', 'year': 2020}
  Fetching roster 36/130: Georgia State
    [cache] /roster {'team': 'Georgia State', 'year': 2020}
  Fetching roster 37/130: Georgia Tech
    [cache] /roster {'team': 'Georgia Tech', 'year': 2020}
  Fetching roster 38/130: Hawai'i
    [cache] /roster {'team': "Hawai'i", 'year': 2020}
  Fetching roster 39/130: Houston
    [cache] /roster {'team': 'Houston', 'year': 2020}
  Fetching roster 40/130: Illinois
    [cache] /roster {'team': 'Illinois', 'year': 2020}
  Fetching roster 41/130: Indiana
    [cache] /roster {'team': 'Indiana', 'year': 2020}
  Fetching roster 42/130: Iowa
    [cache] /roster {'team': 'Iowa', 'year': 2020}
  Fetching roster 43/130: Iowa State
    [cache] /roster {'team': 'Iowa State', 'year': 2020}
  Fetching roster 44/130: Kansas
    [cache] /roster {'team': 'Kansas', 'year': 2020}
  Fetching roster 45/130: Kansas State
    [cache] /roster {'team': 'Kansas State', 'year': 2020}
  Fetching roster 46/130: Kent State
    [cache] /roster {'team': 'Kent State', 'year': 2020}
  Fetching roster 47/130: Kentucky
    [cache] /roster {'team': 'Kentucky', 'year': 2020}
  Fetching roster 48/130: Liberty
    [cache] /roster {'team': 'Liberty', 'year': 2020}
  Fetching roster 49/130: Louisiana
    [cache] /roster {'team': 'Louisiana', 'year': 2020}
  Fetching roster 50/130: Louisiana Tech
    [cache] /roster {'team': 'Louisiana Tech', 'year': 2020}
  Fetching roster 51/130: Louisville
    [cache] /roster {'team': 'Louisville', 'year': 2020}
  Fetching roster 52/130: LSU
    [cache] /roster {'team': 'LSU', 'year': 2020}
  Fetching roster 53/130: Marshall
    [cache] /roster {'team': 'Marshall', 'year': 2020}
  Fetching roster 54/130: Maryland
    [cache] /roster {'team': 'Maryland', 'year': 2020}
  Fetching roster 55/130: Massachusetts
    [cache] /roster {'team': 'Massachusetts', 'year': 2020}
  Fetching roster 56/130: Memphis
    [cache] /roster {'team': 'Memphis', 'year': 2020}
  Fetching roster 57/130: Miami
    [cache] /roster {'team': 'Miami', 'year': 2020}
  Fetching roster 58/130: Miami (OH)
    [cache] /roster {'team': 'Miami (OH)', 'year': 2020}
  Fetching roster 59/130: Michigan
    [cache] /roster {'team': 'Michigan', 'year': 2020}
  Fetching roster 60/130: Michigan State
    [cache] /roster {'team': 'Michigan State', 'year': 2020}
  Fetching roster 61/130: Middle Tennessee
    [cache] /roster {'team': 'Middle Tennessee', 'year': 2020}
  Fetching roster 62/130: Minnesota
    [cache] /roster {'team': 'Minnesota', 'year': 2020}
  Fetching roster 63/130: Mississippi State
    [cache] /roster {'team': 'Mississippi State', 'year': 2020}
  Fetching roster 64/130: Missouri
    [cache] /roster {'team': 'Missouri', 'year': 2020}
  Fetching roster 65/130: Navy
    [cache] /roster {'team': 'Navy', 'year': 2020}
  Fetching roster 66/130: NC State
    [cache] /roster {'team': 'NC State', 'year': 2020}
  Fetching roster 67/130: Nebraska
    [cache] /roster {'team': 'Nebraska', 'year': 2020}
  Fetching roster 68/130: Nevada
    [cache] /roster {'team': 'Nevada', 'year': 2020}
  Fetching roster 69/130: New Mexico
    [cache] /roster {'team': 'New Mexico', 'year': 2020}
  Fetching roster 70/130: New Mexico State
    [cache] /roster {'team': 'New Mexico State', 'year': 2020}
  Fetching roster 71/130: North Carolina
    [cache] /roster {'team': 'North Carolina', 'year': 2020}
  Fetching roster 72/130: Northern Illinois
    [cache] /roster {'team': 'Northern Illinois', 'year': 2020}
  Fetching roster 73/130: North Texas
    [cache] /roster {'team': 'North Texas', 'year': 2020}
  Fetching roster 74/130: Northwestern
    [cache] /roster {'team': 'Northwestern', 'year': 2020}
  Fetching roster 75/130: Notre Dame
    [cache] /roster {'team': 'Notre Dame', 'year': 2020}
  Fetching roster 76/130: Ohio
    [cache] /roster {'team': 'Ohio', 'year': 2020}
  Fetching roster 77/130: Ohio State
    [cache] /roster {'team': 'Ohio State', 'year': 2020}
  Fetching roster 78/130: Oklahoma
    [cache] /roster {'team': 'Oklahoma', 'year': 2020}
  Fetching roster 79/130: Oklahoma State
    [cache] /roster {'team': 'Oklahoma State', 'year': 2020}
  Fetching roster 80/130: Old Dominion
    [cache] /roster {'team': 'Old Dominion', 'year': 2020}
  Fetching roster 81/130: Ole Miss
    [cache] /roster {'team': 'Ole Miss', 'year': 2020}
  Fetching roster 82/130: Oregon
    [cache] /roster {'team': 'Oregon', 'year': 2020}
  Fetching roster 83/130: Oregon State
    [cache] /roster {'team': 'Oregon State', 'year': 2020}
  Fetching roster 84/130: Penn State
    [cache] /roster {'team': 'Penn State', 'year': 2020}
  Fetching roster 85/130: Pittsburgh
    [cache] /roster {'team': 'Pittsburgh', 'year': 2020}
  Fetching roster 86/130: Purdue
    [cache] /roster {'team': 'Purdue', 'year': 2020}
  Fetching roster 87/130: Rice
    [cache] /roster {'team': 'Rice', 'year': 2020}
  Fetching roster 88/130: Rutgers
    [cache] /roster {'team': 'Rutgers', 'year': 2020}
  Fetching roster 89/130: San Diego State
    [cache] /roster {'team': 'San Diego State', 'year': 2020}
  Fetching roster 90/130: San José State
    [cache] /roster {'team': 'San José State', 'year': 2020}
  Fetching roster 91/130: SMU
    [cache] /roster {'team': 'SMU', 'year': 2020}
  Fetching roster 92/130: South Alabama
    [cache] /roster {'team': 'South Alabama', 'year': 2020}
  Fetching roster 93/130: South Carolina
    [cache] /roster {'team': 'South Carolina', 'year': 2020}
  Fetching roster 94/130: Southern Miss
    [cache] /roster {'team': 'Southern Miss', 'year': 2020}
  Fetching roster 95/130: South Florida
    [cache] /roster {'team': 'South Florida', 'year': 2020}
  Fetching roster 96/130: Stanford
    [cache] /roster {'team': 'Stanford', 'year': 2020}
  Fetching roster 97/130: Syracuse
    [cache] /roster {'team': 'Syracuse', 'year': 2020}
  Fetching roster 98/130: TCU
    [cache] /roster {'team': 'TCU', 'year': 2020}
  Fetching roster 99/130: Temple
    [cache] /roster {'team': 'Temple', 'year': 2020}
  Fetching roster 100/130: Tennessee
    [cache] /roster {'team': 'Tennessee', 'year': 2020}
  Fetching roster 101/130: Texas
    [cache] /roster {'team': 'Texas', 'year': 2020}
  Fetching roster 102/130: Texas A&M
    [cache] /roster {'team': 'Texas A&M', 'year': 2020}
  Fetching roster 103/130: Texas State
    [cache] /roster {'team': 'Texas State', 'year': 2020}
  Fetching roster 104/130: Texas Tech
    [cache] /roster {'team': 'Texas Tech', 'year': 2020}
  Fetching roster 105/130: Toledo
    [cache] /roster {'team': 'Toledo', 'year': 2020}
  Fetching roster 106/130: Troy
    [cache] /roster {'team': 'Troy', 'year': 2020}
  Fetching roster 107/130: Tulane
    [cache] /roster {'team': 'Tulane', 'year': 2020}
  Fetching roster 108/130: Tulsa
    [cache] /roster {'team': 'Tulsa', 'year': 2020}
  Fetching roster 109/130: UAB
    [cache] /roster {'team': 'UAB', 'year': 2020}
  Fetching roster 110/130: UCF
    [cache] /roster {'team': 'UCF', 'year': 2020}
  Fetching roster 111/130: UCLA
    [cache] /roster {'team': 'UCLA', 'year': 2020}
  Fetching roster 112/130: UConn
    [cache] /roster {'team': 'UConn', 'year': 2020}
  Fetching roster 113/130: UL Monroe
    [cache] /roster {'team': 'UL Monroe', 'year': 2020}
  Fetching roster 114/130: UNLV
    [cache] /roster {'team': 'UNLV', 'year': 2020}
  Fetching roster 115/130: USC
    [cache] /roster {'team': 'USC', 'year': 2020}
  Fetching roster 116/130: Utah
    [cache] /roster {'team': 'Utah', 'year': 2020}
  Fetching roster 117/130: Utah State
    [cache] /roster {'team': 'Utah State', 'year': 2020}
  Fetching roster 118/130: UTEP
    [cache] /roster {'team': 'UTEP', 'year': 2020}
  Fetching roster 119/130: UTSA
    [cache] /roster {'team': 'UTSA', 'year': 2020}
  Fetching roster 120/130: Vanderbilt
    [cache] /roster {'team': 'Vanderbilt', 'year': 2020}
  Fetching roster 121/130: Virginia
    [cache] /roster {'team': 'Virginia', 'year': 2020}
  Fetching roster 122/130: Virginia Tech
    [cache] /roster {'team': 'Virginia Tech', 'year': 2020}
  Fetching roster 123/130: Wake Forest
    [cache] /roster {'team': 'Wake Forest', 'year': 2020}
  Fetching roster 124/130: Washington
    [cache] /roster {'team': 'Washington', 'year': 2020}
  Fetching roster 125/130: Washington State
    [cache] /roster {'team': 'Washington State', 'year': 2020}
  Fetching roster 126/130: Western Kentucky
    [cache] /roster {'team': 'Western Kentucky', 'year': 2020}
  Fetching roster 127/130: Western Michigan
    [cache] /roster {'team': 'Western Michigan', 'year': 2020}
  Fetching roster 128/130: West Virginia
    [cache] /roster {'team': 'West Virginia', 'year': 2020}
  Fetching roster 129/130: Wisconsin
    [cache] /roster {'team': 'Wisconsin', 'year': 2020}
  Fetching roster 130/130: Wyoming
    [cache] /roster {'team': 'Wyoming', 'year': 2020}

[3/7] Fetching player stats...
    [cache] /stats/player/season {'year': 2020, 'seasonType': 'regular'}
  7605 player stat entries

[3b] Fetching player usage...
    [cache] /player/usage {'year': 2020, 'seasonType': 'regular'}
  2370 usage entries

[3c] Fetching player awards...
    GET /awards {'year': 2020}
    WARNING: /awards {'year': 2020} failed: Expecting value: line 2 column 1 (char 1)
  0 award entries
  0 OL draft picks mapped for 2021 NFL Draft

[4/7] Fetching PPA data...
    [cache] /ppa/players/season {'year': 2020}
  2369 PPA entries

[5/7] Fetching team stats + SP+ + talent...
    [cache] /stats/season {'year': 2020}
    [cache] /ratings/sp {'year': 2020}
    [cache] /talent {'year': 2020}

[6/7] Fetching recruiting data...
    Class 2016...
    [cache] /recruiting/players {'year': 2016}
    Class 2017...
    [cache] /recruiting/players {'year': 2017}
    Class 2018...
    [cache] /recruiting/players {'year': 2018}
    Class 2019...
    [cache] /recruiting/players {'year': 2019}
    Class 2020...
    [cache] /recruiting/players {'year': 2020}

[6b] Fetching game results and player game stats (Phase 2)...
    [cache] /games {'year': 2020, 'seasonType': 'regular'}
  563 games fetched
  Fetching game stats 1/130: Air Force
    [cache] /games/players {'year': 2020, 'seasonType': 'regular', 'team': 'Air Force'}
  Fetching game stats 2/130: Akron
    [cache] /games/players {'year': 2020, 'seasonType': 'regular', 'team': 'Akron'}
  Fetching game stats 3/130: Alabama
    [cache] /games/players {'year': 2020, 'seasonType': 'regular', 'team': 'Alabama'}
  Fetching game stats 4/130: App State
    [cache] /games/players {'year': 2020, 'seasonType': 'regular', 'team': 'App State'}
  Fetching game stats 5/130: Arizona
    [cache] /games/players {'year': 2020, 'seasonType': 'regular', 'team': 'Arizona'}
  Fetching game stats 6/130: Arizona State
    [cache] /games/players {'year': 2020, 'seasonType': 'regular', 'team': 'Arizona State'}
  Fetching game stats 7/130: Arkansas
    [cache] /games/players {'year': 2020, 'seasonType': 'regular', 'team': 'Arkansas'}
  Fetching game stats 8/130: Arkansas State
    [cache] /games/players {'year': 2020, 'seasonType': 'regular', 'team': 'Arkansas State'}
  Fetching game stats 9/130: Army
    [cache] /games/players {'year': 2020, 'seasonType': 'regular', 'team': 'Army'}
  Fetching game stats 10/130: Auburn
    [cache] /games/players {'year': 2020, 'seasonType': 'regular', 'team': 'Auburn'}
  Fetching game stats 11/130: Ball State
    [cache] /games/players {'year': 2020, 'seasonType': 'regular', 'team': 'Ball State'}
  Fetching game stats 12/130: Baylor
    [cache] /games/players {'year': 2020, 'seasonType': 'regular', 'team': 'Baylor'}
  Fetching game stats 13/130: Boise State
    [cache] /games/players {'year': 2020, 'seasonType': 'regular', 'team': 'Boise State'}
  Fetching game stats 14/130: Boston College
    [cache] /games/players {'year': 2020, 'seasonType': 'regular', 'team': 'Boston College'}
  Fetching game stats 15/130: Bowling Green
    [cache] /games/players {'year': 2020, 'seasonType': 'regular', 'team': 'Bowling Green'}
  Fetching game stats 16/130: Buffalo
    [cache] /games/players {'year': 2020, 'seasonType': 'regular', 'team': 'Buffalo'}
  Fetching game stats 17/130: BYU
    [cache] /games/players {'year': 2020, 'seasonType': 'regular', 'team': 'BYU'}
  Fetching game stats 18/130: California
    [cache] /games/players {'year': 2020, 'seasonType': 'regular', 'team': 'California'}
  Fetching game stats 19/130: Central Michigan
    [cache] /games/players {'year': 2020, 'seasonType': 'regular', 'team': 'Central Michigan'}
  Fetching game stats 20/130: Charlotte
    [cache] /games/players {'year': 2020, 'seasonType': 'regular', 'team': 'Charlotte'}
  Fetching game stats 21/130: Cincinnati
    [cache] /games/players {'year': 2020, 'seasonType': 'regular', 'team': 'Cincinnati'}
  Fetching game stats 22/130: Clemson
    [cache] /games/players {'year': 2020, 'seasonType': 'regular', 'team': 'Clemson'}
  Fetching game stats 23/130: Coastal Carolina
    [cache] /games/players {'year': 2020, 'seasonType': 'regular', 'team': 'Coastal Carolina'}
  Fetching game stats 24/130: Colorado
    [cache] /games/players {'year': 2020, 'seasonType': 'regular', 'team': 'Colorado'}
  Fetching game stats 25/130: Colorado State
    [cache] /games/players {'year': 2020, 'seasonType': 'regular', 'team': 'Colorado State'}
  Fetching game stats 26/130: Duke
    [cache] /games/players {'year': 2020, 'seasonType': 'regular', 'team': 'Duke'}
  Fetching game stats 27/130: East Carolina
    [cache] /games/players {'year': 2020, 'seasonType': 'regular', 'team': 'East Carolina'}
  Fetching game stats 28/130: Eastern Michigan
    [cache] /games/players {'year': 2020, 'seasonType': 'regular', 'team': 'Eastern Michigan'}
  Fetching game stats 29/130: Florida
    [cache] /games/players {'year': 2020, 'seasonType': 'regular', 'team': 'Florida'}
  Fetching game stats 30/130: Florida Atlantic
    [cache] /games/players {'year': 2020, 'seasonType': 'regular', 'team': 'Florida Atlantic'}
  Fetching game stats 31/130: Florida International
    [cache] /games/players {'year': 2020, 'seasonType': 'regular', 'team': 'Florida International'}
  Fetching game stats 32/130: Florida State
    [cache] /games/players {'year': 2020, 'seasonType': 'regular', 'team': 'Florida State'}
  Fetching game stats 33/130: Fresno State
    [cache] /games/players {'year': 2020, 'seasonType': 'regular', 'team': 'Fresno State'}
  Fetching game stats 34/130: Georgia
    [cache] /games/players {'year': 2020, 'seasonType': 'regular', 'team': 'Georgia'}
  Fetching game stats 35/130: Georgia Southern
    [cache] /games/players {'year': 2020, 'seasonType': 'regular', 'team': 'Georgia Southern'}
  Fetching game stats 36/130: Georgia State
    [cache] /games/players {'year': 2020, 'seasonType': 'regular', 'team': 'Georgia State'}
  Fetching game stats 37/130: Georgia Tech
    [cache] /games/players {'year': 2020, 'seasonType': 'regular', 'team': 'Georgia Tech'}
  Fetching game stats 38/130: Hawai'i
    [cache] /games/players {'year': 2020, 'seasonType': 'regular', 'team': "Hawai'i"}
  Fetching game stats 39/130: Houston
    [cache] /games/players {'year': 2020, 'seasonType': 'regular', 'team': 'Houston'}
  Fetching game stats 40/130: Illinois
    [cache] /games/players {'year': 2020, 'seasonType': 'regular', 'team': 'Illinois'}
  Fetching game stats 41/130: Indiana
    [cache] /games/players {'year': 2020, 'seasonType': 'regular', 'team': 'Indiana'}
  Fetching game stats 42/130: Iowa
    [cache] /games/players {'year': 2020, 'seasonType': 'regular', 'team': 'Iowa'}
  Fetching game stats 43/130: Iowa State
    [cache] /games/players {'year': 2020, 'seasonType': 'regular', 'team': 'Iowa State'}
  Fetching game stats 44/130: Kansas
    [cache] /games/players {'year': 2020, 'seasonType': 'regular', 'team': 'Kansas'}
  Fetching game stats 45/130: Kansas State
    [cache] /games/players {'year': 2020, 'seasonType': 'regular', 'team': 'Kansas State'}
  Fetching game stats 46/130: Kent State
    [cache] /games/players {'year': 2020, 'seasonType': 'regular', 'team': 'Kent State'}
  Fetching game stats 47/130: Kentucky
    [cache] /games/players {'year': 2020, 'seasonType': 'regular', 'team': 'Kentucky'}
  Fetching game stats 48/130: Liberty
    [cache] /games/players {'year': 2020, 'seasonType': 'regular', 'team': 'Liberty'}
  Fetching game stats 49/130: Louisiana
    [cache] /games/players {'year': 2020, 'seasonType': 'regular', 'team': 'Louisiana'}
  Fetching game stats 50/130: Louisiana Tech
    [cache] /games/players {'year': 2020, 'seasonType': 'regular', 'team': 'Louisiana Tech'}
  Fetching game stats 51/130: Louisville
    [cache] /games/players {'year': 2020, 'seasonType': 'regular', 'team': 'Louisville'}
  Fetching game stats 52/130: LSU
    [cache] /games/players {'year': 2020, 'seasonType': 'regular', 'team': 'LSU'}
  Fetching game stats 53/130: Marshall
    [cache] /games/players {'year': 2020, 'seasonType': 'regular', 'team': 'Marshall'}
  Fetching game stats 54/130: Maryland
    [cache] /games/players {'year': 2020, 'seasonType': 'regular', 'team': 'Maryland'}
  Fetching game stats 55/130: Massachusetts
    [cache] /games/players {'year': 2020, 'seasonType': 'regular', 'team': 'Massachusetts'}
  Fetching game stats 56/130: Memphis
    [cache] /games/players {'year': 2020, 'seasonType': 'regular', 'team': 'Memphis'}
  Fetching game stats 57/130: Miami
    [cache] /games/players {'year': 2020, 'seasonType': 'regular', 'team': 'Miami'}
  Fetching game stats 58/130: Miami (OH)
    [cache] /games/players {'year': 2020, 'seasonType': 'regular', 'team': 'Miami (OH)'}
  Fetching game stats 59/130: Michigan
    [cache] /games/players {'year': 2020, 'seasonType': 'regular', 'team': 'Michigan'}
  Fetching game stats 60/130: Michigan State
    [cache] /games/players {'year': 2020, 'seasonType': 'regular', 'team': 'Michigan State'}
  Fetching game stats 61/130: Middle Tennessee
    [cache] /games/players {'year': 2020, 'seasonType': 'regular', 'team': 'Middle Tennessee'}
  Fetching game stats 62/130: Minnesota
    [cache] /games/players {'year': 2020, 'seasonType': 'regular', 'team': 'Minnesota'}
  Fetching game stats 63/130: Mississippi State
    [cache] /games/players {'year': 2020, 'seasonType': 'regular', 'team': 'Mississippi State'}
  Fetching game stats 64/130: Missouri
    [cache] /games/players {'year': 2020, 'seasonType': 'regular', 'team': 'Missouri'}
  Fetching game stats 65/130: Navy
    [cache] /games/players {'year': 2020, 'seasonType': 'regular', 'team': 'Navy'}
  Fetching game stats 66/130: NC State
    [cache] /games/players {'year': 2020, 'seasonType': 'regular', 'team': 'NC State'}
  Fetching game stats 67/130: Nebraska
    [cache] /games/players {'year': 2020, 'seasonType': 'regular', 'team': 'Nebraska'}
  Fetching game stats 68/130: Nevada
    [cache] /games/players {'year': 2020, 'seasonType': 'regular', 'team': 'Nevada'}
  Fetching game stats 69/130: New Mexico
    [cache] /games/players {'year': 2020, 'seasonType': 'regular', 'team': 'New Mexico'}
  Fetching game stats 70/130: New Mexico State
    [cache] /games/players {'year': 2020, 'seasonType': 'regular', 'team': 'New Mexico State'}
  Fetching game stats 71/130: North Carolina
    [cache] /games/players {'year': 2020, 'seasonType': 'regular', 'team': 'North Carolina'}
  Fetching game stats 72/130: Northern Illinois
    [cache] /games/players {'year': 2020, 'seasonType': 'regular', 'team': 'Northern Illinois'}
  Fetching game stats 73/130: North Texas
    [cache] /games/players {'year': 2020, 'seasonType': 'regular', 'team': 'North Texas'}
  Fetching game stats 74/130: Northwestern
    [cache] /games/players {'year': 2020, 'seasonType': 'regular', 'team': 'Northwestern'}
  Fetching game stats 75/130: Notre Dame
    [cache] /games/players {'year': 2020, 'seasonType': 'regular', 'team': 'Notre Dame'}
  Fetching game stats 76/130: Ohio
    [cache] /games/players {'year': 2020, 'seasonType': 'regular', 'team': 'Ohio'}
  Fetching game stats 77/130: Ohio State
    [cache] /games/players {'year': 2020, 'seasonType': 'regular', 'team': 'Ohio State'}
  Fetching game stats 78/130: Oklahoma
    [cache] /games/players {'year': 2020, 'seasonType': 'regular', 'team': 'Oklahoma'}
  Fetching game stats 79/130: Oklahoma State
    [cache] /games/players {'year': 2020, 'seasonType': 'regular', 'team': 'Oklahoma State'}
  Fetching game stats 80/130: Old Dominion
    [cache] /games/players {'year': 2020, 'seasonType': 'regular', 'team': 'Old Dominion'}
  Fetching game stats 81/130: Ole Miss
    [cache] /games/players {'year': 2020, 'seasonType': 'regular', 'team': 'Ole Miss'}
  Fetching game stats 82/130: Oregon
    [cache] /games/players {'year': 2020, 'seasonType': 'regular', 'team': 'Oregon'}
  Fetching game stats 83/130: Oregon State
    [cache] /games/players {'year': 2020, 'seasonType': 'regular', 'team': 'Oregon State'}
  Fetching game stats 84/130: Penn State
    [cache] /games/players {'year': 2020, 'seasonType': 'regular', 'team': 'Penn State'}
  Fetching game stats 85/130: Pittsburgh
    [cache] /games/players {'year': 2020, 'seasonType': 'regular', 'team': 'Pittsburgh'}
  Fetching game stats 86/130: Purdue
    [cache] /games/players {'year': 2020, 'seasonType': 'regular', 'team': 'Purdue'}
  Fetching game stats 87/130: Rice
    [cache] /games/players {'year': 2020, 'seasonType': 'regular', 'team': 'Rice'}
  Fetching game stats 88/130: Rutgers
    [cache] /games/players {'year': 2020, 'seasonType': 'regular', 'team': 'Rutgers'}
  Fetching game stats 89/130: San Diego State
    [cache] /games/players {'year': 2020, 'seasonType': 'regular', 'team': 'San Diego State'}
  Fetching game stats 90/130: San José State
    [cache] /games/players {'year': 2020, 'seasonType': 'regular', 'team': 'San José State'}
  Fetching game stats 91/130: SMU
    [cache] /games/players {'year': 2020, 'seasonType': 'regular', 'team': 'SMU'}
  Fetching game stats 92/130: South Alabama
    [cache] /games/players {'year': 2020, 'seasonType': 'regular', 'team': 'South Alabama'}
  Fetching game stats 93/130: South Carolina
    [cache] /games/players {'year': 2020, 'seasonType': 'regular', 'team': 'South Carolina'}
  Fetching game stats 94/130: Southern Miss
    [cache] /games/players {'year': 2020, 'seasonType': 'regular', 'team': 'Southern Miss'}
  Fetching game stats 95/130: South Florida
    [cache] /games/players {'year': 2020, 'seasonType': 'regular', 'team': 'South Florida'}
  Fetching game stats 96/130: Stanford
    [cache] /games/players {'year': 2020, 'seasonType': 'regular', 'team': 'Stanford'}
  Fetching game stats 97/130: Syracuse
    [cache] /games/players {'year': 2020, 'seasonType': 'regular', 'team': 'Syracuse'}
  Fetching game stats 98/130: TCU
    [cache] /games/players {'year': 2020, 'seasonType': 'regular', 'team': 'TCU'}
  Fetching game stats 99/130: Temple
    [cache] /games/players {'year': 2020, 'seasonType': 'regular', 'team': 'Temple'}
  Fetching game stats 100/130: Tennessee
    [cache] /games/players {'year': 2020, 'seasonType': 'regular', 'team': 'Tennessee'}
  Fetching game stats 101/130: Texas
    [cache] /games/players {'year': 2020, 'seasonType': 'regular', 'team': 'Texas'}
  Fetching game stats 102/130: Texas A&M
    [cache] /games/players {'year': 2020, 'seasonType': 'regular', 'team': 'Texas A&M'}
  Fetching game stats 103/130: Texas State
    [cache] /games/players {'year': 2020, 'seasonType': 'regular', 'team': 'Texas State'}
  Fetching game stats 104/130: Texas Tech
    [cache] /games/players {'year': 2020, 'seasonType': 'regular', 'team': 'Texas Tech'}
  Fetching game stats 105/130: Toledo
    [cache] /games/players {'year': 2020, 'seasonType': 'regular', 'team': 'Toledo'}
  Fetching game stats 106/130: Troy
    [cache] /games/players {'year': 2020, 'seasonType': 'regular', 'team': 'Troy'}
  Fetching game stats 107/130: Tulane
    [cache] /games/players {'year': 2020, 'seasonType': 'regular', 'team': 'Tulane'}
  Fetching game stats 108/130: Tulsa
    [cache] /games/players {'year': 2020, 'seasonType': 'regular', 'team': 'Tulsa'}
  Fetching game stats 109/130: UAB
    [cache] /games/players {'year': 2020, 'seasonType': 'regular', 'team': 'UAB'}
  Fetching game stats 110/130: UCF
    [cache] /games/players {'year': 2020, 'seasonType': 'regular', 'team': 'UCF'}
  Fetching game stats 111/130: UCLA
    [cache] /games/players {'year': 2020, 'seasonType': 'regular', 'team': 'UCLA'}
  Fetching game stats 112/130: UConn
    [cache] /games/players {'year': 2020, 'seasonType': 'regular', 'team': 'UConn'}
  Fetching game stats 113/130: UL Monroe
    [cache] /games/players {'year': 2020, 'seasonType': 'regular', 'team': 'UL Monroe'}
  Fetching game stats 114/130: UNLV
    [cache] /games/players {'year': 2020, 'seasonType': 'regular', 'team': 'UNLV'}
  Fetching game stats 115/130: USC
    [cache] /games/players {'year': 2020, 'seasonType': 'regular', 'team': 'USC'}
  Fetching game stats 116/130: Utah
    [cache] /games/players {'year': 2020, 'seasonType': 'regular', 'team': 'Utah'}
  Fetching game stats 117/130: Utah State
    [cache] /games/players {'year': 2020, 'seasonType': 'regular', 'team': 'Utah State'}
  Fetching game stats 118/130: UTEP
    [cache] /games/players {'year': 2020, 'seasonType': 'regular', 'team': 'UTEP'}
  Fetching game stats 119/130: UTSA
    [cache] /games/players {'year': 2020, 'seasonType': 'regular', 'team': 'UTSA'}
  Fetching game stats 120/130: Vanderbilt
    [cache] /games/players {'year': 2020, 'seasonType': 'regular', 'team': 'Vanderbilt'}
  Fetching game stats 121/130: Virginia
    [cache] /games/players {'year': 2020, 'seasonType': 'regular', 'team': 'Virginia'}
  Fetching game stats 122/130: Virginia Tech
    [cache] /games/players {'year': 2020, 'seasonType': 'regular', 'team': 'Virginia Tech'}
  Fetching game stats 123/130: Wake Forest
    [cache] /games/players {'year': 2020, 'seasonType': 'regular', 'team': 'Wake Forest'}
  Fetching game stats 124/130: Washington
    [cache] /games/players {'year': 2020, 'seasonType': 'regular', 'team': 'Washington'}
  Fetching game stats 125/130: Washington State
    [cache] /games/players {'year': 2020, 'seasonType': 'regular', 'team': 'Washington State'}
  Fetching game stats 126/130: Western Kentucky
    [cache] /games/players {'year': 2020, 'seasonType': 'regular', 'team': 'Western Kentucky'}
  Fetching game stats 127/130: Western Michigan
    [cache] /games/players {'year': 2020, 'seasonType': 'regular', 'team': 'Western Michigan'}
  Fetching game stats 128/130: West Virginia
    [cache] /games/players {'year': 2020, 'seasonType': 'regular', 'team': 'West Virginia'}
  Fetching game stats 129/130: Wisconsin
    [cache] /games/players {'year': 2020, 'seasonType': 'regular', 'team': 'Wisconsin'}
  Fetching game stats 130/130: Wyoming
    [cache] /games/players {'year': 2020, 'seasonType': 'regular', 'team': 'Wyoming'}
  542 unique games with player stats fetched

[6c] Fetching drives and plays by week (weeks 1-16)...
    drives week 1/16
    [cache] /drives {'year': 2020, 'week': 1, 'seasonType': 'regular'}
    drives week 2/16
    [cache] /drives {'year': 2020, 'week': 2, 'seasonType': 'regular'}
    drives week 3/16
    [cache] /drives {'year': 2020, 'week': 3, 'seasonType': 'regular'}
    drives week 4/16
    [cache] /drives {'year': 2020, 'week': 4, 'seasonType': 'regular'}
    drives week 5/16
    [cache] /drives {'year': 2020, 'week': 5, 'seasonType': 'regular'}
    drives week 6/16
    [cache] /drives {'year': 2020, 'week': 6, 'seasonType': 'regular'}
    drives week 7/16
    [cache] /drives {'year': 2020, 'week': 7, 'seasonType': 'regular'}
    drives week 8/16
    [cache] /drives {'year': 2020, 'week': 8, 'seasonType': 'regular'}
    drives week 9/16
    [cache] /drives {'year': 2020, 'week': 9, 'seasonType': 'regular'}
    drives week 10/16
    [cache] /drives {'year': 2020, 'week': 10, 'seasonType': 'regular'}
    drives week 11/16
    [cache] /drives {'year': 2020, 'week': 11, 'seasonType': 'regular'}
    drives week 12/16
    [cache] /drives {'year': 2020, 'week': 12, 'seasonType': 'regular'}
    drives week 13/16
    [cache] /drives {'year': 2020, 'week': 13, 'seasonType': 'regular'}
    drives week 14/16
    [cache] /drives {'year': 2020, 'week': 14, 'seasonType': 'regular'}
    drives week 15/16
    [cache] /drives {'year': 2020, 'week': 15, 'seasonType': 'regular'}
    drives week 16/16
    [cache] /drives {'year': 2020, 'week': 16, 'seasonType': 'regular'}
  13506 total drives fetched
    plays week 1/16
    [cache] /plays {'year': 2020, 'week': 1, 'seasonType': 'regular'}
    plays week 2/16
    [cache] /plays {'year': 2020, 'week': 2, 'seasonType': 'regular'}
    plays week 3/16
    [cache] /plays {'year': 2020, 'week': 3, 'seasonType': 'regular'}
    plays week 4/16
    [cache] /plays {'year': 2020, 'week': 4, 'seasonType': 'regular'}
    plays week 5/16
    [cache] /plays {'year': 2020, 'week': 5, 'seasonType': 'regular'}
    plays week 6/16
    [cache] /plays {'year': 2020, 'week': 6, 'seasonType': 'regular'}
    plays week 7/16
    [cache] /plays {'year': 2020, 'week': 7, 'seasonType': 'regular'}
    plays week 8/16
    [cache] /plays {'year': 2020, 'week': 8, 'seasonType': 'regular'}
    plays week 9/16
    [cache] /plays {'year': 2020, 'week': 9, 'seasonType': 'regular'}
    plays week 10/16
    [cache] /plays {'year': 2020, 'week': 10, 'seasonType': 'regular'}
    plays week 11/16
    [cache] /plays {'year': 2020, 'week': 11, 'seasonType': 'regular'}
    plays week 12/16
    [cache] /plays {'year': 2020, 'week': 12, 'seasonType': 'regular'}
    plays week 13/16
    [cache] /plays {'year': 2020, 'week': 13, 'seasonType': 'regular'}
    plays week 14/16
    [cache] /plays {'year': 2020, 'week': 14, 'seasonType': 'regular'}
    plays week 15/16
    [cache] /plays {'year': 2020, 'week': 15, 'seasonType': 'regular'}
    plays week 16/16
    [cache] /plays {'year': 2020, 'week': 16, 'seasonType': 'regular'}
  98064 total plays fetched
  1087 rushers with parsed carry data (742 QBs excluded)

[7/7] Processing ratings...
  Building opponent-weighted stats from gamelog...
  7874 players with opponent-weighted stats
Building player gamelogs (early pass for gamelog-derived skills)...
  Gamelog-derived skills computed for 7874 players
Normalizing ratings...
Applying backup/no-data tier ratings...
  5646 backup/no-data players rated via star-anchor pathway
  OL boosts applied to 1182 player(s) (draft/awards/continuity)
Computing team ratings...
Generating public names...

  Year 2020 rating distribution:
    40-49:  4369 (26%) #############
    50-59:  2780 (17%) ########
    60-69:  4432 (27%) #############
    70-79:  2928 (18%) #########
    80-89:  1391 ( 8%) ####
    90-99:   287 ( 1%) 
    Min=40 Max=99 Median=62
  130 teams, 16187 players.
Building schedule, drives, and plays...
  563 games, 7874 players with gamelogs
  13506 drives, 98064 plays

Writing to C:\Projects\CFB-Video-Game\app\assets\data/
  2020/teams_private.json: 130 entries
  2020/teams_public.json: 130 entries
  2020/players_private.json: 16187 entries
  2020/players_public.json: 16187 entries
  2020/ratings.json: 16187 entries
  2020/team_schedule.json: 563 entries
  2020/player_gamelog.json: 7874 keys, 34868 entries
  2020/team_drives.json: 141 keys, 13506 entries
  2020/team_plays_wk*.json.gz: 16 weeks, 98064 plays
  Loaded 16148 player IDs from 2020 for continuity check

============================================================
  PROCESSING YEAR 2021
============================================================

[1/7] Fetching FBS teams...
    [cache] /teams/fbs {'year': 2021}
  Found 130 teams

[2/7] Fetching rosters...
  Fetching roster 1/130: Air Force
    [cache] /roster {'team': 'Air Force', 'year': 2021}
  Fetching roster 2/130: Akron
    [cache] /roster {'team': 'Akron', 'year': 2021}
  Fetching roster 3/130: Alabama
    [cache] /roster {'team': 'Alabama', 'year': 2021}
  Fetching roster 4/130: App State
    [cache] /roster {'team': 'App State', 'year': 2021}
  Fetching roster 5/130: Arizona
    [cache] /roster {'team': 'Arizona', 'year': 2021}
  Fetching roster 6/130: Arizona State
    [cache] /roster {'team': 'Arizona State', 'year': 2021}
  Fetching roster 7/130: Arkansas
    [cache] /roster {'team': 'Arkansas', 'year': 2021}
  Fetching roster 8/130: Arkansas State
    [cache] /roster {'team': 'Arkansas State', 'year': 2021}
  Fetching roster 9/130: Army
    [cache] /roster {'team': 'Army', 'year': 2021}
  Fetching roster 10/130: Auburn
    [cache] /roster {'team': 'Auburn', 'year': 2021}
  Fetching roster 11/130: Ball State
    [cache] /roster {'team': 'Ball State', 'year': 2021}
  Fetching roster 12/130: Baylor
    [cache] /roster {'team': 'Baylor', 'year': 2021}
  Fetching roster 13/130: Boise State
    [cache] /roster {'team': 'Boise State', 'year': 2021}
  Fetching roster 14/130: Boston College
    [cache] /roster {'team': 'Boston College', 'year': 2021}
  Fetching roster 15/130: Bowling Green
    [cache] /roster {'team': 'Bowling Green', 'year': 2021}
  Fetching roster 16/130: Buffalo
    [cache] /roster {'team': 'Buffalo', 'year': 2021}
  Fetching roster 17/130: BYU
    [cache] /roster {'team': 'BYU', 'year': 2021}
  Fetching roster 18/130: California
    [cache] /roster {'team': 'California', 'year': 2021}
  Fetching roster 19/130: Central Michigan
    [cache] /roster {'team': 'Central Michigan', 'year': 2021}
  Fetching roster 20/130: Charlotte
    [cache] /roster {'team': 'Charlotte', 'year': 2021}
  Fetching roster 21/130: Cincinnati
    [cache] /roster {'team': 'Cincinnati', 'year': 2021}
  Fetching roster 22/130: Clemson
    [cache] /roster {'team': 'Clemson', 'year': 2021}
  Fetching roster 23/130: Coastal Carolina
    [cache] /roster {'team': 'Coastal Carolina', 'year': 2021}
  Fetching roster 24/130: Colorado
    [cache] /roster {'team': 'Colorado', 'year': 2021}
  Fetching roster 25/130: Colorado State
    [cache] /roster {'team': 'Colorado State', 'year': 2021}
  Fetching roster 26/130: Duke
    [cache] /roster {'team': 'Duke', 'year': 2021}
  Fetching roster 27/130: East Carolina
    [cache] /roster {'team': 'East Carolina', 'year': 2021}
  Fetching roster 28/130: Eastern Michigan
    [cache] /roster {'team': 'Eastern Michigan', 'year': 2021}
  Fetching roster 29/130: Florida
    [cache] /roster {'team': 'Florida', 'year': 2021}
  Fetching roster 30/130: Florida Atlantic
    [cache] /roster {'team': 'Florida Atlantic', 'year': 2021}
  Fetching roster 31/130: Florida International
    [cache] /roster {'team': 'Florida International', 'year': 2021}
  Fetching roster 32/130: Florida State
    [cache] /roster {'team': 'Florida State', 'year': 2021}
  Fetching roster 33/130: Fresno State
    [cache] /roster {'team': 'Fresno State', 'year': 2021}
  Fetching roster 34/130: Georgia
    [cache] /roster {'team': 'Georgia', 'year': 2021}
  Fetching roster 35/130: Georgia Southern
    [cache] /roster {'team': 'Georgia Southern', 'year': 2021}
  Fetching roster 36/130: Georgia State
    [cache] /roster {'team': 'Georgia State', 'year': 2021}
  Fetching roster 37/130: Georgia Tech
    [cache] /roster {'team': 'Georgia Tech', 'year': 2021}
  Fetching roster 38/130: Hawai'i
    [cache] /roster {'team': "Hawai'i", 'year': 2021}
  Fetching roster 39/130: Houston
    [cache] /roster {'team': 'Houston', 'year': 2021}
  Fetching roster 40/130: Illinois
    [cache] /roster {'team': 'Illinois', 'year': 2021}
  Fetching roster 41/130: Indiana
    [cache] /roster {'team': 'Indiana', 'year': 2021}
  Fetching roster 42/130: Iowa
    [cache] /roster {'team': 'Iowa', 'year': 2021}
  Fetching roster 43/130: Iowa State
    [cache] /roster {'team': 'Iowa State', 'year': 2021}
  Fetching roster 44/130: Kansas
    [cache] /roster {'team': 'Kansas', 'year': 2021}
  Fetching roster 45/130: Kansas State
    [cache] /roster {'team': 'Kansas State', 'year': 2021}
  Fetching roster 46/130: Kent State
    [cache] /roster {'team': 'Kent State', 'year': 2021}
  Fetching roster 47/130: Kentucky
    [cache] /roster {'team': 'Kentucky', 'year': 2021}
  Fetching roster 48/130: Liberty
    [cache] /roster {'team': 'Liberty', 'year': 2021}
  Fetching roster 49/130: Louisiana
    [cache] /roster {'team': 'Louisiana', 'year': 2021}
  Fetching roster 50/130: Louisiana Tech
    [cache] /roster {'team': 'Louisiana Tech', 'year': 2021}
  Fetching roster 51/130: Louisville
    [cache] /roster {'team': 'Louisville', 'year': 2021}
  Fetching roster 52/130: LSU
    [cache] /roster {'team': 'LSU', 'year': 2021}
  Fetching roster 53/130: Marshall
    [cache] /roster {'team': 'Marshall', 'year': 2021}
  Fetching roster 54/130: Maryland
    [cache] /roster {'team': 'Maryland', 'year': 2021}
  Fetching roster 55/130: Massachusetts
    [cache] /roster {'team': 'Massachusetts', 'year': 2021}
  Fetching roster 56/130: Memphis
    [cache] /roster {'team': 'Memphis', 'year': 2021}
  Fetching roster 57/130: Miami
    [cache] /roster {'team': 'Miami', 'year': 2021}
  Fetching roster 58/130: Miami (OH)
    [cache] /roster {'team': 'Miami (OH)', 'year': 2021}
  Fetching roster 59/130: Michigan
    [cache] /roster {'team': 'Michigan', 'year': 2021}
  Fetching roster 60/130: Michigan State
    [cache] /roster {'team': 'Michigan State', 'year': 2021}
  Fetching roster 61/130: Middle Tennessee
    [cache] /roster {'team': 'Middle Tennessee', 'year': 2021}
  Fetching roster 62/130: Minnesota
    [cache] /roster {'team': 'Minnesota', 'year': 2021}
  Fetching roster 63/130: Mississippi State
    [cache] /roster {'team': 'Mississippi State', 'year': 2021}
  Fetching roster 64/130: Missouri
    [cache] /roster {'team': 'Missouri', 'year': 2021}
  Fetching roster 65/130: Navy
    [cache] /roster {'team': 'Navy', 'year': 2021}
  Fetching roster 66/130: NC State
    [cache] /roster {'team': 'NC State', 'year': 2021}
  Fetching roster 67/130: Nebraska
    [cache] /roster {'team': 'Nebraska', 'year': 2021}
  Fetching roster 68/130: Nevada
    [cache] /roster {'team': 'Nevada', 'year': 2021}
  Fetching roster 69/130: New Mexico
    [cache] /roster {'team': 'New Mexico', 'year': 2021}
  Fetching roster 70/130: New Mexico State
    [cache] /roster {'team': 'New Mexico State', 'year': 2021}
  Fetching roster 71/130: North Carolina
    [cache] /roster {'team': 'North Carolina', 'year': 2021}
  Fetching roster 72/130: Northern Illinois
    [cache] /roster {'team': 'Northern Illinois', 'year': 2021}
  Fetching roster 73/130: North Texas
    [cache] /roster {'team': 'North Texas', 'year': 2021}
  Fetching roster 74/130: Northwestern
    [cache] /roster {'team': 'Northwestern', 'year': 2021}
  Fetching roster 75/130: Notre Dame
    [cache] /roster {'team': 'Notre Dame', 'year': 2021}
  Fetching roster 76/130: Ohio
    [cache] /roster {'team': 'Ohio', 'year': 2021}
  Fetching roster 77/130: Ohio State
    [cache] /roster {'team': 'Ohio State', 'year': 2021}
  Fetching roster 78/130: Oklahoma
    [cache] /roster {'team': 'Oklahoma', 'year': 2021}
  Fetching roster 79/130: Oklahoma State
    [cache] /roster {'team': 'Oklahoma State', 'year': 2021}
  Fetching roster 80/130: Old Dominion
    [cache] /roster {'team': 'Old Dominion', 'year': 2021}
  Fetching roster 81/130: Ole Miss
    [cache] /roster {'team': 'Ole Miss', 'year': 2021}
  Fetching roster 82/130: Oregon
    [cache] /roster {'team': 'Oregon', 'year': 2021}
  Fetching roster 83/130: Oregon State
    [cache] /roster {'team': 'Oregon State', 'year': 2021}
  Fetching roster 84/130: Penn State
    [cache] /roster {'team': 'Penn State', 'year': 2021}
  Fetching roster 85/130: Pittsburgh
    [cache] /roster {'team': 'Pittsburgh', 'year': 2021}
  Fetching roster 86/130: Purdue
    [cache] /roster {'team': 'Purdue', 'year': 2021}
  Fetching roster 87/130: Rice
    [cache] /roster {'team': 'Rice', 'year': 2021}
  Fetching roster 88/130: Rutgers
    [cache] /roster {'team': 'Rutgers', 'year': 2021}
  Fetching roster 89/130: San Diego State
    [cache] /roster {'team': 'San Diego State', 'year': 2021}
  Fetching roster 90/130: San José State
    [cache] /roster {'team': 'San José State', 'year': 2021}
  Fetching roster 91/130: SMU
    [cache] /roster {'team': 'SMU', 'year': 2021}
  Fetching roster 92/130: South Alabama
    [cache] /roster {'team': 'South Alabama', 'year': 2021}
  Fetching roster 93/130: South Carolina
    [cache] /roster {'team': 'South Carolina', 'year': 2021}
  Fetching roster 94/130: Southern Miss
    [cache] /roster {'team': 'Southern Miss', 'year': 2021}
  Fetching roster 95/130: South Florida
    [cache] /roster {'team': 'South Florida', 'year': 2021}
  Fetching roster 96/130: Stanford
    [cache] /roster {'team': 'Stanford', 'year': 2021}
  Fetching roster 97/130: Syracuse
    [cache] /roster {'team': 'Syracuse', 'year': 2021}
  Fetching roster 98/130: TCU
    [cache] /roster {'team': 'TCU', 'year': 2021}
  Fetching roster 99/130: Temple
    [cache] /roster {'team': 'Temple', 'year': 2021}
  Fetching roster 100/130: Tennessee
    [cache] /roster {'team': 'Tennessee', 'year': 2021}
  Fetching roster 101/130: Texas
    [cache] /roster {'team': 'Texas', 'year': 2021}
  Fetching roster 102/130: Texas A&M
    [cache] /roster {'team': 'Texas A&M', 'year': 2021}
  Fetching roster 103/130: Texas State
    [cache] /roster {'team': 'Texas State', 'year': 2021}
  Fetching roster 104/130: Texas Tech
    [cache] /roster {'team': 'Texas Tech', 'year': 2021}
  Fetching roster 105/130: Toledo
    [cache] /roster {'team': 'Toledo', 'year': 2021}
  Fetching roster 106/130: Troy
    [cache] /roster {'team': 'Troy', 'year': 2021}
  Fetching roster 107/130: Tulane
    [cache] /roster {'team': 'Tulane', 'year': 2021}
  Fetching roster 108/130: Tulsa
    [cache] /roster {'team': 'Tulsa', 'year': 2021}
  Fetching roster 109/130: UAB
    [cache] /roster {'team': 'UAB', 'year': 2021}
  Fetching roster 110/130: UCF
    [cache] /roster {'team': 'UCF', 'year': 2021}
  Fetching roster 111/130: UCLA
    [cache] /roster {'team': 'UCLA', 'year': 2021}
  Fetching roster 112/130: UConn
    [cache] /roster {'team': 'UConn', 'year': 2021}
  Fetching roster 113/130: UL Monroe
    [cache] /roster {'team': 'UL Monroe', 'year': 2021}
  Fetching roster 114/130: UNLV
    [cache] /roster {'team': 'UNLV', 'year': 2021}
  Fetching roster 115/130: USC
    [cache] /roster {'team': 'USC', 'year': 2021}
  Fetching roster 116/130: Utah
    [cache] /roster {'team': 'Utah', 'year': 2021}
  Fetching roster 117/130: Utah State
    [cache] /roster {'team': 'Utah State', 'year': 2021}
  Fetching roster 118/130: UTEP
    [cache] /roster {'team': 'UTEP', 'year': 2021}
  Fetching roster 119/130: UTSA
    [cache] /roster {'team': 'UTSA', 'year': 2021}
  Fetching roster 120/130: Vanderbilt
    [cache] /roster {'team': 'Vanderbilt', 'year': 2021}
  Fetching roster 121/130: Virginia
    [cache] /roster {'team': 'Virginia', 'year': 2021}
  Fetching roster 122/130: Virginia Tech
    [cache] /roster {'team': 'Virginia Tech', 'year': 2021}
  Fetching roster 123/130: Wake Forest
    [cache] /roster {'team': 'Wake Forest', 'year': 2021}
  Fetching roster 124/130: Washington
    [cache] /roster {'team': 'Washington', 'year': 2021}
  Fetching roster 125/130: Washington State
    [cache] /roster {'team': 'Washington State', 'year': 2021}
  Fetching roster 126/130: Western Kentucky
    [cache] /roster {'team': 'Western Kentucky', 'year': 2021}
  Fetching roster 127/130: Western Michigan
    [cache] /roster {'team': 'Western Michigan', 'year': 2021}
  Fetching roster 128/130: West Virginia
    [cache] /roster {'team': 'West Virginia', 'year': 2021}
  Fetching roster 129/130: Wisconsin
    [cache] /roster {'team': 'Wisconsin', 'year': 2021}
  Fetching roster 130/130: Wyoming
    [cache] /roster {'team': 'Wyoming', 'year': 2021}

[3/7] Fetching player stats...
    [cache] /stats/player/season {'year': 2021, 'seasonType': 'regular'}
  11716 player stat entries

[3b] Fetching player usage...
    [cache] /player/usage {'year': 2021, 'seasonType': 'regular'}
  3288 usage entries

[3c] Fetching player awards...
    GET /awards {'year': 2021}
    WARNING: /awards {'year': 2021} failed: Expecting value: line 2 column 1 (char 1)
  0 award entries
  0 OL draft picks mapped for 2022 NFL Draft

[4/7] Fetching PPA data...
    [cache] /ppa/players/season {'year': 2021}
  3288 PPA entries

[5/7] Fetching team stats + SP+ + talent...
    [cache] /stats/season {'year': 2021}
    [cache] /ratings/sp {'year': 2021}
    [cache] /talent {'year': 2021}

[6/7] Fetching recruiting data...
    Class 2017...
    [cache] /recruiting/players {'year': 2017}
    Class 2018...
    [cache] /recruiting/players {'year': 2018}
    Class 2019...
    [cache] /recruiting/players {'year': 2019}
    Class 2020...
    [cache] /recruiting/players {'year': 2020}
    Class 2021...
    [cache] /recruiting/players {'year': 2021}

[6b] Fetching game results and player game stats (Phase 2)...
    [cache] /games {'year': 2021, 'seasonType': 'regular'}
  2408 games fetched
  Fetching game stats 1/130: Air Force
    [cache] /games/players {'year': 2021, 'seasonType': 'regular', 'team': 'Air Force'}
  Fetching game stats 2/130: Akron
    [cache] /games/players {'year': 2021, 'seasonType': 'regular', 'team': 'Akron'}
  Fetching game stats 3/130: Alabama
    [cache] /games/players {'year': 2021, 'seasonType': 'regular', 'team': 'Alabama'}
  Fetching game stats 4/130: App State
    [cache] /games/players {'year': 2021, 'seasonType': 'regular', 'team': 'App State'}
  Fetching game stats 5/130: Arizona
    [cache] /games/players {'year': 2021, 'seasonType': 'regular', 'team': 'Arizona'}
  Fetching game stats 6/130: Arizona State
    [cache] /games/players {'year': 2021, 'seasonType': 'regular', 'team': 'Arizona State'}
  Fetching game stats 7/130: Arkansas
    [cache] /games/players {'year': 2021, 'seasonType': 'regular', 'team': 'Arkansas'}
  Fetching game stats 8/130: Arkansas State
    [cache] /games/players {'year': 2021, 'seasonType': 'regular', 'team': 'Arkansas State'}
  Fetching game stats 9/130: Army
    [cache] /games/players {'year': 2021, 'seasonType': 'regular', 'team': 'Army'}
  Fetching game stats 10/130: Auburn
    [cache] /games/players {'year': 2021, 'seasonType': 'regular', 'team': 'Auburn'}
  Fetching game stats 11/130: Ball State
    [cache] /games/players {'year': 2021, 'seasonType': 'regular', 'team': 'Ball State'}
  Fetching game stats 12/130: Baylor
    [cache] /games/players {'year': 2021, 'seasonType': 'regular', 'team': 'Baylor'}
  Fetching game stats 13/130: Boise State
    [cache] /games/players {'year': 2021, 'seasonType': 'regular', 'team': 'Boise State'}
  Fetching game stats 14/130: Boston College
    [cache] /games/players {'year': 2021, 'seasonType': 'regular', 'team': 'Boston College'}
  Fetching game stats 15/130: Bowling Green
    [cache] /games/players {'year': 2021, 'seasonType': 'regular', 'team': 'Bowling Green'}
  Fetching game stats 16/130: Buffalo
    [cache] /games/players {'year': 2021, 'seasonType': 'regular', 'team': 'Buffalo'}
  Fetching game stats 17/130: BYU
    [cache] /games/players {'year': 2021, 'seasonType': 'regular', 'team': 'BYU'}
  Fetching game stats 18/130: California
    [cache] /games/players {'year': 2021, 'seasonType': 'regular', 'team': 'California'}
  Fetching game stats 19/130: Central Michigan
    [cache] /games/players {'year': 2021, 'seasonType': 'regular', 'team': 'Central Michigan'}
  Fetching game stats 20/130: Charlotte
    [cache] /games/players {'year': 2021, 'seasonType': 'regular', 'team': 'Charlotte'}
  Fetching game stats 21/130: Cincinnati
    [cache] /games/players {'year': 2021, 'seasonType': 'regular', 'team': 'Cincinnati'}
  Fetching game stats 22/130: Clemson
    [cache] /games/players {'year': 2021, 'seasonType': 'regular', 'team': 'Clemson'}
  Fetching game stats 23/130: Coastal Carolina
    [cache] /games/players {'year': 2021, 'seasonType': 'regular', 'team': 'Coastal Carolina'}
  Fetching game stats 24/130: Colorado
    [cache] /games/players {'year': 2021, 'seasonType': 'regular', 'team': 'Colorado'}
  Fetching game stats 25/130: Colorado State
    [cache] /games/players {'year': 2021, 'seasonType': 'regular', 'team': 'Colorado State'}
  Fetching game stats 26/130: Duke
    [cache] /games/players {'year': 2021, 'seasonType': 'regular', 'team': 'Duke'}
  Fetching game stats 27/130: East Carolina
    [cache] /games/players {'year': 2021, 'seasonType': 'regular', 'team': 'East Carolina'}
  Fetching game stats 28/130: Eastern Michigan
    [cache] /games/players {'year': 2021, 'seasonType': 'regular', 'team': 'Eastern Michigan'}
  Fetching game stats 29/130: Florida
    [cache] /games/players {'year': 2021, 'seasonType': 'regular', 'team': 'Florida'}
  Fetching game stats 30/130: Florida Atlantic
    [cache] /games/players {'year': 2021, 'seasonType': 'regular', 'team': 'Florida Atlantic'}
  Fetching game stats 31/130: Florida International
    [cache] /games/players {'year': 2021, 'seasonType': 'regular', 'team': 'Florida International'}
  Fetching game stats 32/130: Florida State
    [cache] /games/players {'year': 2021, 'seasonType': 'regular', 'team': 'Florida State'}
  Fetching game stats 33/130: Fresno State
    [cache] /games/players {'year': 2021, 'seasonType': 'regular', 'team': 'Fresno State'}
  Fetching game stats 34/130: Georgia
    [cache] /games/players {'year': 2021, 'seasonType': 'regular', 'team': 'Georgia'}
  Fetching game stats 35/130: Georgia Southern
    [cache] /games/players {'year': 2021, 'seasonType': 'regular', 'team': 'Georgia Southern'}
  Fetching game stats 36/130: Georgia State
    [cache] /games/players {'year': 2021, 'seasonType': 'regular', 'team': 'Georgia State'}
  Fetching game stats 37/130: Georgia Tech
    [cache] /games/players {'year': 2021, 'seasonType': 'regular', 'team': 'Georgia Tech'}
  Fetching game stats 38/130: Hawai'i
    [cache] /games/players {'year': 2021, 'seasonType': 'regular', 'team': "Hawai'i"}
  Fetching game stats 39/130: Houston
    [cache] /games/players {'year': 2021, 'seasonType': 'regular', 'team': 'Houston'}
  Fetching game stats 40/130: Illinois
    [cache] /games/players {'year': 2021, 'seasonType': 'regular', 'team': 'Illinois'}
  Fetching game stats 41/130: Indiana
    [cache] /games/players {'year': 2021, 'seasonType': 'regular', 'team': 'Indiana'}
  Fetching game stats 42/130: Iowa
    [cache] /games/players {'year': 2021, 'seasonType': 'regular', 'team': 'Iowa'}
  Fetching game stats 43/130: Iowa State
    [cache] /games/players {'year': 2021, 'seasonType': 'regular', 'team': 'Iowa State'}
  Fetching game stats 44/130: Kansas
    [cache] /games/players {'year': 2021, 'seasonType': 'regular', 'team': 'Kansas'}
  Fetching game stats 45/130: Kansas State
    [cache] /games/players {'year': 2021, 'seasonType': 'regular', 'team': 'Kansas State'}
  Fetching game stats 46/130: Kent State
    [cache] /games/players {'year': 2021, 'seasonType': 'regular', 'team': 'Kent State'}
  Fetching game stats 47/130: Kentucky
    [cache] /games/players {'year': 2021, 'seasonType': 'regular', 'team': 'Kentucky'}
  Fetching game stats 48/130: Liberty
    [cache] /games/players {'year': 2021, 'seasonType': 'regular', 'team': 'Liberty'}
  Fetching game stats 49/130: Louisiana
    [cache] /games/players {'year': 2021, 'seasonType': 'regular', 'team': 'Louisiana'}
  Fetching game stats 50/130: Louisiana Tech
    [cache] /games/players {'year': 2021, 'seasonType': 'regular', 'team': 'Louisiana Tech'}
  Fetching game stats 51/130: Louisville
    [cache] /games/players {'year': 2021, 'seasonType': 'regular', 'team': 'Louisville'}
  Fetching game stats 52/130: LSU
    [cache] /games/players {'year': 2021, 'seasonType': 'regular', 'team': 'LSU'}
  Fetching game stats 53/130: Marshall
    [cache] /games/players {'year': 2021, 'seasonType': 'regular', 'team': 'Marshall'}
  Fetching game stats 54/130: Maryland
    [cache] /games/players {'year': 2021, 'seasonType': 'regular', 'team': 'Maryland'}
  Fetching game stats 55/130: Massachusetts
    [cache] /games/players {'year': 2021, 'seasonType': 'regular', 'team': 'Massachusetts'}
  Fetching game stats 56/130: Memphis
    [cache] /games/players {'year': 2021, 'seasonType': 'regular', 'team': 'Memphis'}
  Fetching game stats 57/130: Miami
    [cache] /games/players {'year': 2021, 'seasonType': 'regular', 'team': 'Miami'}
  Fetching game stats 58/130: Miami (OH)
    [cache] /games/players {'year': 2021, 'seasonType': 'regular', 'team': 'Miami (OH)'}
  Fetching game stats 59/130: Michigan
    [cache] /games/players {'year': 2021, 'seasonType': 'regular', 'team': 'Michigan'}
  Fetching game stats 60/130: Michigan State
    [cache] /games/players {'year': 2021, 'seasonType': 'regular', 'team': 'Michigan State'}
  Fetching game stats 61/130: Middle Tennessee
    [cache] /games/players {'year': 2021, 'seasonType': 'regular', 'team': 'Middle Tennessee'}
  Fetching game stats 62/130: Minnesota
    [cache] /games/players {'year': 2021, 'seasonType': 'regular', 'team': 'Minnesota'}
  Fetching game stats 63/130: Mississippi State
    [cache] /games/players {'year': 2021, 'seasonType': 'regular', 'team': 'Mississippi State'}
  Fetching game stats 64/130: Missouri
    [cache] /games/players {'year': 2021, 'seasonType': 'regular', 'team': 'Missouri'}
  Fetching game stats 65/130: Navy
    [cache] /games/players {'year': 2021, 'seasonType': 'regular', 'team': 'Navy'}
  Fetching game stats 66/130: NC State
    [cache] /games/players {'year': 2021, 'seasonType': 'regular', 'team': 'NC State'}
  Fetching game stats 67/130: Nebraska
    [cache] /games/players {'year': 2021, 'seasonType': 'regular', 'team': 'Nebraska'}
  Fetching game stats 68/130: Nevada
    [cache] /games/players {'year': 2021, 'seasonType': 'regular', 'team': 'Nevada'}
  Fetching game stats 69/130: New Mexico
    [cache] /games/players {'year': 2021, 'seasonType': 'regular', 'team': 'New Mexico'}
  Fetching game stats 70/130: New Mexico State
    [cache] /games/players {'year': 2021, 'seasonType': 'regular', 'team': 'New Mexico State'}
  Fetching game stats 71/130: North Carolina
    [cache] /games/players {'year': 2021, 'seasonType': 'regular', 'team': 'North Carolina'}
  Fetching game stats 72/130: Northern Illinois
    [cache] /games/players {'year': 2021, 'seasonType': 'regular', 'team': 'Northern Illinois'}
  Fetching game stats 73/130: North Texas
    [cache] /games/players {'year': 2021, 'seasonType': 'regular', 'team': 'North Texas'}
  Fetching game stats 74/130: Northwestern
    [cache] /games/players {'year': 2021, 'seasonType': 'regular', 'team': 'Northwestern'}
  Fetching game stats 75/130: Notre Dame
    [cache] /games/players {'year': 2021, 'seasonType': 'regular', 'team': 'Notre Dame'}
  Fetching game stats 76/130: Ohio
    [cache] /games/players {'year': 2021, 'seasonType': 'regular', 'team': 'Ohio'}
  Fetching game stats 77/130: Ohio State
    [cache] /games/players {'year': 2021, 'seasonType': 'regular', 'team': 'Ohio State'}
  Fetching game stats 78/130: Oklahoma
    [cache] /games/players {'year': 2021, 'seasonType': 'regular', 'team': 'Oklahoma'}
  Fetching game stats 79/130: Oklahoma State
    [cache] /games/players {'year': 2021, 'seasonType': 'regular', 'team': 'Oklahoma State'}
  Fetching game stats 80/130: Old Dominion
    [cache] /games/players {'year': 2021, 'seasonType': 'regular', 'team': 'Old Dominion'}
  Fetching game stats 81/130: Ole Miss
    [cache] /games/players {'year': 2021, 'seasonType': 'regular', 'team': 'Ole Miss'}
  Fetching game stats 82/130: Oregon
    [cache] /games/players {'year': 2021, 'seasonType': 'regular', 'team': 'Oregon'}
  Fetching game stats 83/130: Oregon State
    [cache] /games/players {'year': 2021, 'seasonType': 'regular', 'team': 'Oregon State'}
  Fetching game stats 84/130: Penn State
    [cache] /games/players {'year': 2021, 'seasonType': 'regular', 'team': 'Penn State'}
  Fetching game stats 85/130: Pittsburgh
    [cache] /games/players {'year': 2021, 'seasonType': 'regular', 'team': 'Pittsburgh'}
  Fetching game stats 86/130: Purdue
    [cache] /games/players {'year': 2021, 'seasonType': 'regular', 'team': 'Purdue'}
  Fetching game stats 87/130: Rice
    [cache] /games/players {'year': 2021, 'seasonType': 'regular', 'team': 'Rice'}
  Fetching game stats 88/130: Rutgers
    [cache] /games/players {'year': 2021, 'seasonType': 'regular', 'team': 'Rutgers'}
  Fetching game stats 89/130: San Diego State
    [cache] /games/players {'year': 2021, 'seasonType': 'regular', 'team': 'San Diego State'}
  Fetching game stats 90/130: San José State
    [cache] /games/players {'year': 2021, 'seasonType': 'regular', 'team': 'San José State'}
  Fetching game stats 91/130: SMU
    [cache] /games/players {'year': 2021, 'seasonType': 'regular', 'team': 'SMU'}
  Fetching game stats 92/130: South Alabama
    [cache] /games/players {'year': 2021, 'seasonType': 'regular', 'team': 'South Alabama'}
  Fetching game stats 93/130: South Carolina
    [cache] /games/players {'year': 2021, 'seasonType': 'regular', 'team': 'South Carolina'}
  Fetching game stats 94/130: Southern Miss
    [cache] /games/players {'year': 2021, 'seasonType': 'regular', 'team': 'Southern Miss'}
  Fetching game stats 95/130: South Florida
    [cache] /games/players {'year': 2021, 'seasonType': 'regular', 'team': 'South Florida'}
  Fetching game stats 96/130: Stanford
    [cache] /games/players {'year': 2021, 'seasonType': 'regular', 'team': 'Stanford'}
  Fetching game stats 97/130: Syracuse
    [cache] /games/players {'year': 2021, 'seasonType': 'regular', 'team': 'Syracuse'}
  Fetching game stats 98/130: TCU
    [cache] /games/players {'year': 2021, 'seasonType': 'regular', 'team': 'TCU'}
  Fetching game stats 99/130: Temple
    [cache] /games/players {'year': 2021, 'seasonType': 'regular', 'team': 'Temple'}
  Fetching game stats 100/130: Tennessee
    [cache] /games/players {'year': 2021, 'seasonType': 'regular', 'team': 'Tennessee'}
  Fetching game stats 101/130: Texas
    [cache] /games/players {'year': 2021, 'seasonType': 'regular', 'team': 'Texas'}
  Fetching game stats 102/130: Texas A&M
    [cache] /games/players {'year': 2021, 'seasonType': 'regular', 'team': 'Texas A&M'}
  Fetching game stats 103/130: Texas State
    [cache] /games/players {'year': 2021, 'seasonType': 'regular', 'team': 'Texas State'}
  Fetching game stats 104/130: Texas Tech
    [cache] /games/players {'year': 2021, 'seasonType': 'regular', 'team': 'Texas Tech'}
  Fetching game stats 105/130: Toledo
    [cache] /games/players {'year': 2021, 'seasonType': 'regular', 'team': 'Toledo'}
  Fetching game stats 106/130: Troy
    [cache] /games/players {'year': 2021, 'seasonType': 'regular', 'team': 'Troy'}
  Fetching game stats 107/130: Tulane
    [cache] /games/players {'year': 2021, 'seasonType': 'regular', 'team': 'Tulane'}
  Fetching game stats 108/130: Tulsa
    [cache] /games/players {'year': 2021, 'seasonType': 'regular', 'team': 'Tulsa'}
  Fetching game stats 109/130: UAB
    [cache] /games/players {'year': 2021, 'seasonType': 'regular', 'team': 'UAB'}
  Fetching game stats 110/130: UCF
    [cache] /games/players {'year': 2021, 'seasonType': 'regular', 'team': 'UCF'}
  Fetching game stats 111/130: UCLA
    [cache] /games/players {'year': 2021, 'seasonType': 'regular', 'team': 'UCLA'}
  Fetching game stats 112/130: UConn
    [cache] /games/players {'year': 2021, 'seasonType': 'regular', 'team': 'UConn'}
  Fetching game stats 113/130: UL Monroe
    [cache] /games/players {'year': 2021, 'seasonType': 'regular', 'team': 'UL Monroe'}
  Fetching game stats 114/130: UNLV
    [cache] /games/players {'year': 2021, 'seasonType': 'regular', 'team': 'UNLV'}
  Fetching game stats 115/130: USC
    [cache] /games/players {'year': 2021, 'seasonType': 'regular', 'team': 'USC'}
  Fetching game stats 116/130: Utah
    [cache] /games/players {'year': 2021, 'seasonType': 'regular', 'team': 'Utah'}
  Fetching game stats 117/130: Utah State
    [cache] /games/players {'year': 2021, 'seasonType': 'regular', 'team': 'Utah State'}
  Fetching game stats 118/130: UTEP
    [cache] /games/players {'year': 2021, 'seasonType': 'regular', 'team': 'UTEP'}
  Fetching game stats 119/130: UTSA
    [cache] /games/players {'year': 2021, 'seasonType': 'regular', 'team': 'UTSA'}
  Fetching game stats 120/130: Vanderbilt
    [cache] /games/players {'year': 2021, 'seasonType': 'regular', 'team': 'Vanderbilt'}
  Fetching game stats 121/130: Virginia
    [cache] /games/players {'year': 2021, 'seasonType': 'regular', 'team': 'Virginia'}
  Fetching game stats 122/130: Virginia Tech
    [cache] /games/players {'year': 2021, 'seasonType': 'regular', 'team': 'Virginia Tech'}
  Fetching game stats 123/130: Wake Forest
    [cache] /games/players {'year': 2021, 'seasonType': 'regular', 'team': 'Wake Forest'}
  Fetching game stats 124/130: Washington
    [cache] /games/players {'year': 2021, 'seasonType': 'regular', 'team': 'Washington'}
  Fetching game stats 125/130: Washington State
    [cache] /games/players {'year': 2021, 'seasonType': 'regular', 'team': 'Washington State'}
  Fetching game stats 126/130: Western Kentucky
    [cache] /games/players {'year': 2021, 'seasonType': 'regular', 'team': 'Western Kentucky'}
  Fetching game stats 127/130: Western Michigan
    [cache] /games/players {'year': 2021, 'seasonType': 'regular', 'team': 'Western Michigan'}
  Fetching game stats 128/130: West Virginia
    [cache] /games/players {'year': 2021, 'seasonType': 'regular', 'team': 'West Virginia'}
  Fetching game stats 129/130: Wisconsin
    [cache] /games/players {'year': 2021, 'seasonType': 'regular', 'team': 'Wisconsin'}
  Fetching game stats 130/130: Wyoming
    [cache] /games/players {'year': 2021, 'seasonType': 'regular', 'team': 'Wyoming'}
  849 unique games with player stats fetched

[6c] Fetching drives and plays by week (weeks 1-16)...
    drives week 1/16
    [cache] /drives {'year': 2021, 'week': 1, 'seasonType': 'regular'}
    drives week 2/16
    [cache] /drives {'year': 2021, 'week': 2, 'seasonType': 'regular'}
    drives week 3/16
    [cache] /drives {'year': 2021, 'week': 3, 'seasonType': 'regular'}
    drives week 4/16
    [cache] /drives {'year': 2021, 'week': 4, 'seasonType': 'regular'}
    drives week 5/16
    [cache] /drives {'year': 2021, 'week': 5, 'seasonType': 'regular'}
    drives week 6/16
    [cache] /drives {'year': 2021, 'week': 6, 'seasonType': 'regular'}
    drives week 7/16
    [cache] /drives {'year': 2021, 'week': 7, 'seasonType': 'regular'}
    drives week 8/16
    [cache] /drives {'year': 2021, 'week': 8, 'seasonType': 'regular'}
    drives week 9/16
    [cache] /drives {'year': 2021, 'week': 9, 'seasonType': 'regular'}
    drives week 10/16
    [cache] /drives {'year': 2021, 'week': 10, 'seasonType': 'regular'}
    drives week 11/16
    [cache] /drives {'year': 2021, 'week': 11, 'seasonType': 'regular'}
    drives week 12/16
    [cache] /drives {'year': 2021, 'week': 12, 'seasonType': 'regular'}
    drives week 13/16
    [cache] /drives {'year': 2021, 'week': 13, 'seasonType': 'regular'}
    drives week 14/16
    [cache] /drives {'year': 2021, 'week': 14, 'seasonType': 'regular'}
    drives week 15/16
    [cache] /drives {'year': 2021, 'week': 15, 'seasonType': 'regular'}
    drives week 16/16
    [cache] /drives {'year': 2021, 'week': 16, 'seasonType': 'regular'}
  20714 total drives fetched
    plays week 1/16
    [cache] /plays {'year': 2021, 'week': 1, 'seasonType': 'regular'}
    plays week 2/16
    [cache] /plays {'year': 2021, 'week': 2, 'seasonType': 'regular'}
    plays week 3/16
    [cache] /plays {'year': 2021, 'week': 3, 'seasonType': 'regular'}
    plays week 4/16
    [cache] /plays {'year': 2021, 'week': 4, 'seasonType': 'regular'}
    plays week 5/16
    [cache] /plays {'year': 2021, 'week': 5, 'seasonType': 'regular'}
    plays week 6/16
    [cache] /plays {'year': 2021, 'week': 6, 'seasonType': 'regular'}
    plays week 7/16
    [cache] /plays {'year': 2021, 'week': 7, 'seasonType': 'regular'}
    plays week 8/16
    [cache] /plays {'year': 2021, 'week': 8, 'seasonType': 'regular'}
    plays week 9/16
    [cache] /plays {'year': 2021, 'week': 9, 'seasonType': 'regular'}
    plays week 10/16
    [cache] /plays {'year': 2021, 'week': 10, 'seasonType': 'regular'}
    plays week 11/16
    [cache] /plays {'year': 2021, 'week': 11, 'seasonType': 'regular'}
    plays week 12/16
    [cache] /plays {'year': 2021, 'week': 12, 'seasonType': 'regular'}
    plays week 13/16
    [cache] /plays {'year': 2021, 'week': 13, 'seasonType': 'regular'}
    plays week 14/16
    [cache] /plays {'year': 2021, 'week': 14, 'seasonType': 'regular'}
    plays week 15/16
    [cache] /plays {'year': 2021, 'week': 15, 'seasonType': 'regular'}
    plays week 16/16
    [cache] /plays {'year': 2021, 'week': 16, 'seasonType': 'regular'}
  151769 total plays fetched
  1572 rushers with parsed carry data (679 QBs excluded)

[7/7] Processing ratings...
  Building opponent-weighted stats from gamelog...
  11804 players with opponent-weighted stats
Building player gamelogs (early pass for gamelog-derived skills)...
  Gamelog-derived skills computed for 11804 players
Normalizing ratings...
Applying backup/no-data tier ratings...
  4148 backup/no-data players rated via star-anchor pathway
  OL boosts applied to 1267 player(s) (draft/awards/continuity)
Computing team ratings...
Generating public names...

  Year 2021 rating distribution:
    40-49:  3256 (21%) ##########
    50-59:  2490 (16%) ########
    60-69:  4571 (30%) ###############
    70-79:  3054 (20%) ##########
    80-89:  1464 ( 9%) ####
    90-99:   294 ( 1%) 
    Min=40 Max=99 Median=65
  130 teams, 15129 players.
Building schedule, drives, and plays...
  2408 games, 11804 players with gamelogs
  20714 drives, 151769 plays

Writing to C:\Projects\CFB-Video-Game\app\assets\data/
  2021/teams_private.json: 130 entries
  2021/teams_public.json: 130 entries
  2021/players_private.json: 15129 entries
  2021/players_public.json: 15129 entries
  2021/ratings.json: 15129 entries
  2021/team_schedule.json: 2408 entries
  2021/player_gamelog.json: 11804 keys, 56423 entries
  2021/team_drives.json: 227 keys, 20714 entries
  2021/team_plays_wk*.json.gz: 15 weeks, 151769 plays
  Loaded 14974 player IDs from 2021 for continuity check

============================================================
  PROCESSING YEAR 2022
============================================================

[1/7] Fetching FBS teams...
    [cache] /teams/fbs {'year': 2022}
  Found 131 teams

[2/7] Fetching rosters...
  Fetching roster 1/131: Air Force
    [cache] /roster {'team': 'Air Force', 'year': 2022}
  Fetching roster 2/131: Akron
    [cache] /roster {'team': 'Akron', 'year': 2022}
  Fetching roster 3/131: Alabama
    [cache] /roster {'team': 'Alabama', 'year': 2022}
  Fetching roster 4/131: App State
    [cache] /roster {'team': 'App State', 'year': 2022}
  Fetching roster 5/131: Arizona
    [cache] /roster {'team': 'Arizona', 'year': 2022}
  Fetching roster 6/131: Arizona State
    [cache] /roster {'team': 'Arizona State', 'year': 2022}
  Fetching roster 7/131: Arkansas
    [cache] /roster {'team': 'Arkansas', 'year': 2022}
  Fetching roster 8/131: Arkansas State
    [cache] /roster {'team': 'Arkansas State', 'year': 2022}
  Fetching roster 9/131: Army
    [cache] /roster {'team': 'Army', 'year': 2022}
  Fetching roster 10/131: Auburn
    [cache] /roster {'team': 'Auburn', 'year': 2022}
  Fetching roster 11/131: Ball State
    [cache] /roster {'team': 'Ball State', 'year': 2022}
  Fetching roster 12/131: Baylor
    [cache] /roster {'team': 'Baylor', 'year': 2022}
  Fetching roster 13/131: Boise State
    [cache] /roster {'team': 'Boise State', 'year': 2022}
  Fetching roster 14/131: Boston College
    [cache] /roster {'team': 'Boston College', 'year': 2022}
  Fetching roster 15/131: Bowling Green
    [cache] /roster {'team': 'Bowling Green', 'year': 2022}
  Fetching roster 16/131: Buffalo
    [cache] /roster {'team': 'Buffalo', 'year': 2022}
  Fetching roster 17/131: BYU
    [cache] /roster {'team': 'BYU', 'year': 2022}
  Fetching roster 18/131: California
    [cache] /roster {'team': 'California', 'year': 2022}
  Fetching roster 19/131: Central Michigan
    [cache] /roster {'team': 'Central Michigan', 'year': 2022}
  Fetching roster 20/131: Charlotte
    [cache] /roster {'team': 'Charlotte', 'year': 2022}
  Fetching roster 21/131: Cincinnati
    [cache] /roster {'team': 'Cincinnati', 'year': 2022}
  Fetching roster 22/131: Clemson
    [cache] /roster {'team': 'Clemson', 'year': 2022}
  Fetching roster 23/131: Coastal Carolina
    [cache] /roster {'team': 'Coastal Carolina', 'year': 2022}
  Fetching roster 24/131: Colorado
    [cache] /roster {'team': 'Colorado', 'year': 2022}
  Fetching roster 25/131: Colorado State
    [cache] /roster {'team': 'Colorado State', 'year': 2022}
  Fetching roster 26/131: Duke
    [cache] /roster {'team': 'Duke', 'year': 2022}
  Fetching roster 27/131: East Carolina
    [cache] /roster {'team': 'East Carolina', 'year': 2022}
  Fetching roster 28/131: Eastern Michigan
    [cache] /roster {'team': 'Eastern Michigan', 'year': 2022}
  Fetching roster 29/131: Florida
    [cache] /roster {'team': 'Florida', 'year': 2022}
  Fetching roster 30/131: Florida Atlantic
    [cache] /roster {'team': 'Florida Atlantic', 'year': 2022}
  Fetching roster 31/131: Florida International
    [cache] /roster {'team': 'Florida International', 'year': 2022}
  Fetching roster 32/131: Florida State
    [cache] /roster {'team': 'Florida State', 'year': 2022}
  Fetching roster 33/131: Fresno State
    [cache] /roster {'team': 'Fresno State', 'year': 2022}
  Fetching roster 34/131: Georgia
    [cache] /roster {'team': 'Georgia', 'year': 2022}
  Fetching roster 35/131: Georgia Southern
    [cache] /roster {'team': 'Georgia Southern', 'year': 2022}
  Fetching roster 36/131: Georgia State
    [cache] /roster {'team': 'Georgia State', 'year': 2022}
  Fetching roster 37/131: Georgia Tech
    [cache] /roster {'team': 'Georgia Tech', 'year': 2022}
  Fetching roster 38/131: Hawai'i
    [cache] /roster {'team': "Hawai'i", 'year': 2022}
  Fetching roster 39/131: Houston
    [cache] /roster {'team': 'Houston', 'year': 2022}
  Fetching roster 40/131: Illinois
    [cache] /roster {'team': 'Illinois', 'year': 2022}
  Fetching roster 41/131: Indiana
    [cache] /roster {'team': 'Indiana', 'year': 2022}
  Fetching roster 42/131: Iowa
    [cache] /roster {'team': 'Iowa', 'year': 2022}
  Fetching roster 43/131: Iowa State
    [cache] /roster {'team': 'Iowa State', 'year': 2022}
  Fetching roster 44/131: James Madison
    [cache] /roster {'team': 'James Madison', 'year': 2022}
  Fetching roster 45/131: Kansas
    [cache] /roster {'team': 'Kansas', 'year': 2022}
  Fetching roster 46/131: Kansas State
    [cache] /roster {'team': 'Kansas State', 'year': 2022}
  Fetching roster 47/131: Kent State
    [cache] /roster {'team': 'Kent State', 'year': 2022}
  Fetching roster 48/131: Kentucky
    [cache] /roster {'team': 'Kentucky', 'year': 2022}
  Fetching roster 49/131: Liberty
    [cache] /roster {'team': 'Liberty', 'year': 2022}
  Fetching roster 50/131: Louisiana
    [cache] /roster {'team': 'Louisiana', 'year': 2022}
  Fetching roster 51/131: Louisiana Tech
    [cache] /roster {'team': 'Louisiana Tech', 'year': 2022}
  Fetching roster 52/131: Louisville
    [cache] /roster {'team': 'Louisville', 'year': 2022}
  Fetching roster 53/131: LSU
    [cache] /roster {'team': 'LSU', 'year': 2022}
  Fetching roster 54/131: Marshall
    [cache] /roster {'team': 'Marshall', 'year': 2022}
  Fetching roster 55/131: Maryland
    [cache] /roster {'team': 'Maryland', 'year': 2022}
  Fetching roster 56/131: Massachusetts
    [cache] /roster {'team': 'Massachusetts', 'year': 2022}
  Fetching roster 57/131: Memphis
    [cache] /roster {'team': 'Memphis', 'year': 2022}
  Fetching roster 58/131: Miami
    [cache] /roster {'team': 'Miami', 'year': 2022}
  Fetching roster 59/131: Miami (OH)
    [cache] /roster {'team': 'Miami (OH)', 'year': 2022}
  Fetching roster 60/131: Michigan
    [cache] /roster {'team': 'Michigan', 'year': 2022}
  Fetching roster 61/131: Michigan State
    [cache] /roster {'team': 'Michigan State', 'year': 2022}
  Fetching roster 62/131: Middle Tennessee
    [cache] /roster {'team': 'Middle Tennessee', 'year': 2022}
  Fetching roster 63/131: Minnesota
    [cache] /roster {'team': 'Minnesota', 'year': 2022}
  Fetching roster 64/131: Mississippi State
    [cache] /roster {'team': 'Mississippi State', 'year': 2022}
  Fetching roster 65/131: Missouri
    [cache] /roster {'team': 'Missouri', 'year': 2022}
  Fetching roster 66/131: Navy
    [cache] /roster {'team': 'Navy', 'year': 2022}
  Fetching roster 67/131: NC State
    [cache] /roster {'team': 'NC State', 'year': 2022}
  Fetching roster 68/131: Nebraska
    [cache] /roster {'team': 'Nebraska', 'year': 2022}
  Fetching roster 69/131: Nevada
    [cache] /roster {'team': 'Nevada', 'year': 2022}
  Fetching roster 70/131: New Mexico
    [cache] /roster {'team': 'New Mexico', 'year': 2022}
  Fetching roster 71/131: New Mexico State
    [cache] /roster {'team': 'New Mexico State', 'year': 2022}
  Fetching roster 72/131: North Carolina
    [cache] /roster {'team': 'North Carolina', 'year': 2022}
  Fetching roster 73/131: Northern Illinois
    [cache] /roster {'team': 'Northern Illinois', 'year': 2022}
  Fetching roster 74/131: North Texas
    [cache] /roster {'team': 'North Texas', 'year': 2022}
  Fetching roster 75/131: Northwestern
    [cache] /roster {'team': 'Northwestern', 'year': 2022}
  Fetching roster 76/131: Notre Dame
    [cache] /roster {'team': 'Notre Dame', 'year': 2022}
  Fetching roster 77/131: Ohio
    [cache] /roster {'team': 'Ohio', 'year': 2022}
  Fetching roster 78/131: Ohio State
    [cache] /roster {'team': 'Ohio State', 'year': 2022}
  Fetching roster 79/131: Oklahoma
    [cache] /roster {'team': 'Oklahoma', 'year': 2022}
  Fetching roster 80/131: Oklahoma State
    [cache] /roster {'team': 'Oklahoma State', 'year': 2022}
  Fetching roster 81/131: Old Dominion
    [cache] /roster {'team': 'Old Dominion', 'year': 2022}
  Fetching roster 82/131: Ole Miss
    [cache] /roster {'team': 'Ole Miss', 'year': 2022}
  Fetching roster 83/131: Oregon
    [cache] /roster {'team': 'Oregon', 'year': 2022}
  Fetching roster 84/131: Oregon State
    [cache] /roster {'team': 'Oregon State', 'year': 2022}
  Fetching roster 85/131: Penn State
    [cache] /roster {'team': 'Penn State', 'year': 2022}
  Fetching roster 86/131: Pittsburgh
    [cache] /roster {'team': 'Pittsburgh', 'year': 2022}
  Fetching roster 87/131: Purdue
    [cache] /roster {'team': 'Purdue', 'year': 2022}
  Fetching roster 88/131: Rice
    [cache] /roster {'team': 'Rice', 'year': 2022}
  Fetching roster 89/131: Rutgers
    [cache] /roster {'team': 'Rutgers', 'year': 2022}
  Fetching roster 90/131: San Diego State
    [cache] /roster {'team': 'San Diego State', 'year': 2022}
  Fetching roster 91/131: San José State
    [cache] /roster {'team': 'San José State', 'year': 2022}
  Fetching roster 92/131: SMU
    [cache] /roster {'team': 'SMU', 'year': 2022}
  Fetching roster 93/131: South Alabama
    [cache] /roster {'team': 'South Alabama', 'year': 2022}
  Fetching roster 94/131: South Carolina
    [cache] /roster {'team': 'South Carolina', 'year': 2022}
  Fetching roster 95/131: Southern Miss
    [cache] /roster {'team': 'Southern Miss', 'year': 2022}
  Fetching roster 96/131: South Florida
    [cache] /roster {'team': 'South Florida', 'year': 2022}
  Fetching roster 97/131: Stanford
    [cache] /roster {'team': 'Stanford', 'year': 2022}
  Fetching roster 98/131: Syracuse
    [cache] /roster {'team': 'Syracuse', 'year': 2022}
  Fetching roster 99/131: TCU
    [cache] /roster {'team': 'TCU', 'year': 2022}
  Fetching roster 100/131: Temple
    [cache] /roster {'team': 'Temple', 'year': 2022}
  Fetching roster 101/131: Tennessee
    [cache] /roster {'team': 'Tennessee', 'year': 2022}
  Fetching roster 102/131: Texas
    [cache] /roster {'team': 'Texas', 'year': 2022}
  Fetching roster 103/131: Texas A&M
    [cache] /roster {'team': 'Texas A&M', 'year': 2022}
  Fetching roster 104/131: Texas State
    [cache] /roster {'team': 'Texas State', 'year': 2022}
  Fetching roster 105/131: Texas Tech
    [cache] /roster {'team': 'Texas Tech', 'year': 2022}
  Fetching roster 106/131: Toledo
    [cache] /roster {'team': 'Toledo', 'year': 2022}
  Fetching roster 107/131: Troy
    [cache] /roster {'team': 'Troy', 'year': 2022}
  Fetching roster 108/131: Tulane
    [cache] /roster {'team': 'Tulane', 'year': 2022}
  Fetching roster 109/131: Tulsa
    [cache] /roster {'team': 'Tulsa', 'year': 2022}
  Fetching roster 110/131: UAB
    [cache] /roster {'team': 'UAB', 'year': 2022}
  Fetching roster 111/131: UCF
    [cache] /roster {'team': 'UCF', 'year': 2022}
  Fetching roster 112/131: UCLA
    [cache] /roster {'team': 'UCLA', 'year': 2022}
  Fetching roster 113/131: UConn
    [cache] /roster {'team': 'UConn', 'year': 2022}
  Fetching roster 114/131: UL Monroe
    [cache] /roster {'team': 'UL Monroe', 'year': 2022}
  Fetching roster 115/131: UNLV
    [cache] /roster {'team': 'UNLV', 'year': 2022}
  Fetching roster 116/131: USC
    [cache] /roster {'team': 'USC', 'year': 2022}
  Fetching roster 117/131: Utah
    [cache] /roster {'team': 'Utah', 'year': 2022}
  Fetching roster 118/131: Utah State
    [cache] /roster {'team': 'Utah State', 'year': 2022}
  Fetching roster 119/131: UTEP
    [cache] /roster {'team': 'UTEP', 'year': 2022}
  Fetching roster 120/131: UTSA
    [cache] /roster {'team': 'UTSA', 'year': 2022}
  Fetching roster 121/131: Vanderbilt
    [cache] /roster {'team': 'Vanderbilt', 'year': 2022}
  Fetching roster 122/131: Virginia
    [cache] /roster {'team': 'Virginia', 'year': 2022}
  Fetching roster 123/131: Virginia Tech
    [cache] /roster {'team': 'Virginia Tech', 'year': 2022}
  Fetching roster 124/131: Wake Forest
    [cache] /roster {'team': 'Wake Forest', 'year': 2022}
  Fetching roster 125/131: Washington
    [cache] /roster {'team': 'Washington', 'year': 2022}
  Fetching roster 126/131: Washington State
    [cache] /roster {'team': 'Washington State', 'year': 2022}
  Fetching roster 127/131: Western Kentucky
    [cache] /roster {'team': 'Western Kentucky', 'year': 2022}
  Fetching roster 128/131: Western Michigan
    [cache] /roster {'team': 'Western Michigan', 'year': 2022}
  Fetching roster 129/131: West Virginia
    [cache] /roster {'team': 'West Virginia', 'year': 2022}
  Fetching roster 130/131: Wisconsin
    [cache] /roster {'team': 'Wisconsin', 'year': 2022}
  Fetching roster 131/131: Wyoming
    [cache] /roster {'team': 'Wyoming', 'year': 2022}

[3/7] Fetching player stats...
    [cache] /stats/player/season {'year': 2022, 'seasonType': 'regular'}
  14180 player stat entries

[3b] Fetching player usage...
    [cache] /player/usage {'year': 2022, 'seasonType': 'regular'}
  4969 usage entries

[3c] Fetching player awards...
    GET /awards {'year': 2022}
    WARNING: /awards {'year': 2022} failed: Expecting value: line 2 column 1 (char 1)
  0 award entries
  20 OL draft picks mapped for 2023 NFL Draft

[4/7] Fetching PPA data...
    [cache] /ppa/players/season {'year': 2022}
  4967 PPA entries

[5/7] Fetching team stats + SP+ + talent...
    [cache] /stats/season {'year': 2022}
    [cache] /ratings/sp {'year': 2022}
    [cache] /talent {'year': 2022}

[6/7] Fetching recruiting data...
    Class 2018...
    [cache] /recruiting/players {'year': 2018}
    Class 2019...
    [cache] /recruiting/players {'year': 2019}
    Class 2020...
    [cache] /recruiting/players {'year': 2020}
    Class 2021...
    [cache] /recruiting/players {'year': 2021}
    Class 2022...
    [cache] /recruiting/players {'year': 2022}

[6b] Fetching game results and player game stats (Phase 2)...
    [cache] /games {'year': 2022, 'seasonType': 'regular'}
  3657 games fetched
  Fetching game stats 1/131: Air Force
    [cache] /games/players {'year': 2022, 'seasonType': 'regular', 'team': 'Air Force'}
  Fetching game stats 2/131: Akron
    [cache] /games/players {'year': 2022, 'seasonType': 'regular', 'team': 'Akron'}
  Fetching game stats 3/131: Alabama
    [cache] /games/players {'year': 2022, 'seasonType': 'regular', 'team': 'Alabama'}
  Fetching game stats 4/131: App State
    [cache] /games/players {'year': 2022, 'seasonType': 'regular', 'team': 'App State'}
  Fetching game stats 5/131: Arizona
    [cache] /games/players {'year': 2022, 'seasonType': 'regular', 'team': 'Arizona'}
  Fetching game stats 6/131: Arizona State
    [cache] /games/players {'year': 2022, 'seasonType': 'regular', 'team': 'Arizona State'}
  Fetching game stats 7/131: Arkansas
    [cache] /games/players {'year': 2022, 'seasonType': 'regular', 'team': 'Arkansas'}
  Fetching game stats 8/131: Arkansas State
    [cache] /games/players {'year': 2022, 'seasonType': 'regular', 'team': 'Arkansas State'}
  Fetching game stats 9/131: Army
    [cache] /games/players {'year': 2022, 'seasonType': 'regular', 'team': 'Army'}
  Fetching game stats 10/131: Auburn
    [cache] /games/players {'year': 2022, 'seasonType': 'regular', 'team': 'Auburn'}
  Fetching game stats 11/131: Ball State
    [cache] /games/players {'year': 2022, 'seasonType': 'regular', 'team': 'Ball State'}
  Fetching game stats 12/131: Baylor
    [cache] /games/players {'year': 2022, 'seasonType': 'regular', 'team': 'Baylor'}
  Fetching game stats 13/131: Boise State
    [cache] /games/players {'year': 2022, 'seasonType': 'regular', 'team': 'Boise State'}
  Fetching game stats 14/131: Boston College
    [cache] /games/players {'year': 2022, 'seasonType': 'regular', 'team': 'Boston College'}
  Fetching game stats 15/131: Bowling Green
    [cache] /games/players {'year': 2022, 'seasonType': 'regular', 'team': 'Bowling Green'}
  Fetching game stats 16/131: Buffalo
    [cache] /games/players {'year': 2022, 'seasonType': 'regular', 'team': 'Buffalo'}
  Fetching game stats 17/131: BYU
    [cache] /games/players {'year': 2022, 'seasonType': 'regular', 'team': 'BYU'}
  Fetching game stats 18/131: California
    [cache] /games/players {'year': 2022, 'seasonType': 'regular', 'team': 'California'}
  Fetching game stats 19/131: Central Michigan
    [cache] /games/players {'year': 2022, 'seasonType': 'regular', 'team': 'Central Michigan'}
  Fetching game stats 20/131: Charlotte
    [cache] /games/players {'year': 2022, 'seasonType': 'regular', 'team': 'Charlotte'}
  Fetching game stats 21/131: Cincinnati
    [cache] /games/players {'year': 2022, 'seasonType': 'regular', 'team': 'Cincinnati'}
  Fetching game stats 22/131: Clemson
    [cache] /games/players {'year': 2022, 'seasonType': 'regular', 'team': 'Clemson'}
  Fetching game stats 23/131: Coastal Carolina
    [cache] /games/players {'year': 2022, 'seasonType': 'regular', 'team': 'Coastal Carolina'}
  Fetching game stats 24/131: Colorado
    [cache] /games/players {'year': 2022, 'seasonType': 'regular', 'team': 'Colorado'}
  Fetching game stats 25/131: Colorado State
    [cache] /games/players {'year': 2022, 'seasonType': 'regular', 'team': 'Colorado State'}
  Fetching game stats 26/131: Duke
    [cache] /games/players {'year': 2022, 'seasonType': 'regular', 'team': 'Duke'}
  Fetching game stats 27/131: East Carolina
    [cache] /games/players {'year': 2022, 'seasonType': 'regular', 'team': 'East Carolina'}
  Fetching game stats 28/131: Eastern Michigan
    [cache] /games/players {'year': 2022, 'seasonType': 'regular', 'team': 'Eastern Michigan'}
  Fetching game stats 29/131: Florida
    [cache] /games/players {'year': 2022, 'seasonType': 'regular', 'team': 'Florida'}
  Fetching game stats 30/131: Florida Atlantic
    [cache] /games/players {'year': 2022, 'seasonType': 'regular', 'team': 'Florida Atlantic'}
  Fetching game stats 31/131: Florida International
    [cache] /games/players {'year': 2022, 'seasonType': 'regular', 'team': 'Florida International'}
  Fetching game stats 32/131: Florida State
    [cache] /games/players {'year': 2022, 'seasonType': 'regular', 'team': 'Florida State'}
  Fetching game stats 33/131: Fresno State
    [cache] /games/players {'year': 2022, 'seasonType': 'regular', 'team': 'Fresno State'}
  Fetching game stats 34/131: Georgia
    [cache] /games/players {'year': 2022, 'seasonType': 'regular', 'team': 'Georgia'}
  Fetching game stats 35/131: Georgia Southern
    [cache] /games/players {'year': 2022, 'seasonType': 'regular', 'team': 'Georgia Southern'}
  Fetching game stats 36/131: Georgia State
    [cache] /games/players {'year': 2022, 'seasonType': 'regular', 'team': 'Georgia State'}
  Fetching game stats 37/131: Georgia Tech
    [cache] /games/players {'year': 2022, 'seasonType': 'regular', 'team': 'Georgia Tech'}
  Fetching game stats 38/131: Hawai'i
    [cache] /games/players {'year': 2022, 'seasonType': 'regular', 'team': "Hawai'i"}
  Fetching game stats 39/131: Houston
    [cache] /games/players {'year': 2022, 'seasonType': 'regular', 'team': 'Houston'}
  Fetching game stats 40/131: Illinois
    [cache] /games/players {'year': 2022, 'seasonType': 'regular', 'team': 'Illinois'}
  Fetching game stats 41/131: Indiana
    [cache] /games/players {'year': 2022, 'seasonType': 'regular', 'team': 'Indiana'}
  Fetching game stats 42/131: Iowa
    [cache] /games/players {'year': 2022, 'seasonType': 'regular', 'team': 'Iowa'}
  Fetching game stats 43/131: Iowa State
    [cache] /games/players {'year': 2022, 'seasonType': 'regular', 'team': 'Iowa State'}
  Fetching game stats 44/131: James Madison
    [cache] /games/players {'year': 2022, 'seasonType': 'regular', 'team': 'James Madison'}
  Fetching game stats 45/131: Kansas
    [cache] /games/players {'year': 2022, 'seasonType': 'regular', 'team': 'Kansas'}
  Fetching game stats 46/131: Kansas State
    [cache] /games/players {'year': 2022, 'seasonType': 'regular', 'team': 'Kansas State'}
  Fetching game stats 47/131: Kent State
    [cache] /games/players {'year': 2022, 'seasonType': 'regular', 'team': 'Kent State'}
  Fetching game stats 48/131: Kentucky
    [cache] /games/players {'year': 2022, 'seasonType': 'regular', 'team': 'Kentucky'}
  Fetching game stats 49/131: Liberty
    [cache] /games/players {'year': 2022, 'seasonType': 'regular', 'team': 'Liberty'}
  Fetching game stats 50/131: Louisiana
    [cache] /games/players {'year': 2022, 'seasonType': 'regular', 'team': 'Louisiana'}
  Fetching game stats 51/131: Louisiana Tech
    [cache] /games/players {'year': 2022, 'seasonType': 'regular', 'team': 'Louisiana Tech'}
  Fetching game stats 52/131: Louisville
    [cache] /games/players {'year': 2022, 'seasonType': 'regular', 'team': 'Louisville'}
  Fetching game stats 53/131: LSU
    [cache] /games/players {'year': 2022, 'seasonType': 'regular', 'team': 'LSU'}
  Fetching game stats 54/131: Marshall
    [cache] /games/players {'year': 2022, 'seasonType': 'regular', 'team': 'Marshall'}
  Fetching game stats 55/131: Maryland
    [cache] /games/players {'year': 2022, 'seasonType': 'regular', 'team': 'Maryland'}
  Fetching game stats 56/131: Massachusetts
    [cache] /games/players {'year': 2022, 'seasonType': 'regular', 'team': 'Massachusetts'}
  Fetching game stats 57/131: Memphis
    [cache] /games/players {'year': 2022, 'seasonType': 'regular', 'team': 'Memphis'}
  Fetching game stats 58/131: Miami
    [cache] /games/players {'year': 2022, 'seasonType': 'regular', 'team': 'Miami'}
  Fetching game stats 59/131: Miami (OH)
    [cache] /games/players {'year': 2022, 'seasonType': 'regular', 'team': 'Miami (OH)'}
  Fetching game stats 60/131: Michigan
    [cache] /games/players {'year': 2022, 'seasonType': 'regular', 'team': 'Michigan'}
  Fetching game stats 61/131: Michigan State
    [cache] /games/players {'year': 2022, 'seasonType': 'regular', 'team': 'Michigan State'}
  Fetching game stats 62/131: Middle Tennessee
    [cache] /games/players {'year': 2022, 'seasonType': 'regular', 'team': 'Middle Tennessee'}
  Fetching game stats 63/131: Minnesota
    [cache] /games/players {'year': 2022, 'seasonType': 'regular', 'team': 'Minnesota'}
  Fetching game stats 64/131: Mississippi State
    [cache] /games/players {'year': 2022, 'seasonType': 'regular', 'team': 'Mississippi State'}
  Fetching game stats 65/131: Missouri
    [cache] /games/players {'year': 2022, 'seasonType': 'regular', 'team': 'Missouri'}
  Fetching game stats 66/131: Navy
    [cache] /games/players {'year': 2022, 'seasonType': 'regular', 'team': 'Navy'}
  Fetching game stats 67/131: NC State
    [cache] /games/players {'year': 2022, 'seasonType': 'regular', 'team': 'NC State'}
  Fetching game stats 68/131: Nebraska
    [cache] /games/players {'year': 2022, 'seasonType': 'regular', 'team': 'Nebraska'}
  Fetching game stats 69/131: Nevada
    [cache] /games/players {'year': 2022, 'seasonType': 'regular', 'team': 'Nevada'}
  Fetching game stats 70/131: New Mexico
    [cache] /games/players {'year': 2022, 'seasonType': 'regular', 'team': 'New Mexico'}
  Fetching game stats 71/131: New Mexico State
    [cache] /games/players {'year': 2022, 'seasonType': 'regular', 'team': 'New Mexico State'}
  Fetching game stats 72/131: North Carolina
    [cache] /games/players {'year': 2022, 'seasonType': 'regular', 'team': 'North Carolina'}
  Fetching game stats 73/131: Northern Illinois
    [cache] /games/players {'year': 2022, 'seasonType': 'regular', 'team': 'Northern Illinois'}
  Fetching game stats 74/131: North Texas
    [cache] /games/players {'year': 2022, 'seasonType': 'regular', 'team': 'North Texas'}
  Fetching game stats 75/131: Northwestern
    [cache] /games/players {'year': 2022, 'seasonType': 'regular', 'team': 'Northwestern'}
  Fetching game stats 76/131: Notre Dame
    [cache] /games/players {'year': 2022, 'seasonType': 'regular', 'team': 'Notre Dame'}
  Fetching game stats 77/131: Ohio
    [cache] /games/players {'year': 2022, 'seasonType': 'regular', 'team': 'Ohio'}
  Fetching game stats 78/131: Ohio State
    [cache] /games/players {'year': 2022, 'seasonType': 'regular', 'team': 'Ohio State'}
  Fetching game stats 79/131: Oklahoma
    [cache] /games/players {'year': 2022, 'seasonType': 'regular', 'team': 'Oklahoma'}
  Fetching game stats 80/131: Oklahoma State
    [cache] /games/players {'year': 2022, 'seasonType': 'regular', 'team': 'Oklahoma State'}
  Fetching game stats 81/131: Old Dominion
    [cache] /games/players {'year': 2022, 'seasonType': 'regular', 'team': 'Old Dominion'}
  Fetching game stats 82/131: Ole Miss
    [cache] /games/players {'year': 2022, 'seasonType': 'regular', 'team': 'Ole Miss'}
  Fetching game stats 83/131: Oregon
    [cache] /games/players {'year': 2022, 'seasonType': 'regular', 'team': 'Oregon'}
  Fetching game stats 84/131: Oregon State
    [cache] /games/players {'year': 2022, 'seasonType': 'regular', 'team': 'Oregon State'}
  Fetching game stats 85/131: Penn State
    [cache] /games/players {'year': 2022, 'seasonType': 'regular', 'team': 'Penn State'}
  Fetching game stats 86/131: Pittsburgh
    [cache] /games/players {'year': 2022, 'seasonType': 'regular', 'team': 'Pittsburgh'}
  Fetching game stats 87/131: Purdue
    [cache] /games/players {'year': 2022, 'seasonType': 'regular', 'team': 'Purdue'}
  Fetching game stats 88/131: Rice
    [cache] /games/players {'year': 2022, 'seasonType': 'regular', 'team': 'Rice'}
  Fetching game stats 89/131: Rutgers
    [cache] /games/players {'year': 2022, 'seasonType': 'regular', 'team': 'Rutgers'}
  Fetching game stats 90/131: San Diego State
    [cache] /games/players {'year': 2022, 'seasonType': 'regular', 'team': 'San Diego State'}
  Fetching game stats 91/131: San José State
    [cache] /games/players {'year': 2022, 'seasonType': 'regular', 'team': 'San José State'}
  Fetching game stats 92/131: SMU
    [cache] /games/players {'year': 2022, 'seasonType': 'regular', 'team': 'SMU'}
  Fetching game stats 93/131: South Alabama
    [cache] /games/players {'year': 2022, 'seasonType': 'regular', 'team': 'South Alabama'}
  Fetching game stats 94/131: South Carolina
    [cache] /games/players {'year': 2022, 'seasonType': 'regular', 'team': 'South Carolina'}
  Fetching game stats 95/131: Southern Miss
    [cache] /games/players {'year': 2022, 'seasonType': 'regular', 'team': 'Southern Miss'}
  Fetching game stats 96/131: South Florida
    [cache] /games/players {'year': 2022, 'seasonType': 'regular', 'team': 'South Florida'}
  Fetching game stats 97/131: Stanford
    [cache] /games/players {'year': 2022, 'seasonType': 'regular', 'team': 'Stanford'}
  Fetching game stats 98/131: Syracuse
    [cache] /games/players {'year': 2022, 'seasonType': 'regular', 'team': 'Syracuse'}
  Fetching game stats 99/131: TCU
    [cache] /games/players {'year': 2022, 'seasonType': 'regular', 'team': 'TCU'}
  Fetching game stats 100/131: Temple
    [cache] /games/players {'year': 2022, 'seasonType': 'regular', 'team': 'Temple'}
  Fetching game stats 101/131: Tennessee
    [cache] /games/players {'year': 2022, 'seasonType': 'regular', 'team': 'Tennessee'}
  Fetching game stats 102/131: Texas
    [cache] /games/players {'year': 2022, 'seasonType': 'regular', 'team': 'Texas'}
  Fetching game stats 103/131: Texas A&M
    [cache] /games/players {'year': 2022, 'seasonType': 'regular', 'team': 'Texas A&M'}
  Fetching game stats 104/131: Texas State
    [cache] /games/players {'year': 2022, 'seasonType': 'regular', 'team': 'Texas State'}
  Fetching game stats 105/131: Texas Tech
    [cache] /games/players {'year': 2022, 'seasonType': 'regular', 'team': 'Texas Tech'}
  Fetching game stats 106/131: Toledo
    [cache] /games/players {'year': 2022, 'seasonType': 'regular', 'team': 'Toledo'}
  Fetching game stats 107/131: Troy
    [cache] /games/players {'year': 2022, 'seasonType': 'regular', 'team': 'Troy'}
  Fetching game stats 108/131: Tulane
    [cache] /games/players {'year': 2022, 'seasonType': 'regular', 'team': 'Tulane'}
  Fetching game stats 109/131: Tulsa
    [cache] /games/players {'year': 2022, 'seasonType': 'regular', 'team': 'Tulsa'}
  Fetching game stats 110/131: UAB
    [cache] /games/players {'year': 2022, 'seasonType': 'regular', 'team': 'UAB'}
  Fetching game stats 111/131: UCF
    [cache] /games/players {'year': 2022, 'seasonType': 'regular', 'team': 'UCF'}
  Fetching game stats 112/131: UCLA
    [cache] /games/players {'year': 2022, 'seasonType': 'regular', 'team': 'UCLA'}
  Fetching game stats 113/131: UConn
    [cache] /games/players {'year': 2022, 'seasonType': 'regular', 'team': 'UConn'}
  Fetching game stats 114/131: UL Monroe
    [cache] /games/players {'year': 2022, 'seasonType': 'regular', 'team': 'UL Monroe'}
  Fetching game stats 115/131: UNLV
    [cache] /games/players {'year': 2022, 'seasonType': 'regular', 'team': 'UNLV'}
  Fetching game stats 116/131: USC
    [cache] /games/players {'year': 2022, 'seasonType': 'regular', 'team': 'USC'}
  Fetching game stats 117/131: Utah
    [cache] /games/players {'year': 2022, 'seasonType': 'regular', 'team': 'Utah'}
  Fetching game stats 118/131: Utah State
    [cache] /games/players {'year': 2022, 'seasonType': 'regular', 'team': 'Utah State'}
  Fetching game stats 119/131: UTEP
    [cache] /games/players {'year': 2022, 'seasonType': 'regular', 'team': 'UTEP'}
  Fetching game stats 120/131: UTSA
    [cache] /games/players {'year': 2022, 'seasonType': 'regular', 'team': 'UTSA'}
  Fetching game stats 121/131: Vanderbilt
    [cache] /games/players {'year': 2022, 'seasonType': 'regular', 'team': 'Vanderbilt'}
  Fetching game stats 122/131: Virginia
    [cache] /games/players {'year': 2022, 'seasonType': 'regular', 'team': 'Virginia'}
  Fetching game stats 123/131: Virginia Tech
    [cache] /games/players {'year': 2022, 'seasonType': 'regular', 'team': 'Virginia Tech'}
  Fetching game stats 124/131: Wake Forest
    [cache] /games/players {'year': 2022, 'seasonType': 'regular', 'team': 'Wake Forest'}
  Fetching game stats 125/131: Washington
    [cache] /games/players {'year': 2022, 'seasonType': 'regular', 'team': 'Washington'}
  Fetching game stats 126/131: Washington State
    [cache] /games/players {'year': 2022, 'seasonType': 'regular', 'team': 'Washington State'}
  Fetching game stats 127/131: Western Kentucky
    [cache] /games/players {'year': 2022, 'seasonType': 'regular', 'team': 'Western Kentucky'}
  Fetching game stats 128/131: Western Michigan
    [cache] /games/players {'year': 2022, 'seasonType': 'regular', 'team': 'Western Michigan'}
  Fetching game stats 129/131: West Virginia
    [cache] /games/players {'year': 2022, 'seasonType': 'regular', 'team': 'West Virginia'}
  Fetching game stats 130/131: Wisconsin
    [cache] /games/players {'year': 2022, 'seasonType': 'regular', 'team': 'Wisconsin'}
  Fetching game stats 131/131: Wyoming
    [cache] /games/players {'year': 2022, 'seasonType': 'regular', 'team': 'Wyoming'}
  854 unique games with player stats fetched

[6c] Fetching drives and plays by week (weeks 1-16)...
    drives week 1/16
    [cache] /drives {'year': 2022, 'week': 1, 'seasonType': 'regular'}
    drives week 2/16
    [cache] /drives {'year': 2022, 'week': 2, 'seasonType': 'regular'}
    drives week 3/16
    [cache] /drives {'year': 2022, 'week': 3, 'seasonType': 'regular'}
    drives week 4/16
    [cache] /drives {'year': 2022, 'week': 4, 'seasonType': 'regular'}
    drives week 5/16
    [cache] /drives {'year': 2022, 'week': 5, 'seasonType': 'regular'}
    drives week 6/16
    [cache] /drives {'year': 2022, 'week': 6, 'seasonType': 'regular'}
    drives week 7/16
    [cache] /drives {'year': 2022, 'week': 7, 'seasonType': 'regular'}
    drives week 8/16
    [cache] /drives {'year': 2022, 'week': 8, 'seasonType': 'regular'}
    drives week 9/16
    [cache] /drives {'year': 2022, 'week': 9, 'seasonType': 'regular'}
    drives week 10/16
    [cache] /drives {'year': 2022, 'week': 10, 'seasonType': 'regular'}
    drives week 11/16
    [cache] /drives {'year': 2022, 'week': 11, 'seasonType': 'regular'}
    drives week 12/16
    [cache] /drives {'year': 2022, 'week': 12, 'seasonType': 'regular'}
    drives week 13/16
    [cache] /drives {'year': 2022, 'week': 13, 'seasonType': 'regular'}
    drives week 14/16
    [cache] /drives {'year': 2022, 'week': 14, 'seasonType': 'regular'}
    drives week 15/16
    [cache] /drives {'year': 2022, 'week': 15, 'seasonType': 'regular'}
    drives week 16/16
    [cache] /drives {'year': 2022, 'week': 16, 'seasonType': 'regular'}
  34492 total drives fetched
    plays week 1/16
    [cache] /plays {'year': 2022, 'week': 1, 'seasonType': 'regular'}
    plays week 2/16
    [cache] /plays {'year': 2022, 'week': 2, 'seasonType': 'regular'}
    plays week 3/16
    [cache] /plays {'year': 2022, 'week': 3, 'seasonType': 'regular'}
    plays week 4/16
    [cache] /plays {'year': 2022, 'week': 4, 'seasonType': 'regular'}
    plays week 5/16
    [cache] /plays {'year': 2022, 'week': 5, 'seasonType': 'regular'}
    plays week 6/16
    [cache] /plays {'year': 2022, 'week': 6, 'seasonType': 'regular'}
    plays week 7/16
    [cache] /plays {'year': 2022, 'week': 7, 'seasonType': 'regular'}
    plays week 8/16
    [cache] /plays {'year': 2022, 'week': 8, 'seasonType': 'regular'}
    plays week 9/16
    [cache] /plays {'year': 2022, 'week': 9, 'seasonType': 'regular'}
    plays week 10/16
    [cache] /plays {'year': 2022, 'week': 10, 'seasonType': 'regular'}
    plays week 11/16
    [cache] /plays {'year': 2022, 'week': 11, 'seasonType': 'regular'}
    plays week 12/16
    [cache] /plays {'year': 2022, 'week': 12, 'seasonType': 'regular'}
    plays week 13/16
    [cache] /plays {'year': 2022, 'week': 13, 'seasonType': 'regular'}
    plays week 14/16
    [cache] /plays {'year': 2022, 'week': 14, 'seasonType': 'regular'}
    plays week 15/16
    [cache] /plays {'year': 2022, 'week': 15, 'seasonType': 'regular'}
    plays week 16/16
    [cache] /plays {'year': 2022, 'week': 16, 'seasonType': 'regular'}
  243819 total plays fetched
  2646 rushers with parsed carry data (704 QBs excluded)

[7/7] Processing ratings...
  Building opponent-weighted stats from gamelog...
  11887 players with opponent-weighted stats
Building player gamelogs (early pass for gamelog-derived skills)...
  Gamelog-derived skills computed for 11887 players
Normalizing ratings...
Applying backup/no-data tier ratings...
  4414 backup/no-data players rated via star-anchor pathway
  OL boosts applied to 857 player(s) (draft/awards/continuity)
Computing team ratings...
Generating public names...

  Year 2022 rating distribution:
    40-49:  3414 (21%) ##########
    50-59:  2826 (18%) #########
    60-69:  4550 (29%) ##############
    70-79:  2897 (18%) #########
    80-89:  1554 ( 9%) ####
    90-99:   307 ( 1%) 
    Min=40 Max=99 Median=64
  131 teams, 15548 players.
Building schedule, drives, and plays...
  3657 games, 11887 players with gamelogs
  34492 drives, 243819 plays

Writing to C:\Projects\CFB-Video-Game\app\assets\data/
  2022/teams_private.json: 131 entries
  2022/teams_public.json: 131 entries
  2022/players_private.json: 15548 entries
  2022/players_public.json: 15548 entries
  2022/ratings.json: 15548 entries
  2022/team_schedule.json: 3657 entries
  2022/player_gamelog.json: 11887 keys, 56726 entries
  2022/team_drives.json: 293 keys, 34492 entries
  2022/team_plays_wk*.json.gz: 15 weeks, 243819 plays
  Loaded 15548 player IDs from 2022 for continuity check

============================================================
  PROCESSING YEAR 2023
============================================================

[1/7] Fetching FBS teams...
    [cache] /teams/fbs {'year': 2023}
  Found 133 teams

[2/7] Fetching rosters...
  Fetching roster 1/133: Air Force
    [cache] /roster {'team': 'Air Force', 'year': 2023}
  Fetching roster 2/133: Akron
    [cache] /roster {'team': 'Akron', 'year': 2023}
  Fetching roster 3/133: Alabama
    [cache] /roster {'team': 'Alabama', 'year': 2023}
  Fetching roster 4/133: App State
    [cache] /roster {'team': 'App State', 'year': 2023}
  Fetching roster 5/133: Arizona
    [cache] /roster {'team': 'Arizona', 'year': 2023}
  Fetching roster 6/133: Arizona State
    [cache] /roster {'team': 'Arizona State', 'year': 2023}
  Fetching roster 7/133: Arkansas
    [cache] /roster {'team': 'Arkansas', 'year': 2023}
  Fetching roster 8/133: Arkansas State
    [cache] /roster {'team': 'Arkansas State', 'year': 2023}
  Fetching roster 9/133: Army
    [cache] /roster {'team': 'Army', 'year': 2023}
  Fetching roster 10/133: Auburn
    [cache] /roster {'team': 'Auburn', 'year': 2023}
  Fetching roster 11/133: Ball State
    [cache] /roster {'team': 'Ball State', 'year': 2023}
  Fetching roster 12/133: Baylor
    [cache] /roster {'team': 'Baylor', 'year': 2023}
  Fetching roster 13/133: Boise State
    [cache] /roster {'team': 'Boise State', 'year': 2023}
  Fetching roster 14/133: Boston College
    [cache] /roster {'team': 'Boston College', 'year': 2023}
  Fetching roster 15/133: Bowling Green
    [cache] /roster {'team': 'Bowling Green', 'year': 2023}
  Fetching roster 16/133: Buffalo
    [cache] /roster {'team': 'Buffalo', 'year': 2023}
  Fetching roster 17/133: BYU
    [cache] /roster {'team': 'BYU', 'year': 2023}
  Fetching roster 18/133: California
    [cache] /roster {'team': 'California', 'year': 2023}
  Fetching roster 19/133: Central Michigan
    [cache] /roster {'team': 'Central Michigan', 'year': 2023}
  Fetching roster 20/133: Charlotte
    [cache] /roster {'team': 'Charlotte', 'year': 2023}
  Fetching roster 21/133: Cincinnati
    [cache] /roster {'team': 'Cincinnati', 'year': 2023}
  Fetching roster 22/133: Clemson
    [cache] /roster {'team': 'Clemson', 'year': 2023}
  Fetching roster 23/133: Coastal Carolina
    [cache] /roster {'team': 'Coastal Carolina', 'year': 2023}
  Fetching roster 24/133: Colorado
    [cache] /roster {'team': 'Colorado', 'year': 2023}
  Fetching roster 25/133: Colorado State
    [cache] /roster {'team': 'Colorado State', 'year': 2023}
  Fetching roster 26/133: Duke
    [cache] /roster {'team': 'Duke', 'year': 2023}
  Fetching roster 27/133: East Carolina
    [cache] /roster {'team': 'East Carolina', 'year': 2023}
  Fetching roster 28/133: Eastern Michigan
    [cache] /roster {'team': 'Eastern Michigan', 'year': 2023}
  Fetching roster 29/133: Florida
    [cache] /roster {'team': 'Florida', 'year': 2023}
  Fetching roster 30/133: Florida Atlantic
    [cache] /roster {'team': 'Florida Atlantic', 'year': 2023}
  Fetching roster 31/133: Florida International
    [cache] /roster {'team': 'Florida International', 'year': 2023}
  Fetching roster 32/133: Florida State
    [cache] /roster {'team': 'Florida State', 'year': 2023}
  Fetching roster 33/133: Fresno State
    [cache] /roster {'team': 'Fresno State', 'year': 2023}
  Fetching roster 34/133: Georgia
    [cache] /roster {'team': 'Georgia', 'year': 2023}
  Fetching roster 35/133: Georgia Southern
    [cache] /roster {'team': 'Georgia Southern', 'year': 2023}
  Fetching roster 36/133: Georgia State
    [cache] /roster {'team': 'Georgia State', 'year': 2023}
  Fetching roster 37/133: Georgia Tech
    [cache] /roster {'team': 'Georgia Tech', 'year': 2023}
  Fetching roster 38/133: Hawai'i
    [cache] /roster {'team': "Hawai'i", 'year': 2023}
  Fetching roster 39/133: Houston
    [cache] /roster {'team': 'Houston', 'year': 2023}
  Fetching roster 40/133: Illinois
    [cache] /roster {'team': 'Illinois', 'year': 2023}
  Fetching roster 41/133: Indiana
    [cache] /roster {'team': 'Indiana', 'year': 2023}
  Fetching roster 42/133: Iowa
    [cache] /roster {'team': 'Iowa', 'year': 2023}
  Fetching roster 43/133: Iowa State
    [cache] /roster {'team': 'Iowa State', 'year': 2023}
  Fetching roster 44/133: Jacksonville State
    [cache] /roster {'team': 'Jacksonville State', 'year': 2023}
  Fetching roster 45/133: James Madison
    [cache] /roster {'team': 'James Madison', 'year': 2023}
  Fetching roster 46/133: Kansas
    [cache] /roster {'team': 'Kansas', 'year': 2023}
  Fetching roster 47/133: Kansas State
    [cache] /roster {'team': 'Kansas State', 'year': 2023}
  Fetching roster 48/133: Kent State
    [cache] /roster {'team': 'Kent State', 'year': 2023}
  Fetching roster 49/133: Kentucky
    [cache] /roster {'team': 'Kentucky', 'year': 2023}
  Fetching roster 50/133: Liberty
    [cache] /roster {'team': 'Liberty', 'year': 2023}
  Fetching roster 51/133: Louisiana
    [cache] /roster {'team': 'Louisiana', 'year': 2023}
  Fetching roster 52/133: Louisiana Tech
    [cache] /roster {'team': 'Louisiana Tech', 'year': 2023}
  Fetching roster 53/133: Louisville
    [cache] /roster {'team': 'Louisville', 'year': 2023}
  Fetching roster 54/133: LSU
    [cache] /roster {'team': 'LSU', 'year': 2023}
  Fetching roster 55/133: Marshall
    [cache] /roster {'team': 'Marshall', 'year': 2023}
  Fetching roster 56/133: Maryland
    [cache] /roster {'team': 'Maryland', 'year': 2023}
  Fetching roster 57/133: Massachusetts
    [cache] /roster {'team': 'Massachusetts', 'year': 2023}
  Fetching roster 58/133: Memphis
    [cache] /roster {'team': 'Memphis', 'year': 2023}
  Fetching roster 59/133: Miami
    [cache] /roster {'team': 'Miami', 'year': 2023}
  Fetching roster 60/133: Miami (OH)
    [cache] /roster {'team': 'Miami (OH)', 'year': 2023}
  Fetching roster 61/133: Michigan
    [cache] /roster {'team': 'Michigan', 'year': 2023}
  Fetching roster 62/133: Michigan State
    [cache] /roster {'team': 'Michigan State', 'year': 2023}
  Fetching roster 63/133: Middle Tennessee
    [cache] /roster {'team': 'Middle Tennessee', 'year': 2023}
  Fetching roster 64/133: Minnesota
    [cache] /roster {'team': 'Minnesota', 'year': 2023}
  Fetching roster 65/133: Mississippi State
    [cache] /roster {'team': 'Mississippi State', 'year': 2023}
  Fetching roster 66/133: Missouri
    [cache] /roster {'team': 'Missouri', 'year': 2023}
  Fetching roster 67/133: Navy
    [cache] /roster {'team': 'Navy', 'year': 2023}
  Fetching roster 68/133: NC State
    [cache] /roster {'team': 'NC State', 'year': 2023}
  Fetching roster 69/133: Nebraska
    [cache] /roster {'team': 'Nebraska', 'year': 2023}
  Fetching roster 70/133: Nevada
    [cache] /roster {'team': 'Nevada', 'year': 2023}
  Fetching roster 71/133: New Mexico
    [cache] /roster {'team': 'New Mexico', 'year': 2023}
  Fetching roster 72/133: New Mexico State
    [cache] /roster {'team': 'New Mexico State', 'year': 2023}
  Fetching roster 73/133: North Carolina
    [cache] /roster {'team': 'North Carolina', 'year': 2023}
  Fetching roster 74/133: Northern Illinois
    [cache] /roster {'team': 'Northern Illinois', 'year': 2023}
  Fetching roster 75/133: North Texas
    [cache] /roster {'team': 'North Texas', 'year': 2023}
  Fetching roster 76/133: Northwestern
    [cache] /roster {'team': 'Northwestern', 'year': 2023}
  Fetching roster 77/133: Notre Dame
    [cache] /roster {'team': 'Notre Dame', 'year': 2023}
  Fetching roster 78/133: Ohio
    [cache] /roster {'team': 'Ohio', 'year': 2023}
  Fetching roster 79/133: Ohio State
    [cache] /roster {'team': 'Ohio State', 'year': 2023}
  Fetching roster 80/133: Oklahoma
    [cache] /roster {'team': 'Oklahoma', 'year': 2023}
  Fetching roster 81/133: Oklahoma State
    [cache] /roster {'team': 'Oklahoma State', 'year': 2023}
  Fetching roster 82/133: Old Dominion
    [cache] /roster {'team': 'Old Dominion', 'year': 2023}
  Fetching roster 83/133: Ole Miss
    [cache] /roster {'team': 'Ole Miss', 'year': 2023}
  Fetching roster 84/133: Oregon
    [cache] /roster {'team': 'Oregon', 'year': 2023}
  Fetching roster 85/133: Oregon State
    [cache] /roster {'team': 'Oregon State', 'year': 2023}
  Fetching roster 86/133: Penn State
    [cache] /roster {'team': 'Penn State', 'year': 2023}
  Fetching roster 87/133: Pittsburgh
    [cache] /roster {'team': 'Pittsburgh', 'year': 2023}
  Fetching roster 88/133: Purdue
    [cache] /roster {'team': 'Purdue', 'year': 2023}
  Fetching roster 89/133: Rice
    [cache] /roster {'team': 'Rice', 'year': 2023}
  Fetching roster 90/133: Rutgers
    [cache] /roster {'team': 'Rutgers', 'year': 2023}
  Fetching roster 91/133: Sam Houston
    [cache] /roster {'team': 'Sam Houston', 'year': 2023}
  Fetching roster 92/133: San Diego State
    [cache] /roster {'team': 'San Diego State', 'year': 2023}
  Fetching roster 93/133: San José State
    [cache] /roster {'team': 'San José State', 'year': 2023}
  Fetching roster 94/133: SMU
    [cache] /roster {'team': 'SMU', 'year': 2023}
  Fetching roster 95/133: South Alabama
    [cache] /roster {'team': 'South Alabama', 'year': 2023}
  Fetching roster 96/133: South Carolina
    [cache] /roster {'team': 'South Carolina', 'year': 2023}
  Fetching roster 97/133: Southern Miss
    [cache] /roster {'team': 'Southern Miss', 'year': 2023}
  Fetching roster 98/133: South Florida
    [cache] /roster {'team': 'South Florida', 'year': 2023}
  Fetching roster 99/133: Stanford
    [cache] /roster {'team': 'Stanford', 'year': 2023}
  Fetching roster 100/133: Syracuse
    [cache] /roster {'team': 'Syracuse', 'year': 2023}
  Fetching roster 101/133: TCU
    [cache] /roster {'team': 'TCU', 'year': 2023}
  Fetching roster 102/133: Temple
    [cache] /roster {'team': 'Temple', 'year': 2023}
  Fetching roster 103/133: Tennessee
    [cache] /roster {'team': 'Tennessee', 'year': 2023}
  Fetching roster 104/133: Texas
    [cache] /roster {'team': 'Texas', 'year': 2023}
  Fetching roster 105/133: Texas A&M
    [cache] /roster {'team': 'Texas A&M', 'year': 2023}
  Fetching roster 106/133: Texas State
    [cache] /roster {'team': 'Texas State', 'year': 2023}
  Fetching roster 107/133: Texas Tech
    [cache] /roster {'team': 'Texas Tech', 'year': 2023}
  Fetching roster 108/133: Toledo
    [cache] /roster {'team': 'Toledo', 'year': 2023}
  Fetching roster 109/133: Troy
    [cache] /roster {'team': 'Troy', 'year': 2023}
  Fetching roster 110/133: Tulane
    [cache] /roster {'team': 'Tulane', 'year': 2023}
  Fetching roster 111/133: Tulsa
    [cache] /roster {'team': 'Tulsa', 'year': 2023}
  Fetching roster 112/133: UAB
    [cache] /roster {'team': 'UAB', 'year': 2023}
  Fetching roster 113/133: UCF
    [cache] /roster {'team': 'UCF', 'year': 2023}
  Fetching roster 114/133: UCLA
    [cache] /roster {'team': 'UCLA', 'year': 2023}
  Fetching roster 115/133: UConn
    [cache] /roster {'team': 'UConn', 'year': 2023}
  Fetching roster 116/133: UL Monroe
    [cache] /roster {'team': 'UL Monroe', 'year': 2023}
  Fetching roster 117/133: UNLV
    [cache] /roster {'team': 'UNLV', 'year': 2023}
  Fetching roster 118/133: USC
    [cache] /roster {'team': 'USC', 'year': 2023}
  Fetching roster 119/133: Utah
    [cache] /roster {'team': 'Utah', 'year': 2023}
  Fetching roster 120/133: Utah State
    [cache] /roster {'team': 'Utah State', 'year': 2023}
  Fetching roster 121/133: UTEP
    [cache] /roster {'team': 'UTEP', 'year': 2023}
  Fetching roster 122/133: UTSA
    [cache] /roster {'team': 'UTSA', 'year': 2023}
  Fetching roster 123/133: Vanderbilt
    [cache] /roster {'team': 'Vanderbilt', 'year': 2023}
  Fetching roster 124/133: Virginia
    [cache] /roster {'team': 'Virginia', 'year': 2023}
  Fetching roster 125/133: Virginia Tech
    [cache] /roster {'team': 'Virginia Tech', 'year': 2023}
  Fetching roster 126/133: Wake Forest
    [cache] /roster {'team': 'Wake Forest', 'year': 2023}
  Fetching roster 127/133: Washington
    [cache] /roster {'team': 'Washington', 'year': 2023}
  Fetching roster 128/133: Washington State
    [cache] /roster {'team': 'Washington State', 'year': 2023}
  Fetching roster 129/133: Western Kentucky
    [cache] /roster {'team': 'Western Kentucky', 'year': 2023}
  Fetching roster 130/133: Western Michigan
    [cache] /roster {'team': 'Western Michigan', 'year': 2023}
  Fetching roster 131/133: West Virginia
    [cache] /roster {'team': 'West Virginia', 'year': 2023}
  Fetching roster 132/133: Wisconsin
    [cache] /roster {'team': 'Wisconsin', 'year': 2023}
  Fetching roster 133/133: Wyoming
    [cache] /roster {'team': 'Wyoming', 'year': 2023}

[3/7] Fetching player stats...
    [cache] /stats/player/season {'year': 2023, 'seasonType': 'regular'}
  13430 player stat entries

[3b] Fetching player usage...
    [cache] /player/usage {'year': 2023, 'seasonType': 'regular'}
  4560 usage entries

[3c] Fetching player awards...
    GET /awards {'year': 2023}
    WARNING: /awards {'year': 2023} failed: Expecting value: line 2 column 1 (char 1)
  0 award entries
  24 OL draft picks mapped for 2024 NFL Draft

[4/7] Fetching PPA data...
    [cache] /ppa/players/season {'year': 2023}
  4560 PPA entries

[5/7] Fetching team stats + SP+ + talent...
    [cache] /stats/season {'year': 2023}
    [cache] /ratings/sp {'year': 2023}
    [cache] /talent {'year': 2023}

[6/7] Fetching recruiting data...
    Class 2019...
    [cache] /recruiting/players {'year': 2019}
    Class 2020...
    [cache] /recruiting/players {'year': 2020}
    Class 2021...
    [cache] /recruiting/players {'year': 2021}
    Class 2022...
    [cache] /recruiting/players {'year': 2022}
    Class 2023...
    [cache] /recruiting/players {'year': 2023}

[6b] Fetching game results and player game stats (Phase 2)...
    [cache] /games {'year': 2023, 'seasonType': 'regular'}
  3595 games fetched
  Fetching game stats 1/133: Air Force
    [cache] /games/players {'year': 2023, 'seasonType': 'regular', 'team': 'Air Force'}
  Fetching game stats 2/133: Akron
    [cache] /games/players {'year': 2023, 'seasonType': 'regular', 'team': 'Akron'}
  Fetching game stats 3/133: Alabama
    [cache] /games/players {'year': 2023, 'seasonType': 'regular', 'team': 'Alabama'}
  Fetching game stats 4/133: App State
    [cache] /games/players {'year': 2023, 'seasonType': 'regular', 'team': 'App State'}
  Fetching game stats 5/133: Arizona
    [cache] /games/players {'year': 2023, 'seasonType': 'regular', 'team': 'Arizona'}
  Fetching game stats 6/133: Arizona State
    [cache] /games/players {'year': 2023, 'seasonType': 'regular', 'team': 'Arizona State'}
  Fetching game stats 7/133: Arkansas
    [cache] /games/players {'year': 2023, 'seasonType': 'regular', 'team': 'Arkansas'}
  Fetching game stats 8/133: Arkansas State
    [cache] /games/players {'year': 2023, 'seasonType': 'regular', 'team': 'Arkansas State'}
  Fetching game stats 9/133: Army
    [cache] /games/players {'year': 2023, 'seasonType': 'regular', 'team': 'Army'}
  Fetching game stats 10/133: Auburn
    [cache] /games/players {'year': 2023, 'seasonType': 'regular', 'team': 'Auburn'}
  Fetching game stats 11/133: Ball State
    [cache] /games/players {'year': 2023, 'seasonType': 'regular', 'team': 'Ball State'}
  Fetching game stats 12/133: Baylor
    [cache] /games/players {'year': 2023, 'seasonType': 'regular', 'team': 'Baylor'}
  Fetching game stats 13/133: Boise State
    [cache] /games/players {'year': 2023, 'seasonType': 'regular', 'team': 'Boise State'}
  Fetching game stats 14/133: Boston College
    [cache] /games/players {'year': 2023, 'seasonType': 'regular', 'team': 'Boston College'}
  Fetching game stats 15/133: Bowling Green
    [cache] /games/players {'year': 2023, 'seasonType': 'regular', 'team': 'Bowling Green'}
  Fetching game stats 16/133: Buffalo
    [cache] /games/players {'year': 2023, 'seasonType': 'regular', 'team': 'Buffalo'}
  Fetching game stats 17/133: BYU
    [cache] /games/players {'year': 2023, 'seasonType': 'regular', 'team': 'BYU'}
  Fetching game stats 18/133: California
    [cache] /games/players {'year': 2023, 'seasonType': 'regular', 'team': 'California'}
  Fetching game stats 19/133: Central Michigan
    [cache] /games/players {'year': 2023, 'seasonType': 'regular', 'team': 'Central Michigan'}
  Fetching game stats 20/133: Charlotte
    [cache] /games/players {'year': 2023, 'seasonType': 'regular', 'team': 'Charlotte'}
  Fetching game stats 21/133: Cincinnati
    [cache] /games/players {'year': 2023, 'seasonType': 'regular', 'team': 'Cincinnati'}
  Fetching game stats 22/133: Clemson
    [cache] /games/players {'year': 2023, 'seasonType': 'regular', 'team': 'Clemson'}
  Fetching game stats 23/133: Coastal Carolina
    [cache] /games/players {'year': 2023, 'seasonType': 'regular', 'team': 'Coastal Carolina'}
  Fetching game stats 24/133: Colorado
    [cache] /games/players {'year': 2023, 'seasonType': 'regular', 'team': 'Colorado'}
  Fetching game stats 25/133: Colorado State
    [cache] /games/players {'year': 2023, 'seasonType': 'regular', 'team': 'Colorado State'}
  Fetching game stats 26/133: Duke
    [cache] /games/players {'year': 2023, 'seasonType': 'regular', 'team': 'Duke'}
  Fetching game stats 27/133: East Carolina
    [cache] /games/players {'year': 2023, 'seasonType': 'regular', 'team': 'East Carolina'}
  Fetching game stats 28/133: Eastern Michigan
    [cache] /games/players {'year': 2023, 'seasonType': 'regular', 'team': 'Eastern Michigan'}
  Fetching game stats 29/133: Florida
    [cache] /games/players {'year': 2023, 'seasonType': 'regular', 'team': 'Florida'}
  Fetching game stats 30/133: Florida Atlantic
    [cache] /games/players {'year': 2023, 'seasonType': 'regular', 'team': 'Florida Atlantic'}
  Fetching game stats 31/133: Florida International
    [cache] /games/players {'year': 2023, 'seasonType': 'regular', 'team': 'Florida International'}
  Fetching game stats 32/133: Florida State
    [cache] /games/players {'year': 2023, 'seasonType': 'regular', 'team': 'Florida State'}
  Fetching game stats 33/133: Fresno State
    [cache] /games/players {'year': 2023, 'seasonType': 'regular', 'team': 'Fresno State'}
  Fetching game stats 34/133: Georgia
    [cache] /games/players {'year': 2023, 'seasonType': 'regular', 'team': 'Georgia'}
  Fetching game stats 35/133: Georgia Southern
    [cache] /games/players {'year': 2023, 'seasonType': 'regular', 'team': 'Georgia Southern'}
  Fetching game stats 36/133: Georgia State
    [cache] /games/players {'year': 2023, 'seasonType': 'regular', 'team': 'Georgia State'}
  Fetching game stats 37/133: Georgia Tech
    [cache] /games/players {'year': 2023, 'seasonType': 'regular', 'team': 'Georgia Tech'}
  Fetching game stats 38/133: Hawai'i
    [cache] /games/players {'year': 2023, 'seasonType': 'regular', 'team': "Hawai'i"}
  Fetching game stats 39/133: Houston
    [cache] /games/players {'year': 2023, 'seasonType': 'regular', 'team': 'Houston'}
  Fetching game stats 40/133: Illinois
    [cache] /games/players {'year': 2023, 'seasonType': 'regular', 'team': 'Illinois'}
  Fetching game stats 41/133: Indiana
    [cache] /games/players {'year': 2023, 'seasonType': 'regular', 'team': 'Indiana'}
  Fetching game stats 42/133: Iowa
    [cache] /games/players {'year': 2023, 'seasonType': 'regular', 'team': 'Iowa'}
  Fetching game stats 43/133: Iowa State
    [cache] /games/players {'year': 2023, 'seasonType': 'regular', 'team': 'Iowa State'}
  Fetching game stats 44/133: Jacksonville State
    [cache] /games/players {'year': 2023, 'seasonType': 'regular', 'team': 'Jacksonville State'}
  Fetching game stats 45/133: James Madison
    [cache] /games/players {'year': 2023, 'seasonType': 'regular', 'team': 'James Madison'}
  Fetching game stats 46/133: Kansas
    [cache] /games/players {'year': 2023, 'seasonType': 'regular', 'team': 'Kansas'}
  Fetching game stats 47/133: Kansas State
    [cache] /games/players {'year': 2023, 'seasonType': 'regular', 'team': 'Kansas State'}
  Fetching game stats 48/133: Kent State
    [cache] /games/players {'year': 2023, 'seasonType': 'regular', 'team': 'Kent State'}
  Fetching game stats 49/133: Kentucky
    [cache] /games/players {'year': 2023, 'seasonType': 'regular', 'team': 'Kentucky'}
  Fetching game stats 50/133: Liberty
    [cache] /games/players {'year': 2023, 'seasonType': 'regular', 'team': 'Liberty'}
  Fetching game stats 51/133: Louisiana
    [cache] /games/players {'year': 2023, 'seasonType': 'regular', 'team': 'Louisiana'}
  Fetching game stats 52/133: Louisiana Tech
    [cache] /games/players {'year': 2023, 'seasonType': 'regular', 'team': 'Louisiana Tech'}
  Fetching game stats 53/133: Louisville
    [cache] /games/players {'year': 2023, 'seasonType': 'regular', 'team': 'Louisville'}
  Fetching game stats 54/133: LSU
    [cache] /games/players {'year': 2023, 'seasonType': 'regular', 'team': 'LSU'}
  Fetching game stats 55/133: Marshall
    [cache] /games/players {'year': 2023, 'seasonType': 'regular', 'team': 'Marshall'}
  Fetching game stats 56/133: Maryland
    [cache] /games/players {'year': 2023, 'seasonType': 'regular', 'team': 'Maryland'}
  Fetching game stats 57/133: Massachusetts
    [cache] /games/players {'year': 2023, 'seasonType': 'regular', 'team': 'Massachusetts'}
  Fetching game stats 58/133: Memphis
    [cache] /games/players {'year': 2023, 'seasonType': 'regular', 'team': 'Memphis'}
  Fetching game stats 59/133: Miami
    [cache] /games/players {'year': 2023, 'seasonType': 'regular', 'team': 'Miami'}
  Fetching game stats 60/133: Miami (OH)
    [cache] /games/players {'year': 2023, 'seasonType': 'regular', 'team': 'Miami (OH)'}
  Fetching game stats 61/133: Michigan
    [cache] /games/players {'year': 2023, 'seasonType': 'regular', 'team': 'Michigan'}
  Fetching game stats 62/133: Michigan State
    [cache] /games/players {'year': 2023, 'seasonType': 'regular', 'team': 'Michigan State'}
  Fetching game stats 63/133: Middle Tennessee
    [cache] /games/players {'year': 2023, 'seasonType': 'regular', 'team': 'Middle Tennessee'}
  Fetching game stats 64/133: Minnesota
    [cache] /games/players {'year': 2023, 'seasonType': 'regular', 'team': 'Minnesota'}
  Fetching game stats 65/133: Mississippi State
    [cache] /games/players {'year': 2023, 'seasonType': 'regular', 'team': 'Mississippi State'}
  Fetching game stats 66/133: Missouri
    [cache] /games/players {'year': 2023, 'seasonType': 'regular', 'team': 'Missouri'}
  Fetching game stats 67/133: Navy
    [cache] /games/players {'year': 2023, 'seasonType': 'regular', 'team': 'Navy'}
  Fetching game stats 68/133: NC State
    [cache] /games/players {'year': 2023, 'seasonType': 'regular', 'team': 'NC State'}
  Fetching game stats 69/133: Nebraska
    [cache] /games/players {'year': 2023, 'seasonType': 'regular', 'team': 'Nebraska'}
  Fetching game stats 70/133: Nevada
    [cache] /games/players {'year': 2023, 'seasonType': 'regular', 'team': 'Nevada'}
  Fetching game stats 71/133: New Mexico
    [cache] /games/players {'year': 2023, 'seasonType': 'regular', 'team': 'New Mexico'}
  Fetching game stats 72/133: New Mexico State
    [cache] /games/players {'year': 2023, 'seasonType': 'regular', 'team': 'New Mexico State'}
  Fetching game stats 73/133: North Carolina
    [cache] /games/players {'year': 2023, 'seasonType': 'regular', 'team': 'North Carolina'}
  Fetching game stats 74/133: Northern Illinois
    [cache] /games/players {'year': 2023, 'seasonType': 'regular', 'team': 'Northern Illinois'}
  Fetching game stats 75/133: North Texas
    [cache] /games/players {'year': 2023, 'seasonType': 'regular', 'team': 'North Texas'}
  Fetching game stats 76/133: Northwestern
    [cache] /games/players {'year': 2023, 'seasonType': 'regular', 'team': 'Northwestern'}
  Fetching game stats 77/133: Notre Dame
    [cache] /games/players {'year': 2023, 'seasonType': 'regular', 'team': 'Notre Dame'}
  Fetching game stats 78/133: Ohio
    [cache] /games/players {'year': 2023, 'seasonType': 'regular', 'team': 'Ohio'}
  Fetching game stats 79/133: Ohio State
    [cache] /games/players {'year': 2023, 'seasonType': 'regular', 'team': 'Ohio State'}
  Fetching game stats 80/133: Oklahoma
    [cache] /games/players {'year': 2023, 'seasonType': 'regular', 'team': 'Oklahoma'}
  Fetching game stats 81/133: Oklahoma State
    [cache] /games/players {'year': 2023, 'seasonType': 'regular', 'team': 'Oklahoma State'}
  Fetching game stats 82/133: Old Dominion
    [cache] /games/players {'year': 2023, 'seasonType': 'regular', 'team': 'Old Dominion'}
  Fetching game stats 83/133: Ole Miss
    [cache] /games/players {'year': 2023, 'seasonType': 'regular', 'team': 'Ole Miss'}
  Fetching game stats 84/133: Oregon
    [cache] /games/players {'year': 2023, 'seasonType': 'regular', 'team': 'Oregon'}
  Fetching game stats 85/133: Oregon State
    [cache] /games/players {'year': 2023, 'seasonType': 'regular', 'team': 'Oregon State'}
  Fetching game stats 86/133: Penn State
    [cache] /games/players {'year': 2023, 'seasonType': 'regular', 'team': 'Penn State'}
  Fetching game stats 87/133: Pittsburgh
    [cache] /games/players {'year': 2023, 'seasonType': 'regular', 'team': 'Pittsburgh'}
  Fetching game stats 88/133: Purdue
    [cache] /games/players {'year': 2023, 'seasonType': 'regular', 'team': 'Purdue'}
  Fetching game stats 89/133: Rice
    [cache] /games/players {'year': 2023, 'seasonType': 'regular', 'team': 'Rice'}
  Fetching game stats 90/133: Rutgers
    [cache] /games/players {'year': 2023, 'seasonType': 'regular', 'team': 'Rutgers'}
  Fetching game stats 91/133: Sam Houston
    [cache] /games/players {'year': 2023, 'seasonType': 'regular', 'team': 'Sam Houston'}
  Fetching game stats 92/133: San Diego State
    [cache] /games/players {'year': 2023, 'seasonType': 'regular', 'team': 'San Diego State'}
  Fetching game stats 93/133: San José State
    [cache] /games/players {'year': 2023, 'seasonType': 'regular', 'team': 'San José State'}
  Fetching game stats 94/133: SMU
    [cache] /games/players {'year': 2023, 'seasonType': 'regular', 'team': 'SMU'}
  Fetching game stats 95/133: South Alabama
    [cache] /games/players {'year': 2023, 'seasonType': 'regular', 'team': 'South Alabama'}
  Fetching game stats 96/133: South Carolina
    [cache] /games/players {'year': 2023, 'seasonType': 'regular', 'team': 'South Carolina'}
  Fetching game stats 97/133: Southern Miss
    [cache] /games/players {'year': 2023, 'seasonType': 'regular', 'team': 'Southern Miss'}
  Fetching game stats 98/133: South Florida
    [cache] /games/players {'year': 2023, 'seasonType': 'regular', 'team': 'South Florida'}
  Fetching game stats 99/133: Stanford
    [cache] /games/players {'year': 2023, 'seasonType': 'regular', 'team': 'Stanford'}
  Fetching game stats 100/133: Syracuse
    [cache] /games/players {'year': 2023, 'seasonType': 'regular', 'team': 'Syracuse'}
  Fetching game stats 101/133: TCU
    [cache] /games/players {'year': 2023, 'seasonType': 'regular', 'team': 'TCU'}
  Fetching game stats 102/133: Temple
    [cache] /games/players {'year': 2023, 'seasonType': 'regular', 'team': 'Temple'}
  Fetching game stats 103/133: Tennessee
    [cache] /games/players {'year': 2023, 'seasonType': 'regular', 'team': 'Tennessee'}
  Fetching game stats 104/133: Texas
    [cache] /games/players {'year': 2023, 'seasonType': 'regular', 'team': 'Texas'}
  Fetching game stats 105/133: Texas A&M
    [cache] /games/players {'year': 2023, 'seasonType': 'regular', 'team': 'Texas A&M'}
  Fetching game stats 106/133: Texas State
    [cache] /games/players {'year': 2023, 'seasonType': 'regular', 'team': 'Texas State'}
  Fetching game stats 107/133: Texas Tech
    [cache] /games/players {'year': 2023, 'seasonType': 'regular', 'team': 'Texas Tech'}
  Fetching game stats 108/133: Toledo
    [cache] /games/players {'year': 2023, 'seasonType': 'regular', 'team': 'Toledo'}
  Fetching game stats 109/133: Troy
    [cache] /games/players {'year': 2023, 'seasonType': 'regular', 'team': 'Troy'}
  Fetching game stats 110/133: Tulane
    [cache] /games/players {'year': 2023, 'seasonType': 'regular', 'team': 'Tulane'}
  Fetching game stats 111/133: Tulsa
    [cache] /games/players {'year': 2023, 'seasonType': 'regular', 'team': 'Tulsa'}
  Fetching game stats 112/133: UAB
    [cache] /games/players {'year': 2023, 'seasonType': 'regular', 'team': 'UAB'}
  Fetching game stats 113/133: UCF
    [cache] /games/players {'year': 2023, 'seasonType': 'regular', 'team': 'UCF'}
  Fetching game stats 114/133: UCLA
    [cache] /games/players {'year': 2023, 'seasonType': 'regular', 'team': 'UCLA'}
  Fetching game stats 115/133: UConn
    [cache] /games/players {'year': 2023, 'seasonType': 'regular', 'team': 'UConn'}
  Fetching game stats 116/133: UL Monroe
    [cache] /games/players {'year': 2023, 'seasonType': 'regular', 'team': 'UL Monroe'}
  Fetching game stats 117/133: UNLV
    [cache] /games/players {'year': 2023, 'seasonType': 'regular', 'team': 'UNLV'}
  Fetching game stats 118/133: USC
    [cache] /games/players {'year': 2023, 'seasonType': 'regular', 'team': 'USC'}
  Fetching game stats 119/133: Utah
    [cache] /games/players {'year': 2023, 'seasonType': 'regular', 'team': 'Utah'}
  Fetching game stats 120/133: Utah State
    [cache] /games/players {'year': 2023, 'seasonType': 'regular', 'team': 'Utah State'}
  Fetching game stats 121/133: UTEP
    [cache] /games/players {'year': 2023, 'seasonType': 'regular', 'team': 'UTEP'}
  Fetching game stats 122/133: UTSA
    [cache] /games/players {'year': 2023, 'seasonType': 'regular', 'team': 'UTSA'}
  Fetching game stats 123/133: Vanderbilt
    [cache] /games/players {'year': 2023, 'seasonType': 'regular', 'team': 'Vanderbilt'}
  Fetching game stats 124/133: Virginia
    [cache] /games/players {'year': 2023, 'seasonType': 'regular', 'team': 'Virginia'}
  Fetching game stats 125/133: Virginia Tech
    [cache] /games/players {'year': 2023, 'seasonType': 'regular', 'team': 'Virginia Tech'}
  Fetching game stats 126/133: Wake Forest
    [cache] /games/players {'year': 2023, 'seasonType': 'regular', 'team': 'Wake Forest'}
  Fetching game stats 127/133: Washington
    [cache] /games/players {'year': 2023, 'seasonType': 'regular', 'team': 'Washington'}
  Fetching game stats 128/133: Washington State
    [cache] /games/players {'year': 2023, 'seasonType': 'regular', 'team': 'Washington State'}
  Fetching game stats 129/133: Western Kentucky
    [cache] /games/players {'year': 2023, 'seasonType': 'regular', 'team': 'Western Kentucky'}
  Fetching game stats 130/133: Western Michigan
    [cache] /games/players {'year': 2023, 'seasonType': 'regular', 'team': 'Western Michigan'}
  Fetching game stats 131/133: West Virginia
    [cache] /games/players {'year': 2023, 'seasonType': 'regular', 'team': 'West Virginia'}
  Fetching game stats 132/133: Wisconsin
    [cache] /games/players {'year': 2023, 'seasonType': 'regular', 'team': 'Wisconsin'}
  Fetching game stats 133/133: Wyoming
    [cache] /games/players {'year': 2023, 'seasonType': 'regular', 'team': 'Wyoming'}
  868 unique games with player stats fetched

[6c] Fetching drives and plays by week (weeks 1-16)...
    drives week 1/16
    [cache] /drives {'year': 2023, 'week': 1, 'seasonType': 'regular'}
    drives week 2/16
    [cache] /drives {'year': 2023, 'week': 2, 'seasonType': 'regular'}
    drives week 3/16
    [cache] /drives {'year': 2023, 'week': 3, 'seasonType': 'regular'}
    drives week 4/16
    [cache] /drives {'year': 2023, 'week': 4, 'seasonType': 'regular'}
    drives week 5/16
    [cache] /drives {'year': 2023, 'week': 5, 'seasonType': 'regular'}
    drives week 6/16
    [cache] /drives {'year': 2023, 'week': 6, 'seasonType': 'regular'}
    drives week 7/16
    [cache] /drives {'year': 2023, 'week': 7, 'seasonType': 'regular'}
    drives week 8/16
    [cache] /drives {'year': 2023, 'week': 8, 'seasonType': 'regular'}
    drives week 9/16
    [cache] /drives {'year': 2023, 'week': 9, 'seasonType': 'regular'}
    drives week 10/16
    [cache] /drives {'year': 2023, 'week': 10, 'seasonType': 'regular'}
    drives week 11/16
    [cache] /drives {'year': 2023, 'week': 11, 'seasonType': 'regular'}
    drives week 12/16
    [cache] /drives {'year': 2023, 'week': 12, 'seasonType': 'regular'}
    drives week 13/16
    [cache] /drives {'year': 2023, 'week': 13, 'seasonType': 'regular'}
    drives week 14/16
    [cache] /drives {'year': 2023, 'week': 14, 'seasonType': 'regular'}
    drives week 15/16
    [cache] /drives {'year': 2023, 'week': 15, 'seasonType': 'regular'}
    drives week 16/16
    [cache] /drives {'year': 2023, 'week': 16, 'seasonType': 'regular'}
  33950 total drives fetched
    plays week 1/16
    [cache] /plays {'year': 2023, 'week': 1, 'seasonType': 'regular'}
    plays week 2/16
    [cache] /plays {'year': 2023, 'week': 2, 'seasonType': 'regular'}
    plays week 3/16
    [cache] /plays {'year': 2023, 'week': 3, 'seasonType': 'regular'}
    plays week 4/16
    [cache] /plays {'year': 2023, 'week': 4, 'seasonType': 'regular'}
    plays week 5/16
    [cache] /plays {'year': 2023, 'week': 5, 'seasonType': 'regular'}
    plays week 6/16
    [cache] /plays {'year': 2023, 'week': 6, 'seasonType': 'regular'}
    plays week 7/16
    [cache] /plays {'year': 2023, 'week': 7, 'seasonType': 'regular'}
    plays week 8/16
    [cache] /plays {'year': 2023, 'week': 8, 'seasonType': 'regular'}
    plays week 9/16
    [cache] /plays {'year': 2023, 'week': 9, 'seasonType': 'regular'}
    plays week 10/16
    [cache] /plays {'year': 2023, 'week': 10, 'seasonType': 'regular'}
    plays week 11/16
    [cache] /plays {'year': 2023, 'week': 11, 'seasonType': 'regular'}
    plays week 12/16
    [cache] /plays {'year': 2023, 'week': 12, 'seasonType': 'regular'}
    plays week 13/16
    [cache] /plays {'year': 2023, 'week': 13, 'seasonType': 'regular'}
    plays week 14/16
    [cache] /plays {'year': 2023, 'week': 14, 'seasonType': 'regular'}
    plays week 15/16
    [cache] /plays {'year': 2023, 'week': 15, 'seasonType': 'regular'}
    plays week 16/16
    [cache] /plays {'year': 2023, 'week': 16, 'seasonType': 'regular'}
  242938 total plays fetched
  2574 rushers with parsed carry data (725 QBs excluded)

[7/7] Processing ratings...
  Building opponent-weighted stats from gamelog...
  11822 players with opponent-weighted stats
Building player gamelogs (early pass for gamelog-derived skills)...
  Gamelog-derived skills computed for 11822 players
Normalizing ratings...
Applying backup/no-data tier ratings...
  4653 backup/no-data players rated via star-anchor pathway
  OL boosts applied to 986 player(s) (draft/awards/continuity)
Computing team ratings...
Generating public names...

  Year 2023 rating distribution:
    40-49:  3760 (23%) ###########
    50-59:  2689 (16%) ########
    60-69:  4583 (28%) ##############
    70-79:  3007 (18%) #########
    80-89:  1555 ( 9%) ####
    90-99:   324 ( 2%) #
    Min=40 Max=99 Median=64
  133 teams, 15918 players.
Building schedule, drives, and plays...
  3595 games, 11822 players with gamelogs
  33950 drives, 242938 plays

Writing to C:\Projects\CFB-Video-Game\app\assets\data/
  2023/teams_private.json: 133 entries
  2023/teams_public.json: 133 entries
  2023/players_private.json: 15918 entries
  2023/players_public.json: 15918 entries
  2023/ratings.json: 15918 entries
  2023/team_schedule.json: 3595 entries
  2023/player_gamelog.json: 11822 keys, 57171 entries
  2023/team_drives.json: 270 keys, 33950 entries
  2023/team_plays_wk*.json.gz: 15 weeks, 242938 plays
  Loaded 15918 player IDs from 2023 for continuity check

============================================================
  PROCESSING YEAR 2024
============================================================

[1/7] Fetching FBS teams...
    [cache] /teams/fbs {'year': 2024}
  Found 134 teams

[2/7] Fetching rosters...
  Fetching roster 1/134: Air Force
    [cache] /roster {'team': 'Air Force', 'year': 2024}
  Fetching roster 2/134: Akron
    [cache] /roster {'team': 'Akron', 'year': 2024}
  Fetching roster 3/134: Alabama
    [cache] /roster {'team': 'Alabama', 'year': 2024}
  Fetching roster 4/134: App State
    [cache] /roster {'team': 'App State', 'year': 2024}
  Fetching roster 5/134: Arizona
    [cache] /roster {'team': 'Arizona', 'year': 2024}
  Fetching roster 6/134: Arizona State
    [cache] /roster {'team': 'Arizona State', 'year': 2024}
  Fetching roster 7/134: Arkansas
    [cache] /roster {'team': 'Arkansas', 'year': 2024}
  Fetching roster 8/134: Arkansas State
    [cache] /roster {'team': 'Arkansas State', 'year': 2024}
  Fetching roster 9/134: Army
    [cache] /roster {'team': 'Army', 'year': 2024}
  Fetching roster 10/134: Auburn
    [cache] /roster {'team': 'Auburn', 'year': 2024}
  Fetching roster 11/134: Ball State
    [cache] /roster {'team': 'Ball State', 'year': 2024}
  Fetching roster 12/134: Baylor
    [cache] /roster {'team': 'Baylor', 'year': 2024}
  Fetching roster 13/134: Boise State
    [cache] /roster {'team': 'Boise State', 'year': 2024}
  Fetching roster 14/134: Boston College
    [cache] /roster {'team': 'Boston College', 'year': 2024}
  Fetching roster 15/134: Bowling Green
    [cache] /roster {'team': 'Bowling Green', 'year': 2024}
  Fetching roster 16/134: Buffalo
    [cache] /roster {'team': 'Buffalo', 'year': 2024}
  Fetching roster 17/134: BYU
    [cache] /roster {'team': 'BYU', 'year': 2024}
  Fetching roster 18/134: California
    [cache] /roster {'team': 'California', 'year': 2024}
  Fetching roster 19/134: Central Michigan
    [cache] /roster {'team': 'Central Michigan', 'year': 2024}
  Fetching roster 20/134: Charlotte
    [cache] /roster {'team': 'Charlotte', 'year': 2024}
  Fetching roster 21/134: Cincinnati
    [cache] /roster {'team': 'Cincinnati', 'year': 2024}
  Fetching roster 22/134: Clemson
    [cache] /roster {'team': 'Clemson', 'year': 2024}
  Fetching roster 23/134: Coastal Carolina
    [cache] /roster {'team': 'Coastal Carolina', 'year': 2024}
  Fetching roster 24/134: Colorado
    [cache] /roster {'team': 'Colorado', 'year': 2024}
  Fetching roster 25/134: Colorado State
    [cache] /roster {'team': 'Colorado State', 'year': 2024}
  Fetching roster 26/134: Duke
    [cache] /roster {'team': 'Duke', 'year': 2024}
  Fetching roster 27/134: East Carolina
    [cache] /roster {'team': 'East Carolina', 'year': 2024}
  Fetching roster 28/134: Eastern Michigan
    [cache] /roster {'team': 'Eastern Michigan', 'year': 2024}
  Fetching roster 29/134: Florida
    [cache] /roster {'team': 'Florida', 'year': 2024}
  Fetching roster 30/134: Florida Atlantic
    [cache] /roster {'team': 'Florida Atlantic', 'year': 2024}
  Fetching roster 31/134: Florida International
    [cache] /roster {'team': 'Florida International', 'year': 2024}
  Fetching roster 32/134: Florida State
    [cache] /roster {'team': 'Florida State', 'year': 2024}
  Fetching roster 33/134: Fresno State
    [cache] /roster {'team': 'Fresno State', 'year': 2024}
  Fetching roster 34/134: Georgia
    [cache] /roster {'team': 'Georgia', 'year': 2024}
  Fetching roster 35/134: Georgia Southern
    [cache] /roster {'team': 'Georgia Southern', 'year': 2024}
  Fetching roster 36/134: Georgia State
    [cache] /roster {'team': 'Georgia State', 'year': 2024}
  Fetching roster 37/134: Georgia Tech
    [cache] /roster {'team': 'Georgia Tech', 'year': 2024}
  Fetching roster 38/134: Hawai'i
    [cache] /roster {'team': "Hawai'i", 'year': 2024}
  Fetching roster 39/134: Houston
    [cache] /roster {'team': 'Houston', 'year': 2024}
  Fetching roster 40/134: Illinois
    [cache] /roster {'team': 'Illinois', 'year': 2024}
  Fetching roster 41/134: Indiana
    [cache] /roster {'team': 'Indiana', 'year': 2024}
  Fetching roster 42/134: Iowa
    [cache] /roster {'team': 'Iowa', 'year': 2024}
  Fetching roster 43/134: Iowa State
    [cache] /roster {'team': 'Iowa State', 'year': 2024}
  Fetching roster 44/134: Jacksonville State
    [cache] /roster {'team': 'Jacksonville State', 'year': 2024}
  Fetching roster 45/134: James Madison
    [cache] /roster {'team': 'James Madison', 'year': 2024}
  Fetching roster 46/134: Kansas
    [cache] /roster {'team': 'Kansas', 'year': 2024}
  Fetching roster 47/134: Kansas State
    [cache] /roster {'team': 'Kansas State', 'year': 2024}
  Fetching roster 48/134: Kennesaw State
    [cache] /roster {'team': 'Kennesaw State', 'year': 2024}
  Fetching roster 49/134: Kent State
    [cache] /roster {'team': 'Kent State', 'year': 2024}
  Fetching roster 50/134: Kentucky
    [cache] /roster {'team': 'Kentucky', 'year': 2024}
  Fetching roster 51/134: Liberty
    [cache] /roster {'team': 'Liberty', 'year': 2024}
  Fetching roster 52/134: Louisiana
    [cache] /roster {'team': 'Louisiana', 'year': 2024}
  Fetching roster 53/134: Louisiana Tech
    [cache] /roster {'team': 'Louisiana Tech', 'year': 2024}
  Fetching roster 54/134: Louisville
    [cache] /roster {'team': 'Louisville', 'year': 2024}
  Fetching roster 55/134: LSU
    [cache] /roster {'team': 'LSU', 'year': 2024}
  Fetching roster 56/134: Marshall
    [cache] /roster {'team': 'Marshall', 'year': 2024}
  Fetching roster 57/134: Maryland
    [cache] /roster {'team': 'Maryland', 'year': 2024}
  Fetching roster 58/134: Massachusetts
    [cache] /roster {'team': 'Massachusetts', 'year': 2024}
  Fetching roster 59/134: Memphis
    [cache] /roster {'team': 'Memphis', 'year': 2024}
  Fetching roster 60/134: Miami
    [cache] /roster {'team': 'Miami', 'year': 2024}
  Fetching roster 61/134: Miami (OH)
    [cache] /roster {'team': 'Miami (OH)', 'year': 2024}
  Fetching roster 62/134: Michigan
    [cache] /roster {'team': 'Michigan', 'year': 2024}
  Fetching roster 63/134: Michigan State
    [cache] /roster {'team': 'Michigan State', 'year': 2024}
  Fetching roster 64/134: Middle Tennessee
    [cache] /roster {'team': 'Middle Tennessee', 'year': 2024}
  Fetching roster 65/134: Minnesota
    [cache] /roster {'team': 'Minnesota', 'year': 2024}
  Fetching roster 66/134: Mississippi State
    [cache] /roster {'team': 'Mississippi State', 'year': 2024}
  Fetching roster 67/134: Missouri
    [cache] /roster {'team': 'Missouri', 'year': 2024}
  Fetching roster 68/134: Navy
    [cache] /roster {'team': 'Navy', 'year': 2024}
  Fetching roster 69/134: NC State
    [cache] /roster {'team': 'NC State', 'year': 2024}
  Fetching roster 70/134: Nebraska
    [cache] /roster {'team': 'Nebraska', 'year': 2024}
  Fetching roster 71/134: Nevada
    [cache] /roster {'team': 'Nevada', 'year': 2024}
  Fetching roster 72/134: New Mexico
    [cache] /roster {'team': 'New Mexico', 'year': 2024}
  Fetching roster 73/134: New Mexico State
    [cache] /roster {'team': 'New Mexico State', 'year': 2024}
  Fetching roster 74/134: North Carolina
    [cache] /roster {'team': 'North Carolina', 'year': 2024}
  Fetching roster 75/134: Northern Illinois
    [cache] /roster {'team': 'Northern Illinois', 'year': 2024}
  Fetching roster 76/134: North Texas
    [cache] /roster {'team': 'North Texas', 'year': 2024}
  Fetching roster 77/134: Northwestern
    [cache] /roster {'team': 'Northwestern', 'year': 2024}
  Fetching roster 78/134: Notre Dame
    [cache] /roster {'team': 'Notre Dame', 'year': 2024}
  Fetching roster 79/134: Ohio
    [cache] /roster {'team': 'Ohio', 'year': 2024}
  Fetching roster 80/134: Ohio State
    [cache] /roster {'team': 'Ohio State', 'year': 2024}
  Fetching roster 81/134: Oklahoma
    [cache] /roster {'team': 'Oklahoma', 'year': 2024}
  Fetching roster 82/134: Oklahoma State
    [cache] /roster {'team': 'Oklahoma State', 'year': 2024}
  Fetching roster 83/134: Old Dominion
    [cache] /roster {'team': 'Old Dominion', 'year': 2024}
  Fetching roster 84/134: Ole Miss
    [cache] /roster {'team': 'Ole Miss', 'year': 2024}
  Fetching roster 85/134: Oregon
    [cache] /roster {'team': 'Oregon', 'year': 2024}
  Fetching roster 86/134: Oregon State
    [cache] /roster {'team': 'Oregon State', 'year': 2024}
  Fetching roster 87/134: Penn State
    [cache] /roster {'team': 'Penn State', 'year': 2024}
  Fetching roster 88/134: Pittsburgh
    [cache] /roster {'team': 'Pittsburgh', 'year': 2024}
  Fetching roster 89/134: Purdue
    [cache] /roster {'team': 'Purdue', 'year': 2024}
  Fetching roster 90/134: Rice
    [cache] /roster {'team': 'Rice', 'year': 2024}
  Fetching roster 91/134: Rutgers
    [cache] /roster {'team': 'Rutgers', 'year': 2024}
  Fetching roster 92/134: Sam Houston
    [cache] /roster {'team': 'Sam Houston', 'year': 2024}
  Fetching roster 93/134: San Diego State
    [cache] /roster {'team': 'San Diego State', 'year': 2024}
  Fetching roster 94/134: San José State
    [cache] /roster {'team': 'San José State', 'year': 2024}
  Fetching roster 95/134: SMU
    [cache] /roster {'team': 'SMU', 'year': 2024}
  Fetching roster 96/134: South Alabama
    [cache] /roster {'team': 'South Alabama', 'year': 2024}
  Fetching roster 97/134: South Carolina
    [cache] /roster {'team': 'South Carolina', 'year': 2024}
  Fetching roster 98/134: Southern Miss
    [cache] /roster {'team': 'Southern Miss', 'year': 2024}
  Fetching roster 99/134: South Florida
    [cache] /roster {'team': 'South Florida', 'year': 2024}
  Fetching roster 100/134: Stanford
    [cache] /roster {'team': 'Stanford', 'year': 2024}
  Fetching roster 101/134: Syracuse
    [cache] /roster {'team': 'Syracuse', 'year': 2024}
  Fetching roster 102/134: TCU
    [cache] /roster {'team': 'TCU', 'year': 2024}
  Fetching roster 103/134: Temple
    [cache] /roster {'team': 'Temple', 'year': 2024}
  Fetching roster 104/134: Tennessee
    [cache] /roster {'team': 'Tennessee', 'year': 2024}
  Fetching roster 105/134: Texas
    [cache] /roster {'team': 'Texas', 'year': 2024}
  Fetching roster 106/134: Texas A&M
    [cache] /roster {'team': 'Texas A&M', 'year': 2024}
  Fetching roster 107/134: Texas State
    [cache] /roster {'team': 'Texas State', 'year': 2024}
  Fetching roster 108/134: Texas Tech
    [cache] /roster {'team': 'Texas Tech', 'year': 2024}
  Fetching roster 109/134: Toledo
    [cache] /roster {'team': 'Toledo', 'year': 2024}
  Fetching roster 110/134: Troy
    [cache] /roster {'team': 'Troy', 'year': 2024}
  Fetching roster 111/134: Tulane
    [cache] /roster {'team': 'Tulane', 'year': 2024}
  Fetching roster 112/134: Tulsa
    [cache] /roster {'team': 'Tulsa', 'year': 2024}
  Fetching roster 113/134: UAB
    [cache] /roster {'team': 'UAB', 'year': 2024}
  Fetching roster 114/134: UCF
    [cache] /roster {'team': 'UCF', 'year': 2024}
  Fetching roster 115/134: UCLA
    [cache] /roster {'team': 'UCLA', 'year': 2024}
  Fetching roster 116/134: UConn
    [cache] /roster {'team': 'UConn', 'year': 2024}
  Fetching roster 117/134: UL Monroe
    [cache] /roster {'team': 'UL Monroe', 'year': 2024}
  Fetching roster 118/134: UNLV
    [cache] /roster {'team': 'UNLV', 'year': 2024}
  Fetching roster 119/134: USC
    [cache] /roster {'team': 'USC', 'year': 2024}
  Fetching roster 120/134: Utah
    [cache] /roster {'team': 'Utah', 'year': 2024}
  Fetching roster 121/134: Utah State
    [cache] /roster {'team': 'Utah State', 'year': 2024}
  Fetching roster 122/134: UTEP
    [cache] /roster {'team': 'UTEP', 'year': 2024}
  Fetching roster 123/134: UTSA
    [cache] /roster {'team': 'UTSA', 'year': 2024}
  Fetching roster 124/134: Vanderbilt
    [cache] /roster {'team': 'Vanderbilt', 'year': 2024}
  Fetching roster 125/134: Virginia
    [cache] /roster {'team': 'Virginia', 'year': 2024}
  Fetching roster 126/134: Virginia Tech
    [cache] /roster {'team': 'Virginia Tech', 'year': 2024}
  Fetching roster 127/134: Wake Forest
    [cache] /roster {'team': 'Wake Forest', 'year': 2024}
  Fetching roster 128/134: Washington
    [cache] /roster {'team': 'Washington', 'year': 2024}
  Fetching roster 129/134: Washington State
    [cache] /roster {'team': 'Washington State', 'year': 2024}
  Fetching roster 130/134: Western Kentucky
    [cache] /roster {'team': 'Western Kentucky', 'year': 2024}
  Fetching roster 131/134: Western Michigan
    [cache] /roster {'team': 'Western Michigan', 'year': 2024}
  Fetching roster 132/134: West Virginia
    [cache] /roster {'team': 'West Virginia', 'year': 2024}
  Fetching roster 133/134: Wisconsin
    [cache] /roster {'team': 'Wisconsin', 'year': 2024}
  Fetching roster 134/134: Wyoming
    [cache] /roster {'team': 'Wyoming', 'year': 2024}

[3/7] Fetching player stats...
    [cache] /stats/player/season {'year': 2024, 'seasonType': 'regular'}
  13703 player stat entries

[3b] Fetching player usage...
    [cache] /player/usage {'year': 2024, 'seasonType': 'regular'}
  4104 usage entries

[3c] Fetching player awards...
    GET /awards {'year': 2024}
    WARNING: /awards {'year': 2024} failed: Expecting value: line 2 column 1 (char 1)
  0 award entries
  23 OL draft picks mapped for 2025 NFL Draft

[4/7] Fetching PPA data...
    [cache] /ppa/players/season {'year': 2024}
  4103 PPA entries

[5/7] Fetching team stats + SP+ + talent...
    [cache] /stats/season {'year': 2024}
    [cache] /ratings/sp {'year': 2024}
    [cache] /talent {'year': 2024}

[6/7] Fetching recruiting data...
    Class 2020...
    [cache] /recruiting/players {'year': 2020}
    Class 2021...
    [cache] /recruiting/players {'year': 2021}
    Class 2022...
    [cache] /recruiting/players {'year': 2022}
    Class 2023...
    [cache] /recruiting/players {'year': 2023}
    Class 2024...
    [cache] /recruiting/players {'year': 2024}

[6b] Fetching game results and player game stats (Phase 2)...
    [cache] /games {'year': 2024, 'seasonType': 'regular'}
  3747 games fetched
  Fetching game stats 1/134: Air Force
    [cache] /games/players {'year': 2024, 'seasonType': 'regular', 'team': 'Air Force'}
  Fetching game stats 2/134: Akron
    [cache] /games/players {'year': 2024, 'seasonType': 'regular', 'team': 'Akron'}
  Fetching game stats 3/134: Alabama
    [cache] /games/players {'year': 2024, 'seasonType': 'regular', 'team': 'Alabama'}
  Fetching game stats 4/134: App State
    [cache] /games/players {'year': 2024, 'seasonType': 'regular', 'team': 'App State'}
  Fetching game stats 5/134: Arizona
    [cache] /games/players {'year': 2024, 'seasonType': 'regular', 'team': 'Arizona'}
  Fetching game stats 6/134: Arizona State
    [cache] /games/players {'year': 2024, 'seasonType': 'regular', 'team': 'Arizona State'}
  Fetching game stats 7/134: Arkansas
    [cache] /games/players {'year': 2024, 'seasonType': 'regular', 'team': 'Arkansas'}
  Fetching game stats 8/134: Arkansas State
    [cache] /games/players {'year': 2024, 'seasonType': 'regular', 'team': 'Arkansas State'}
  Fetching game stats 9/134: Army
    [cache] /games/players {'year': 2024, 'seasonType': 'regular', 'team': 'Army'}
  Fetching game stats 10/134: Auburn
    [cache] /games/players {'year': 2024, 'seasonType': 'regular', 'team': 'Auburn'}
  Fetching game stats 11/134: Ball State
    [cache] /games/players {'year': 2024, 'seasonType': 'regular', 'team': 'Ball State'}
  Fetching game stats 12/134: Baylor
    [cache] /games/players {'year': 2024, 'seasonType': 'regular', 'team': 'Baylor'}
  Fetching game stats 13/134: Boise State
    [cache] /games/players {'year': 2024, 'seasonType': 'regular', 'team': 'Boise State'}
  Fetching game stats 14/134: Boston College
    [cache] /games/players {'year': 2024, 'seasonType': 'regular', 'team': 'Boston College'}
  Fetching game stats 15/134: Bowling Green
    [cache] /games/players {'year': 2024, 'seasonType': 'regular', 'team': 'Bowling Green'}
  Fetching game stats 16/134: Buffalo
    [cache] /games/players {'year': 2024, 'seasonType': 'regular', 'team': 'Buffalo'}
  Fetching game stats 17/134: BYU
    [cache] /games/players {'year': 2024, 'seasonType': 'regular', 'team': 'BYU'}
  Fetching game stats 18/134: California
    [cache] /games/players {'year': 2024, 'seasonType': 'regular', 'team': 'California'}
  Fetching game stats 19/134: Central Michigan
    [cache] /games/players {'year': 2024, 'seasonType': 'regular', 'team': 'Central Michigan'}
  Fetching game stats 20/134: Charlotte
    [cache] /games/players {'year': 2024, 'seasonType': 'regular', 'team': 'Charlotte'}
  Fetching game stats 21/134: Cincinnati
    [cache] /games/players {'year': 2024, 'seasonType': 'regular', 'team': 'Cincinnati'}
  Fetching game stats 22/134: Clemson
    [cache] /games/players {'year': 2024, 'seasonType': 'regular', 'team': 'Clemson'}
  Fetching game stats 23/134: Coastal Carolina
    [cache] /games/players {'year': 2024, 'seasonType': 'regular', 'team': 'Coastal Carolina'}
  Fetching game stats 24/134: Colorado
    [cache] /games/players {'year': 2024, 'seasonType': 'regular', 'team': 'Colorado'}
  Fetching game stats 25/134: Colorado State
    [cache] /games/players {'year': 2024, 'seasonType': 'regular', 'team': 'Colorado State'}
  Fetching game stats 26/134: Duke
    [cache] /games/players {'year': 2024, 'seasonType': 'regular', 'team': 'Duke'}
  Fetching game stats 27/134: East Carolina
    [cache] /games/players {'year': 2024, 'seasonType': 'regular', 'team': 'East Carolina'}
  Fetching game stats 28/134: Eastern Michigan
    [cache] /games/players {'year': 2024, 'seasonType': 'regular', 'team': 'Eastern Michigan'}
  Fetching game stats 29/134: Florida
    [cache] /games/players {'year': 2024, 'seasonType': 'regular', 'team': 'Florida'}
  Fetching game stats 30/134: Florida Atlantic
    [cache] /games/players {'year': 2024, 'seasonType': 'regular', 'team': 'Florida Atlantic'}
  Fetching game stats 31/134: Florida International
    [cache] /games/players {'year': 2024, 'seasonType': 'regular', 'team': 'Florida International'}
  Fetching game stats 32/134: Florida State
    [cache] /games/players {'year': 2024, 'seasonType': 'regular', 'team': 'Florida State'}
  Fetching game stats 33/134: Fresno State
    [cache] /games/players {'year': 2024, 'seasonType': 'regular', 'team': 'Fresno State'}
  Fetching game stats 34/134: Georgia
    [cache] /games/players {'year': 2024, 'seasonType': 'regular', 'team': 'Georgia'}
  Fetching game stats 35/134: Georgia Southern
    [cache] /games/players {'year': 2024, 'seasonType': 'regular', 'team': 'Georgia Southern'}
  Fetching game stats 36/134: Georgia State
    [cache] /games/players {'year': 2024, 'seasonType': 'regular', 'team': 'Georgia State'}
  Fetching game stats 37/134: Georgia Tech
    [cache] /games/players {'year': 2024, 'seasonType': 'regular', 'team': 'Georgia Tech'}
  Fetching game stats 38/134: Hawai'i
    [cache] /games/players {'year': 2024, 'seasonType': 'regular', 'team': "Hawai'i"}
  Fetching game stats 39/134: Houston
    [cache] /games/players {'year': 2024, 'seasonType': 'regular', 'team': 'Houston'}
  Fetching game stats 40/134: Illinois
    [cache] /games/players {'year': 2024, 'seasonType': 'regular', 'team': 'Illinois'}
  Fetching game stats 41/134: Indiana
    [cache] /games/players {'year': 2024, 'seasonType': 'regular', 'team': 'Indiana'}
  Fetching game stats 42/134: Iowa
    [cache] /games/players {'year': 2024, 'seasonType': 'regular', 'team': 'Iowa'}
  Fetching game stats 43/134: Iowa State
    [cache] /games/players {'year': 2024, 'seasonType': 'regular', 'team': 'Iowa State'}
  Fetching game stats 44/134: Jacksonville State
    [cache] /games/players {'year': 2024, 'seasonType': 'regular', 'team': 'Jacksonville State'}
  Fetching game stats 45/134: James Madison
    [cache] /games/players {'year': 2024, 'seasonType': 'regular', 'team': 'James Madison'}
  Fetching game stats 46/134: Kansas
    [cache] /games/players {'year': 2024, 'seasonType': 'regular', 'team': 'Kansas'}
  Fetching game stats 47/134: Kansas State
    [cache] /games/players {'year': 2024, 'seasonType': 'regular', 'team': 'Kansas State'}
  Fetching game stats 48/134: Kennesaw State
    [cache] /games/players {'year': 2024, 'seasonType': 'regular', 'team': 'Kennesaw State'}
  Fetching game stats 49/134: Kent State
    [cache] /games/players {'year': 2024, 'seasonType': 'regular', 'team': 'Kent State'}
  Fetching game stats 50/134: Kentucky
    [cache] /games/players {'year': 2024, 'seasonType': 'regular', 'team': 'Kentucky'}
  Fetching game stats 51/134: Liberty
    [cache] /games/players {'year': 2024, 'seasonType': 'regular', 'team': 'Liberty'}
  Fetching game stats 52/134: Louisiana
    [cache] /games/players {'year': 2024, 'seasonType': 'regular', 'team': 'Louisiana'}
  Fetching game stats 53/134: Louisiana Tech
    [cache] /games/players {'year': 2024, 'seasonType': 'regular', 'team': 'Louisiana Tech'}
  Fetching game stats 54/134: Louisville
    [cache] /games/players {'year': 2024, 'seasonType': 'regular', 'team': 'Louisville'}
  Fetching game stats 55/134: LSU
    [cache] /games/players {'year': 2024, 'seasonType': 'regular', 'team': 'LSU'}
  Fetching game stats 56/134: Marshall
    [cache] /games/players {'year': 2024, 'seasonType': 'regular', 'team': 'Marshall'}
  Fetching game stats 57/134: Maryland
    [cache] /games/players {'year': 2024, 'seasonType': 'regular', 'team': 'Maryland'}
  Fetching game stats 58/134: Massachusetts
    [cache] /games/players {'year': 2024, 'seasonType': 'regular', 'team': 'Massachusetts'}
  Fetching game stats 59/134: Memphis
    [cache] /games/players {'year': 2024, 'seasonType': 'regular', 'team': 'Memphis'}
  Fetching game stats 60/134: Miami
    [cache] /games/players {'year': 2024, 'seasonType': 'regular', 'team': 'Miami'}
  Fetching game stats 61/134: Miami (OH)
    [cache] /games/players {'year': 2024, 'seasonType': 'regular', 'team': 'Miami (OH)'}
  Fetching game stats 62/134: Michigan
    [cache] /games/players {'year': 2024, 'seasonType': 'regular', 'team': 'Michigan'}
  Fetching game stats 63/134: Michigan State
    [cache] /games/players {'year': 2024, 'seasonType': 'regular', 'team': 'Michigan State'}
  Fetching game stats 64/134: Middle Tennessee
    [cache] /games/players {'year': 2024, 'seasonType': 'regular', 'team': 'Middle Tennessee'}
  Fetching game stats 65/134: Minnesota
    [cache] /games/players {'year': 2024, 'seasonType': 'regular', 'team': 'Minnesota'}
  Fetching game stats 66/134: Mississippi State
    [cache] /games/players {'year': 2024, 'seasonType': 'regular', 'team': 'Mississippi State'}
  Fetching game stats 67/134: Missouri
    [cache] /games/players {'year': 2024, 'seasonType': 'regular', 'team': 'Missouri'}
  Fetching game stats 68/134: Navy
    [cache] /games/players {'year': 2024, 'seasonType': 'regular', 'team': 'Navy'}
  Fetching game stats 69/134: NC State
    [cache] /games/players {'year': 2024, 'seasonType': 'regular', 'team': 'NC State'}
  Fetching game stats 70/134: Nebraska
    [cache] /games/players {'year': 2024, 'seasonType': 'regular', 'team': 'Nebraska'}
  Fetching game stats 71/134: Nevada
    [cache] /games/players {'year': 2024, 'seasonType': 'regular', 'team': 'Nevada'}
  Fetching game stats 72/134: New Mexico
    [cache] /games/players {'year': 2024, 'seasonType': 'regular', 'team': 'New Mexico'}
  Fetching game stats 73/134: New Mexico State
    [cache] /games/players {'year': 2024, 'seasonType': 'regular', 'team': 'New Mexico State'}
  Fetching game stats 74/134: North Carolina
    [cache] /games/players {'year': 2024, 'seasonType': 'regular', 'team': 'North Carolina'}
  Fetching game stats 75/134: Northern Illinois
    [cache] /games/players {'year': 2024, 'seasonType': 'regular', 'team': 'Northern Illinois'}
  Fetching game stats 76/134: North Texas
    [cache] /games/players {'year': 2024, 'seasonType': 'regular', 'team': 'North Texas'}
  Fetching game stats 77/134: Northwestern
    [cache] /games/players {'year': 2024, 'seasonType': 'regular', 'team': 'Northwestern'}
  Fetching game stats 78/134: Notre Dame
    [cache] /games/players {'year': 2024, 'seasonType': 'regular', 'team': 'Notre Dame'}
  Fetching game stats 79/134: Ohio
    [cache] /games/players {'year': 2024, 'seasonType': 'regular', 'team': 'Ohio'}
  Fetching game stats 80/134: Ohio State
    [cache] /games/players {'year': 2024, 'seasonType': 'regular', 'team': 'Ohio State'}
  Fetching game stats 81/134: Oklahoma
    [cache] /games/players {'year': 2024, 'seasonType': 'regular', 'team': 'Oklahoma'}
  Fetching game stats 82/134: Oklahoma State
    [cache] /games/players {'year': 2024, 'seasonType': 'regular', 'team': 'Oklahoma State'}
  Fetching game stats 83/134: Old Dominion
    [cache] /games/players {'year': 2024, 'seasonType': 'regular', 'team': 'Old Dominion'}
  Fetching game stats 84/134: Ole Miss
    [cache] /games/players {'year': 2024, 'seasonType': 'regular', 'team': 'Ole Miss'}
  Fetching game stats 85/134: Oregon
    [cache] /games/players {'year': 2024, 'seasonType': 'regular', 'team': 'Oregon'}
  Fetching game stats 86/134: Oregon State
    [cache] /games/players {'year': 2024, 'seasonType': 'regular', 'team': 'Oregon State'}
  Fetching game stats 87/134: Penn State
    [cache] /games/players {'year': 2024, 'seasonType': 'regular', 'team': 'Penn State'}
  Fetching game stats 88/134: Pittsburgh
    [cache] /games/players {'year': 2024, 'seasonType': 'regular', 'team': 'Pittsburgh'}
  Fetching game stats 89/134: Purdue
    [cache] /games/players {'year': 2024, 'seasonType': 'regular', 'team': 'Purdue'}
  Fetching game stats 90/134: Rice
    [cache] /games/players {'year': 2024, 'seasonType': 'regular', 'team': 'Rice'}
  Fetching game stats 91/134: Rutgers
    [cache] /games/players {'year': 2024, 'seasonType': 'regular', 'team': 'Rutgers'}
  Fetching game stats 92/134: Sam Houston
    [cache] /games/players {'year': 2024, 'seasonType': 'regular', 'team': 'Sam Houston'}
  Fetching game stats 93/134: San Diego State
    [cache] /games/players {'year': 2024, 'seasonType': 'regular', 'team': 'San Diego State'}
  Fetching game stats 94/134: San José State
    [cache] /games/players {'year': 2024, 'seasonType': 'regular', 'team': 'San José State'}
  Fetching game stats 95/134: SMU
    [cache] /games/players {'year': 2024, 'seasonType': 'regular', 'team': 'SMU'}
  Fetching game stats 96/134: South Alabama
    [cache] /games/players {'year': 2024, 'seasonType': 'regular', 'team': 'South Alabama'}
  Fetching game stats 97/134: South Carolina
    [cache] /games/players {'year': 2024, 'seasonType': 'regular', 'team': 'South Carolina'}
  Fetching game stats 98/134: Southern Miss
    [cache] /games/players {'year': 2024, 'seasonType': 'regular', 'team': 'Southern Miss'}
  Fetching game stats 99/134: South Florida
    [cache] /games/players {'year': 2024, 'seasonType': 'regular', 'team': 'South Florida'}
  Fetching game stats 100/134: Stanford
    [cache] /games/players {'year': 2024, 'seasonType': 'regular', 'team': 'Stanford'}
  Fetching game stats 101/134: Syracuse
    [cache] /games/players {'year': 2024, 'seasonType': 'regular', 'team': 'Syracuse'}
  Fetching game stats 102/134: TCU
    [cache] /games/players {'year': 2024, 'seasonType': 'regular', 'team': 'TCU'}
  Fetching game stats 103/134: Temple
    [cache] /games/players {'year': 2024, 'seasonType': 'regular', 'team': 'Temple'}
  Fetching game stats 104/134: Tennessee
    [cache] /games/players {'year': 2024, 'seasonType': 'regular', 'team': 'Tennessee'}
  Fetching game stats 105/134: Texas
    [cache] /games/players {'year': 2024, 'seasonType': 'regular', 'team': 'Texas'}
  Fetching game stats 106/134: Texas A&M
    [cache] /games/players {'year': 2024, 'seasonType': 'regular', 'team': 'Texas A&M'}
  Fetching game stats 107/134: Texas State
    [cache] /games/players {'year': 2024, 'seasonType': 'regular', 'team': 'Texas State'}
  Fetching game stats 108/134: Texas Tech
    [cache] /games/players {'year': 2024, 'seasonType': 'regular', 'team': 'Texas Tech'}
  Fetching game stats 109/134: Toledo
    [cache] /games/players {'year': 2024, 'seasonType': 'regular', 'team': 'Toledo'}
  Fetching game stats 110/134: Troy
    [cache] /games/players {'year': 2024, 'seasonType': 'regular', 'team': 'Troy'}
  Fetching game stats 111/134: Tulane
    [cache] /games/players {'year': 2024, 'seasonType': 'regular', 'team': 'Tulane'}
  Fetching game stats 112/134: Tulsa
    [cache] /games/players {'year': 2024, 'seasonType': 'regular', 'team': 'Tulsa'}
  Fetching game stats 113/134: UAB
    [cache] /games/players {'year': 2024, 'seasonType': 'regular', 'team': 'UAB'}
  Fetching game stats 114/134: UCF
    [cache] /games/players {'year': 2024, 'seasonType': 'regular', 'team': 'UCF'}
  Fetching game stats 115/134: UCLA
    [cache] /games/players {'year': 2024, 'seasonType': 'regular', 'team': 'UCLA'}
  Fetching game stats 116/134: UConn
    [cache] /games/players {'year': 2024, 'seasonType': 'regular', 'team': 'UConn'}
  Fetching game stats 117/134: UL Monroe
    [cache] /games/players {'year': 2024, 'seasonType': 'regular', 'team': 'UL Monroe'}
  Fetching game stats 118/134: UNLV
    [cache] /games/players {'year': 2024, 'seasonType': 'regular', 'team': 'UNLV'}
  Fetching game stats 119/134: USC
    [cache] /games/players {'year': 2024, 'seasonType': 'regular', 'team': 'USC'}
  Fetching game stats 120/134: Utah
    [cache] /games/players {'year': 2024, 'seasonType': 'regular', 'team': 'Utah'}
  Fetching game stats 121/134: Utah State
    [cache] /games/players {'year': 2024, 'seasonType': 'regular', 'team': 'Utah State'}
  Fetching game stats 122/134: UTEP
    [cache] /games/players {'year': 2024, 'seasonType': 'regular', 'team': 'UTEP'}
  Fetching game stats 123/134: UTSA
    [cache] /games/players {'year': 2024, 'seasonType': 'regular', 'team': 'UTSA'}
  Fetching game stats 124/134: Vanderbilt
    [cache] /games/players {'year': 2024, 'seasonType': 'regular', 'team': 'Vanderbilt'}
  Fetching game stats 125/134: Virginia
    [cache] /games/players {'year': 2024, 'seasonType': 'regular', 'team': 'Virginia'}
  Fetching game stats 126/134: Virginia Tech
    [cache] /games/players {'year': 2024, 'seasonType': 'regular', 'team': 'Virginia Tech'}
  Fetching game stats 127/134: Wake Forest
    [cache] /games/players {'year': 2024, 'seasonType': 'regular', 'team': 'Wake Forest'}
  Fetching game stats 128/134: Washington
    [cache] /games/players {'year': 2024, 'seasonType': 'regular', 'team': 'Washington'}
  Fetching game stats 129/134: Washington State
    [cache] /games/players {'year': 2024, 'seasonType': 'regular', 'team': 'Washington State'}
  Fetching game stats 130/134: Western Kentucky
    [cache] /games/players {'year': 2024, 'seasonType': 'regular', 'team': 'Western Kentucky'}
  Fetching game stats 131/134: Western Michigan
    [cache] /games/players {'year': 2024, 'seasonType': 'regular', 'team': 'Western Michigan'}
  Fetching game stats 132/134: West Virginia
    [cache] /games/players {'year': 2024, 'seasonType': 'regular', 'team': 'West Virginia'}
  Fetching game stats 133/134: Wisconsin
    [cache] /games/players {'year': 2024, 'seasonType': 'regular', 'team': 'Wisconsin'}
  Fetching game stats 134/134: Wyoming
    [cache] /games/players {'year': 2024, 'seasonType': 'regular', 'team': 'Wyoming'}
  873 unique games with player stats fetched

[6c] Fetching drives and plays by week (weeks 1-16)...
    drives week 1/16
    [cache] /drives {'year': 2024, 'week': 1, 'seasonType': 'regular'}
    drives week 2/16
    [cache] /drives {'year': 2024, 'week': 2, 'seasonType': 'regular'}
    drives week 3/16
    [cache] /drives {'year': 2024, 'week': 3, 'seasonType': 'regular'}
    drives week 4/16
    [cache] /drives {'year': 2024, 'week': 4, 'seasonType': 'regular'}
    drives week 5/16
    [cache] /drives {'year': 2024, 'week': 5, 'seasonType': 'regular'}
    drives week 6/16
    [cache] /drives {'year': 2024, 'week': 6, 'seasonType': 'regular'}
    drives week 7/16
    [cache] /drives {'year': 2024, 'week': 7, 'seasonType': 'regular'}
    drives week 8/16
    [cache] /drives {'year': 2024, 'week': 8, 'seasonType': 'regular'}
    drives week 9/16
    [cache] /drives {'year': 2024, 'week': 9, 'seasonType': 'regular'}
    drives week 10/16
    [cache] /drives {'year': 2024, 'week': 10, 'seasonType': 'regular'}
    drives week 11/16
    [cache] /drives {'year': 2024, 'week': 11, 'seasonType': 'regular'}
    drives week 12/16
    [cache] /drives {'year': 2024, 'week': 12, 'seasonType': 'regular'}
    drives week 13/16
    [cache] /drives {'year': 2024, 'week': 13, 'seasonType': 'regular'}
    drives week 14/16
    [cache] /drives {'year': 2024, 'week': 14, 'seasonType': 'regular'}
    drives week 15/16
    [cache] /drives {'year': 2024, 'week': 15, 'seasonType': 'regular'}
    drives week 16/16
    [cache] /drives {'year': 2024, 'week': 16, 'seasonType': 'regular'}
  36619 total drives fetched
    plays week 1/16
    [cache] /plays {'year': 2024, 'week': 1, 'seasonType': 'regular'}
    plays week 2/16
    [cache] /plays {'year': 2024, 'week': 2, 'seasonType': 'regular'}
    plays week 3/16
    [cache] /plays {'year': 2024, 'week': 3, 'seasonType': 'regular'}
    plays week 4/16
    [cache] /plays {'year': 2024, 'week': 4, 'seasonType': 'regular'}
    plays week 5/16
    [cache] /plays {'year': 2024, 'week': 5, 'seasonType': 'regular'}
    plays week 6/16
    [cache] /plays {'year': 2024, 'week': 6, 'seasonType': 'regular'}
    plays week 7/16
    [cache] /plays {'year': 2024, 'week': 7, 'seasonType': 'regular'}
    plays week 8/16
    [cache] /plays {'year': 2024, 'week': 8, 'seasonType': 'regular'}
    plays week 9/16
    [cache] /plays {'year': 2024, 'week': 9, 'seasonType': 'regular'}
    plays week 10/16
    [cache] /plays {'year': 2024, 'week': 10, 'seasonType': 'regular'}
    plays week 11/16
    [cache] /plays {'year': 2024, 'week': 11, 'seasonType': 'regular'}
    plays week 12/16
    [cache] /plays {'year': 2024, 'week': 12, 'seasonType': 'regular'}
    plays week 13/16
    [cache] /plays {'year': 2024, 'week': 13, 'seasonType': 'regular'}
    plays week 14/16
    [cache] /plays {'year': 2024, 'week': 14, 'seasonType': 'regular'}
    plays week 15/16
    [cache] /plays {'year': 2024, 'week': 15, 'seasonType': 'regular'}
    plays week 16/16
    [cache] /plays {'year': 2024, 'week': 16, 'seasonType': 'regular'}
  268207 total plays fetched
  2835 rushers with parsed carry data (758 QBs excluded)

[7/7] Processing ratings...
  Building opponent-weighted stats from gamelog...
  12019 players with opponent-weighted stats
Building player gamelogs (early pass for gamelog-derived skills)...
  Gamelog-derived skills computed for 12019 players
Normalizing ratings...
Applying backup/no-data tier ratings...
  4685 backup/no-data players rated via star-anchor pathway
  OL boosts applied to 1000 player(s) (draft/awards/continuity)
Computing team ratings...
Generating public names...

  Year 2024 rating distribution:
    40-49:  3756 (23%) ###########
    50-59:  2804 (17%) ########
    60-69:  4703 (28%) ##############
    70-79:  3023 (18%) #########
    80-89:  1640 (10%) #####
    90-99:   295 ( 1%) 
    Min=40 Max=99 Median=64
  134 teams, 16221 players.
Building schedule, drives, and plays...
  3747 games, 12019 players with gamelogs
  36619 drives, 268207 plays

Writing to C:\Projects\CFB-Video-Game\app\assets\data/
  2024/teams_private.json: 134 entries
  2024/teams_public.json: 134 entries
  2024/players_private.json: 16221 entries
  2024/players_public.json: 16221 entries
  2024/ratings.json: 16221 entries
  2024/team_schedule.json: 3747 entries
  2024/player_gamelog.json: 12019 keys, 57973 entries
  2024/team_drives.json: 299 keys, 36619 entries
  2024/team_plays_wk*.json.gz: 16 weeks, 268207 plays
  Loaded 16218 player IDs from 2024 for continuity check

============================================================
  PROCESSING YEAR 2025
============================================================

[1/7] Fetching FBS teams...
    [cache] /teams/fbs {'year': 2025}
  Found 136 teams

[2/7] Fetching rosters...
  Fetching roster 1/136: Air Force
    [cache] /roster {'team': 'Air Force', 'year': 2025}
  Fetching roster 2/136: Akron
    [cache] /roster {'team': 'Akron', 'year': 2025}
  Fetching roster 3/136: Alabama
    [cache] /roster {'team': 'Alabama', 'year': 2025}
  Fetching roster 4/136: App State
    [cache] /roster {'team': 'App State', 'year': 2025}
  Fetching roster 5/136: Arizona
    [cache] /roster {'team': 'Arizona', 'year': 2025}
  Fetching roster 6/136: Arizona State
    [cache] /roster {'team': 'Arizona State', 'year': 2025}
  Fetching roster 7/136: Arkansas
    [cache] /roster {'team': 'Arkansas', 'year': 2025}
  Fetching roster 8/136: Arkansas State
    [cache] /roster {'team': 'Arkansas State', 'year': 2025}
  Fetching roster 9/136: Army
    [cache] /roster {'team': 'Army', 'year': 2025}
  Fetching roster 10/136: Auburn
    [cache] /roster {'team': 'Auburn', 'year': 2025}
  Fetching roster 11/136: Ball State
    [cache] /roster {'team': 'Ball State', 'year': 2025}
  Fetching roster 12/136: Baylor
    [cache] /roster {'team': 'Baylor', 'year': 2025}
  Fetching roster 13/136: Boise State
    [cache] /roster {'team': 'Boise State', 'year': 2025}
  Fetching roster 14/136: Boston College
    [cache] /roster {'team': 'Boston College', 'year': 2025}
  Fetching roster 15/136: Bowling Green
    [cache] /roster {'team': 'Bowling Green', 'year': 2025}
  Fetching roster 16/136: Buffalo
    [cache] /roster {'team': 'Buffalo', 'year': 2025}
  Fetching roster 17/136: BYU
    [cache] /roster {'team': 'BYU', 'year': 2025}
  Fetching roster 18/136: California
    [cache] /roster {'team': 'California', 'year': 2025}
  Fetching roster 19/136: Central Michigan
    [cache] /roster {'team': 'Central Michigan', 'year': 2025}
  Fetching roster 20/136: Charlotte
    [cache] /roster {'team': 'Charlotte', 'year': 2025}
  Fetching roster 21/136: Cincinnati
    [cache] /roster {'team': 'Cincinnati', 'year': 2025}
  Fetching roster 22/136: Clemson
    [cache] /roster {'team': 'Clemson', 'year': 2025}
  Fetching roster 23/136: Coastal Carolina
    [cache] /roster {'team': 'Coastal Carolina', 'year': 2025}
  Fetching roster 24/136: Colorado
    [cache] /roster {'team': 'Colorado', 'year': 2025}
  Fetching roster 25/136: Colorado State
    [cache] /roster {'team': 'Colorado State', 'year': 2025}
  Fetching roster 26/136: Delaware
    [cache] /roster {'team': 'Delaware', 'year': 2025}
  Fetching roster 27/136: Duke
    [cache] /roster {'team': 'Duke', 'year': 2025}
  Fetching roster 28/136: East Carolina
    [cache] /roster {'team': 'East Carolina', 'year': 2025}
  Fetching roster 29/136: Eastern Michigan
    [cache] /roster {'team': 'Eastern Michigan', 'year': 2025}
  Fetching roster 30/136: Florida
    [cache] /roster {'team': 'Florida', 'year': 2025}
  Fetching roster 31/136: Florida Atlantic
    [cache] /roster {'team': 'Florida Atlantic', 'year': 2025}
  Fetching roster 32/136: Florida International
    [cache] /roster {'team': 'Florida International', 'year': 2025}
  Fetching roster 33/136: Florida State
    [cache] /roster {'team': 'Florida State', 'year': 2025}
  Fetching roster 34/136: Fresno State
    [cache] /roster {'team': 'Fresno State', 'year': 2025}
  Fetching roster 35/136: Georgia
    [cache] /roster {'team': 'Georgia', 'year': 2025}
  Fetching roster 36/136: Georgia Southern
    [cache] /roster {'team': 'Georgia Southern', 'year': 2025}
  Fetching roster 37/136: Georgia State
    [cache] /roster {'team': 'Georgia State', 'year': 2025}
  Fetching roster 38/136: Georgia Tech
    [cache] /roster {'team': 'Georgia Tech', 'year': 2025}
  Fetching roster 39/136: Hawai'i
    [cache] /roster {'team': "Hawai'i", 'year': 2025}
  Fetching roster 40/136: Houston
    [cache] /roster {'team': 'Houston', 'year': 2025}
  Fetching roster 41/136: Illinois
    [cache] /roster {'team': 'Illinois', 'year': 2025}
  Fetching roster 42/136: Indiana
    [cache] /roster {'team': 'Indiana', 'year': 2025}
  Fetching roster 43/136: Iowa
    [cache] /roster {'team': 'Iowa', 'year': 2025}
  Fetching roster 44/136: Iowa State
    [cache] /roster {'team': 'Iowa State', 'year': 2025}
  Fetching roster 45/136: Jacksonville State
    [cache] /roster {'team': 'Jacksonville State', 'year': 2025}
  Fetching roster 46/136: James Madison
    [cache] /roster {'team': 'James Madison', 'year': 2025}
  Fetching roster 47/136: Kansas
    [cache] /roster {'team': 'Kansas', 'year': 2025}
  Fetching roster 48/136: Kansas State
    [cache] /roster {'team': 'Kansas State', 'year': 2025}
  Fetching roster 49/136: Kennesaw State
    [cache] /roster {'team': 'Kennesaw State', 'year': 2025}
  Fetching roster 50/136: Kent State
    [cache] /roster {'team': 'Kent State', 'year': 2025}
  Fetching roster 51/136: Kentucky
    [cache] /roster {'team': 'Kentucky', 'year': 2025}
  Fetching roster 52/136: Liberty
    [cache] /roster {'team': 'Liberty', 'year': 2025}
  Fetching roster 53/136: Louisiana
    [cache] /roster {'team': 'Louisiana', 'year': 2025}
  Fetching roster 54/136: Louisiana Tech
    [cache] /roster {'team': 'Louisiana Tech', 'year': 2025}
  Fetching roster 55/136: Louisville
    [cache] /roster {'team': 'Louisville', 'year': 2025}
  Fetching roster 56/136: LSU
    [cache] /roster {'team': 'LSU', 'year': 2025}
  Fetching roster 57/136: Marshall
    [cache] /roster {'team': 'Marshall', 'year': 2025}
  Fetching roster 58/136: Maryland
    [cache] /roster {'team': 'Maryland', 'year': 2025}
  Fetching roster 59/136: Massachusetts
    [cache] /roster {'team': 'Massachusetts', 'year': 2025}
  Fetching roster 60/136: Memphis
    [cache] /roster {'team': 'Memphis', 'year': 2025}
  Fetching roster 61/136: Miami
    [cache] /roster {'team': 'Miami', 'year': 2025}
  Fetching roster 62/136: Miami (OH)
    [cache] /roster {'team': 'Miami (OH)', 'year': 2025}
  Fetching roster 63/136: Michigan
    [cache] /roster {'team': 'Michigan', 'year': 2025}
  Fetching roster 64/136: Michigan State
    [cache] /roster {'team': 'Michigan State', 'year': 2025}
  Fetching roster 65/136: Middle Tennessee
    [cache] /roster {'team': 'Middle Tennessee', 'year': 2025}
  Fetching roster 66/136: Minnesota
    [cache] /roster {'team': 'Minnesota', 'year': 2025}
  Fetching roster 67/136: Mississippi State
    [cache] /roster {'team': 'Mississippi State', 'year': 2025}
  Fetching roster 68/136: Missouri
    [cache] /roster {'team': 'Missouri', 'year': 2025}
  Fetching roster 69/136: Missouri State
    [cache] /roster {'team': 'Missouri State', 'year': 2025}
  Fetching roster 70/136: Navy
    [cache] /roster {'team': 'Navy', 'year': 2025}
  Fetching roster 71/136: NC State
    [cache] /roster {'team': 'NC State', 'year': 2025}
  Fetching roster 72/136: Nebraska
    [cache] /roster {'team': 'Nebraska', 'year': 2025}
  Fetching roster 73/136: Nevada
    [cache] /roster {'team': 'Nevada', 'year': 2025}
  Fetching roster 74/136: New Mexico
    [cache] /roster {'team': 'New Mexico', 'year': 2025}
  Fetching roster 75/136: New Mexico State
    [cache] /roster {'team': 'New Mexico State', 'year': 2025}
  Fetching roster 76/136: North Carolina
    [cache] /roster {'team': 'North Carolina', 'year': 2025}
  Fetching roster 77/136: Northern Illinois
    [cache] /roster {'team': 'Northern Illinois', 'year': 2025}
  Fetching roster 78/136: North Texas
    [cache] /roster {'team': 'North Texas', 'year': 2025}
  Fetching roster 79/136: Northwestern
    [cache] /roster {'team': 'Northwestern', 'year': 2025}
  Fetching roster 80/136: Notre Dame
    [cache] /roster {'team': 'Notre Dame', 'year': 2025}
  Fetching roster 81/136: Ohio
    [cache] /roster {'team': 'Ohio', 'year': 2025}
  Fetching roster 82/136: Ohio State
    [cache] /roster {'team': 'Ohio State', 'year': 2025}
  Fetching roster 83/136: Oklahoma
    [cache] /roster {'team': 'Oklahoma', 'year': 2025}
  Fetching roster 84/136: Oklahoma State
    [cache] /roster {'team': 'Oklahoma State', 'year': 2025}
  Fetching roster 85/136: Old Dominion
    [cache] /roster {'team': 'Old Dominion', 'year': 2025}
  Fetching roster 86/136: Ole Miss
    [cache] /roster {'team': 'Ole Miss', 'year': 2025}
  Fetching roster 87/136: Oregon
    [cache] /roster {'team': 'Oregon', 'year': 2025}
  Fetching roster 88/136: Oregon State
    [cache] /roster {'team': 'Oregon State', 'year': 2025}
  Fetching roster 89/136: Penn State
    [cache] /roster {'team': 'Penn State', 'year': 2025}
  Fetching roster 90/136: Pittsburgh
    [cache] /roster {'team': 'Pittsburgh', 'year': 2025}
  Fetching roster 91/136: Purdue
    [cache] /roster {'team': 'Purdue', 'year': 2025}
  Fetching roster 92/136: Rice
    [cache] /roster {'team': 'Rice', 'year': 2025}
  Fetching roster 93/136: Rutgers
    [cache] /roster {'team': 'Rutgers', 'year': 2025}
  Fetching roster 94/136: Sam Houston
    [cache] /roster {'team': 'Sam Houston', 'year': 2025}
  Fetching roster 95/136: San Diego State
    [cache] /roster {'team': 'San Diego State', 'year': 2025}
  Fetching roster 96/136: San José State
    [cache] /roster {'team': 'San José State', 'year': 2025}
  Fetching roster 97/136: SMU
    [cache] /roster {'team': 'SMU', 'year': 2025}
  Fetching roster 98/136: South Alabama
    [cache] /roster {'team': 'South Alabama', 'year': 2025}
  Fetching roster 99/136: South Carolina
    [cache] /roster {'team': 'South Carolina', 'year': 2025}
  Fetching roster 100/136: Southern Miss
    [cache] /roster {'team': 'Southern Miss', 'year': 2025}
  Fetching roster 101/136: South Florida
    [cache] /roster {'team': 'South Florida', 'year': 2025}
  Fetching roster 102/136: Stanford
    [cache] /roster {'team': 'Stanford', 'year': 2025}
  Fetching roster 103/136: Syracuse
    [cache] /roster {'team': 'Syracuse', 'year': 2025}
  Fetching roster 104/136: TCU
    [cache] /roster {'team': 'TCU', 'year': 2025}
  Fetching roster 105/136: Temple
    [cache] /roster {'team': 'Temple', 'year': 2025}
  Fetching roster 106/136: Tennessee
    [cache] /roster {'team': 'Tennessee', 'year': 2025}
  Fetching roster 107/136: Texas
    [cache] /roster {'team': 'Texas', 'year': 2025}
  Fetching roster 108/136: Texas A&M
    [cache] /roster {'team': 'Texas A&M', 'year': 2025}
  Fetching roster 109/136: Texas State
    [cache] /roster {'team': 'Texas State', 'year': 2025}
  Fetching roster 110/136: Texas Tech
    [cache] /roster {'team': 'Texas Tech', 'year': 2025}
  Fetching roster 111/136: Toledo
    [cache] /roster {'team': 'Toledo', 'year': 2025}
  Fetching roster 112/136: Troy
    [cache] /roster {'team': 'Troy', 'year': 2025}
  Fetching roster 113/136: Tulane
    [cache] /roster {'team': 'Tulane', 'year': 2025}
  Fetching roster 114/136: Tulsa
    [cache] /roster {'team': 'Tulsa', 'year': 2025}
  Fetching roster 115/136: UAB
    [cache] /roster {'team': 'UAB', 'year': 2025}
  Fetching roster 116/136: UCF
    [cache] /roster {'team': 'UCF', 'year': 2025}
  Fetching roster 117/136: UCLA
    [cache] /roster {'team': 'UCLA', 'year': 2025}
  Fetching roster 118/136: UConn
    [cache] /roster {'team': 'UConn', 'year': 2025}
  Fetching roster 119/136: UL Monroe
    [cache] /roster {'team': 'UL Monroe', 'year': 2025}
  Fetching roster 120/136: UNLV
    [cache] /roster {'team': 'UNLV', 'year': 2025}
  Fetching roster 121/136: USC
    [cache] /roster {'team': 'USC', 'year': 2025}
  Fetching roster 122/136: Utah
    [cache] /roster {'team': 'Utah', 'year': 2025}
  Fetching roster 123/136: Utah State
    [cache] /roster {'team': 'Utah State', 'year': 2025}
  Fetching roster 124/136: UTEP
    [cache] /roster {'team': 'UTEP', 'year': 2025}
  Fetching roster 125/136: UTSA
    [cache] /roster {'team': 'UTSA', 'year': 2025}
  Fetching roster 126/136: Vanderbilt
    [cache] /roster {'team': 'Vanderbilt', 'year': 2025}
  Fetching roster 127/136: Virginia
    [cache] /roster {'team': 'Virginia', 'year': 2025}
  Fetching roster 128/136: Virginia Tech
    [cache] /roster {'team': 'Virginia Tech', 'year': 2025}
  Fetching roster 129/136: Wake Forest
    [cache] /roster {'team': 'Wake Forest', 'year': 2025}
  Fetching roster 130/136: Washington
    [cache] /roster {'team': 'Washington', 'year': 2025}
  Fetching roster 131/136: Washington State
    [cache] /roster {'team': 'Washington State', 'year': 2025}
  Fetching roster 132/136: Western Kentucky
    [cache] /roster {'team': 'Western Kentucky', 'year': 2025}
  Fetching roster 133/136: Western Michigan
    [cache] /roster {'team': 'Western Michigan', 'year': 2025}
  Fetching roster 134/136: West Virginia
    [cache] /roster {'team': 'West Virginia', 'year': 2025}
  Fetching roster 135/136: Wisconsin
    [cache] /roster {'team': 'Wisconsin', 'year': 2025}
  Fetching roster 136/136: Wyoming
    [cache] /roster {'team': 'Wyoming', 'year': 2025}

[3/7] Fetching player stats...
    [cache] /stats/player/season {'year': 2025, 'seasonType': 'regular'}
  14302 player stat entries

[3b] Fetching player usage...
    [cache] /player/usage {'year': 2025, 'seasonType': 'regular'}
  5185 usage entries

[3c] Fetching player awards...
    GET /awards {'year': 2025}
    WARNING: /awards {'year': 2025} failed: Expecting value: line 2 column 1 (char 1)
  0 award entries
  0 OL draft picks mapped for 2026 NFL Draft

[4/7] Fetching PPA data...
    [cache] /ppa/players/season {'year': 2025}
  5182 PPA entries

[5/7] Fetching team stats + SP+ + talent...
    [cache] /stats/season {'year': 2025}
    [cache] /ratings/sp {'year': 2025}
    [cache] /talent {'year': 2025}

[6/7] Fetching recruiting data...
    Class 2021...
    [cache] /recruiting/players {'year': 2021}
    Class 2022...
    [cache] /recruiting/players {'year': 2022}
    Class 2023...
    [cache] /recruiting/players {'year': 2023}
    Class 2024...
    [cache] /recruiting/players {'year': 2024}
    Class 2025...
    [cache] /recruiting/players {'year': 2025}

[6b] Fetching game results and player game stats (Phase 2)...
    [cache] /games {'year': 2025, 'seasonType': 'regular'}
  3745 games fetched
  Fetching game stats 1/136: Air Force
    [cache] /games/players {'year': 2025, 'seasonType': 'regular', 'team': 'Air Force'}
  Fetching game stats 2/136: Akron
    [cache] /games/players {'year': 2025, 'seasonType': 'regular', 'team': 'Akron'}
  Fetching game stats 3/136: Alabama
    [cache] /games/players {'year': 2025, 'seasonType': 'regular', 'team': 'Alabama'}
  Fetching game stats 4/136: App State
    [cache] /games/players {'year': 2025, 'seasonType': 'regular', 'team': 'App State'}
  Fetching game stats 5/136: Arizona
    [cache] /games/players {'year': 2025, 'seasonType': 'regular', 'team': 'Arizona'}
  Fetching game stats 6/136: Arizona State
    [cache] /games/players {'year': 2025, 'seasonType': 'regular', 'team': 'Arizona State'}
  Fetching game stats 7/136: Arkansas
    [cache] /games/players {'year': 2025, 'seasonType': 'regular', 'team': 'Arkansas'}
  Fetching game stats 8/136: Arkansas State
    [cache] /games/players {'year': 2025, 'seasonType': 'regular', 'team': 'Arkansas State'}
  Fetching game stats 9/136: Army
    [cache] /games/players {'year': 2025, 'seasonType': 'regular', 'team': 'Army'}
  Fetching game stats 10/136: Auburn
    [cache] /games/players {'year': 2025, 'seasonType': 'regular', 'team': 'Auburn'}
  Fetching game stats 11/136: Ball State
    [cache] /games/players {'year': 2025, 'seasonType': 'regular', 'team': 'Ball State'}
  Fetching game stats 12/136: Baylor
    [cache] /games/players {'year': 2025, 'seasonType': 'regular', 'team': 'Baylor'}
  Fetching game stats 13/136: Boise State
    [cache] /games/players {'year': 2025, 'seasonType': 'regular', 'team': 'Boise State'}
  Fetching game stats 14/136: Boston College
    [cache] /games/players {'year': 2025, 'seasonType': 'regular', 'team': 'Boston College'}
  Fetching game stats 15/136: Bowling Green
    [cache] /games/players {'year': 2025, 'seasonType': 'regular', 'team': 'Bowling Green'}
  Fetching game stats 16/136: Buffalo
    [cache] /games/players {'year': 2025, 'seasonType': 'regular', 'team': 'Buffalo'}
  Fetching game stats 17/136: BYU
    [cache] /games/players {'year': 2025, 'seasonType': 'regular', 'team': 'BYU'}
  Fetching game stats 18/136: California
    [cache] /games/players {'year': 2025, 'seasonType': 'regular', 'team': 'California'}
  Fetching game stats 19/136: Central Michigan
    [cache] /games/players {'year': 2025, 'seasonType': 'regular', 'team': 'Central Michigan'}
  Fetching game stats 20/136: Charlotte
    [cache] /games/players {'year': 2025, 'seasonType': 'regular', 'team': 'Charlotte'}
  Fetching game stats 21/136: Cincinnati
    [cache] /games/players {'year': 2025, 'seasonType': 'regular', 'team': 'Cincinnati'}
  Fetching game stats 22/136: Clemson
    [cache] /games/players {'year': 2025, 'seasonType': 'regular', 'team': 'Clemson'}
  Fetching game stats 23/136: Coastal Carolina
    [cache] /games/players {'year': 2025, 'seasonType': 'regular', 'team': 'Coastal Carolina'}
  Fetching game stats 24/136: Colorado
    [cache] /games/players {'year': 2025, 'seasonType': 'regular', 'team': 'Colorado'}
  Fetching game stats 25/136: Colorado State
    [cache] /games/players {'year': 2025, 'seasonType': 'regular', 'team': 'Colorado State'}
  Fetching game stats 26/136: Delaware
    [cache] /games/players {'year': 2025, 'seasonType': 'regular', 'team': 'Delaware'}
  Fetching game stats 27/136: Duke
    [cache] /games/players {'year': 2025, 'seasonType': 'regular', 'team': 'Duke'}
  Fetching game stats 28/136: East Carolina
    [cache] /games/players {'year': 2025, 'seasonType': 'regular', 'team': 'East Carolina'}
  Fetching game stats 29/136: Eastern Michigan
    [cache] /games/players {'year': 2025, 'seasonType': 'regular', 'team': 'Eastern Michigan'}
  Fetching game stats 30/136: Florida
    [cache] /games/players {'year': 2025, 'seasonType': 'regular', 'team': 'Florida'}
  Fetching game stats 31/136: Florida Atlantic
    [cache] /games/players {'year': 2025, 'seasonType': 'regular', 'team': 'Florida Atlantic'}
  Fetching game stats 32/136: Florida International
    [cache] /games/players {'year': 2025, 'seasonType': 'regular', 'team': 'Florida International'}
  Fetching game stats 33/136: Florida State
    [cache] /games/players {'year': 2025, 'seasonType': 'regular', 'team': 'Florida State'}
  Fetching game stats 34/136: Fresno State
    [cache] /games/players {'year': 2025, 'seasonType': 'regular', 'team': 'Fresno State'}
  Fetching game stats 35/136: Georgia
    [cache] /games/players {'year': 2025, 'seasonType': 'regular', 'team': 'Georgia'}
  Fetching game stats 36/136: Georgia Southern
    [cache] /games/players {'year': 2025, 'seasonType': 'regular', 'team': 'Georgia Southern'}
  Fetching game stats 37/136: Georgia State
    [cache] /games/players {'year': 2025, 'seasonType': 'regular', 'team': 'Georgia State'}
  Fetching game stats 38/136: Georgia Tech
    [cache] /games/players {'year': 2025, 'seasonType': 'regular', 'team': 'Georgia Tech'}
  Fetching game stats 39/136: Hawai'i
    [cache] /games/players {'year': 2025, 'seasonType': 'regular', 'team': "Hawai'i"}
  Fetching game stats 40/136: Houston
    [cache] /games/players {'year': 2025, 'seasonType': 'regular', 'team': 'Houston'}
  Fetching game stats 41/136: Illinois
    [cache] /games/players {'year': 2025, 'seasonType': 'regular', 'team': 'Illinois'}
  Fetching game stats 42/136: Indiana
    [cache] /games/players {'year': 2025, 'seasonType': 'regular', 'team': 'Indiana'}
  Fetching game stats 43/136: Iowa
    [cache] /games/players {'year': 2025, 'seasonType': 'regular', 'team': 'Iowa'}
  Fetching game stats 44/136: Iowa State
    [cache] /games/players {'year': 2025, 'seasonType': 'regular', 'team': 'Iowa State'}
  Fetching game stats 45/136: Jacksonville State
    [cache] /games/players {'year': 2025, 'seasonType': 'regular', 'team': 'Jacksonville State'}
  Fetching game stats 46/136: James Madison
    [cache] /games/players {'year': 2025, 'seasonType': 'regular', 'team': 'James Madison'}
  Fetching game stats 47/136: Kansas
    [cache] /games/players {'year': 2025, 'seasonType': 'regular', 'team': 'Kansas'}
  Fetching game stats 48/136: Kansas State
    [cache] /games/players {'year': 2025, 'seasonType': 'regular', 'team': 'Kansas State'}
  Fetching game stats 49/136: Kennesaw State
    [cache] /games/players {'year': 2025, 'seasonType': 'regular', 'team': 'Kennesaw State'}
  Fetching game stats 50/136: Kent State
    [cache] /games/players {'year': 2025, 'seasonType': 'regular', 'team': 'Kent State'}
  Fetching game stats 51/136: Kentucky
    [cache] /games/players {'year': 2025, 'seasonType': 'regular', 'team': 'Kentucky'}
  Fetching game stats 52/136: Liberty
    [cache] /games/players {'year': 2025, 'seasonType': 'regular', 'team': 'Liberty'}
  Fetching game stats 53/136: Louisiana
    [cache] /games/players {'year': 2025, 'seasonType': 'regular', 'team': 'Louisiana'}
  Fetching game stats 54/136: Louisiana Tech
    [cache] /games/players {'year': 2025, 'seasonType': 'regular', 'team': 'Louisiana Tech'}
  Fetching game stats 55/136: Louisville
    [cache] /games/players {'year': 2025, 'seasonType': 'regular', 'team': 'Louisville'}
  Fetching game stats 56/136: LSU
    [cache] /games/players {'year': 2025, 'seasonType': 'regular', 'team': 'LSU'}
  Fetching game stats 57/136: Marshall
    [cache] /games/players {'year': 2025, 'seasonType': 'regular', 'team': 'Marshall'}
  Fetching game stats 58/136: Maryland
    [cache] /games/players {'year': 2025, 'seasonType': 'regular', 'team': 'Maryland'}
  Fetching game stats 59/136: Massachusetts
    [cache] /games/players {'year': 2025, 'seasonType': 'regular', 'team': 'Massachusetts'}
  Fetching game stats 60/136: Memphis
    [cache] /games/players {'year': 2025, 'seasonType': 'regular', 'team': 'Memphis'}
  Fetching game stats 61/136: Miami
    [cache] /games/players {'year': 2025, 'seasonType': 'regular', 'team': 'Miami'}
  Fetching game stats 62/136: Miami (OH)
    [cache] /games/players {'year': 2025, 'seasonType': 'regular', 'team': 'Miami (OH)'}
  Fetching game stats 63/136: Michigan
    [cache] /games/players {'year': 2025, 'seasonType': 'regular', 'team': 'Michigan'}
  Fetching game stats 64/136: Michigan State
    [cache] /games/players {'year': 2025, 'seasonType': 'regular', 'team': 'Michigan State'}
  Fetching game stats 65/136: Middle Tennessee
    [cache] /games/players {'year': 2025, 'seasonType': 'regular', 'team': 'Middle Tennessee'}
  Fetching game stats 66/136: Minnesota
    [cache] /games/players {'year': 2025, 'seasonType': 'regular', 'team': 'Minnesota'}
  Fetching game stats 67/136: Mississippi State
    [cache] /games/players {'year': 2025, 'seasonType': 'regular', 'team': 'Mississippi State'}
  Fetching game stats 68/136: Missouri
    [cache] /games/players {'year': 2025, 'seasonType': 'regular', 'team': 'Missouri'}
  Fetching game stats 69/136: Missouri State
    [cache] /games/players {'year': 2025, 'seasonType': 'regular', 'team': 'Missouri State'}
  Fetching game stats 70/136: Navy
    [cache] /games/players {'year': 2025, 'seasonType': 'regular', 'team': 'Navy'}
  Fetching game stats 71/136: NC State
    [cache] /games/players {'year': 2025, 'seasonType': 'regular', 'team': 'NC State'}
  Fetching game stats 72/136: Nebraska
    [cache] /games/players {'year': 2025, 'seasonType': 'regular', 'team': 'Nebraska'}
  Fetching game stats 73/136: Nevada
    [cache] /games/players {'year': 2025, 'seasonType': 'regular', 'team': 'Nevada'}
  Fetching game stats 74/136: New Mexico
    [cache] /games/players {'year': 2025, 'seasonType': 'regular', 'team': 'New Mexico'}
  Fetching game stats 75/136: New Mexico State
    [cache] /games/players {'year': 2025, 'seasonType': 'regular', 'team': 'New Mexico State'}
  Fetching game stats 76/136: North Carolina
    [cache] /games/players {'year': 2025, 'seasonType': 'regular', 'team': 'North Carolina'}
  Fetching game stats 77/136: Northern Illinois
    [cache] /games/players {'year': 2025, 'seasonType': 'regular', 'team': 'Northern Illinois'}
  Fetching game stats 78/136: North Texas
    [cache] /games/players {'year': 2025, 'seasonType': 'regular', 'team': 'North Texas'}
  Fetching game stats 79/136: Northwestern
    [cache] /games/players {'year': 2025, 'seasonType': 'regular', 'team': 'Northwestern'}
  Fetching game stats 80/136: Notre Dame
    [cache] /games/players {'year': 2025, 'seasonType': 'regular', 'team': 'Notre Dame'}
  Fetching game stats 81/136: Ohio
    [cache] /games/players {'year': 2025, 'seasonType': 'regular', 'team': 'Ohio'}
  Fetching game stats 82/136: Ohio State
    [cache] /games/players {'year': 2025, 'seasonType': 'regular', 'team': 'Ohio State'}
  Fetching game stats 83/136: Oklahoma
    [cache] /games/players {'year': 2025, 'seasonType': 'regular', 'team': 'Oklahoma'}
  Fetching game stats 84/136: Oklahoma State
    [cache] /games/players {'year': 2025, 'seasonType': 'regular', 'team': 'Oklahoma State'}
  Fetching game stats 85/136: Old Dominion
    [cache] /games/players {'year': 2025, 'seasonType': 'regular', 'team': 'Old Dominion'}
  Fetching game stats 86/136: Ole Miss
    [cache] /games/players {'year': 2025, 'seasonType': 'regular', 'team': 'Ole Miss'}
  Fetching game stats 87/136: Oregon
    [cache] /games/players {'year': 2025, 'seasonType': 'regular', 'team': 'Oregon'}
  Fetching game stats 88/136: Oregon State
    [cache] /games/players {'year': 2025, 'seasonType': 'regular', 'team': 'Oregon State'}
  Fetching game stats 89/136: Penn State
    [cache] /games/players {'year': 2025, 'seasonType': 'regular', 'team': 'Penn State'}
  Fetching game stats 90/136: Pittsburgh
    [cache] /games/players {'year': 2025, 'seasonType': 'regular', 'team': 'Pittsburgh'}
  Fetching game stats 91/136: Purdue
    [cache] /games/players {'year': 2025, 'seasonType': 'regular', 'team': 'Purdue'}
  Fetching game stats 92/136: Rice
    [cache] /games/players {'year': 2025, 'seasonType': 'regular', 'team': 'Rice'}
  Fetching game stats 93/136: Rutgers
    [cache] /games/players {'year': 2025, 'seasonType': 'regular', 'team': 'Rutgers'}
  Fetching game stats 94/136: Sam Houston
    [cache] /games/players {'year': 2025, 'seasonType': 'regular', 'team': 'Sam Houston'}
  Fetching game stats 95/136: San Diego State
    [cache] /games/players {'year': 2025, 'seasonType': 'regular', 'team': 'San Diego State'}
  Fetching game stats 96/136: San José State
    [cache] /games/players {'year': 2025, 'seasonType': 'regular', 'team': 'San José State'}
  Fetching game stats 97/136: SMU
    [cache] /games/players {'year': 2025, 'seasonType': 'regular', 'team': 'SMU'}
  Fetching game stats 98/136: South Alabama
    [cache] /games/players {'year': 2025, 'seasonType': 'regular', 'team': 'South Alabama'}
  Fetching game stats 99/136: South Carolina
    [cache] /games/players {'year': 2025, 'seasonType': 'regular', 'team': 'South Carolina'}
  Fetching game stats 100/136: Southern Miss
    [cache] /games/players {'year': 2025, 'seasonType': 'regular', 'team': 'Southern Miss'}
  Fetching game stats 101/136: South Florida
    [cache] /games/players {'year': 2025, 'seasonType': 'regular', 'team': 'South Florida'}
  Fetching game stats 102/136: Stanford
    [cache] /games/players {'year': 2025, 'seasonType': 'regular', 'team': 'Stanford'}
  Fetching game stats 103/136: Syracuse
    [cache] /games/players {'year': 2025, 'seasonType': 'regular', 'team': 'Syracuse'}
  Fetching game stats 104/136: TCU
    [cache] /games/players {'year': 2025, 'seasonType': 'regular', 'team': 'TCU'}
  Fetching game stats 105/136: Temple
    [cache] /games/players {'year': 2025, 'seasonType': 'regular', 'team': 'Temple'}
  Fetching game stats 106/136: Tennessee
    [cache] /games/players {'year': 2025, 'seasonType': 'regular', 'team': 'Tennessee'}
  Fetching game stats 107/136: Texas
    [cache] /games/players {'year': 2025, 'seasonType': 'regular', 'team': 'Texas'}
  Fetching game stats 108/136: Texas A&M
    [cache] /games/players {'year': 2025, 'seasonType': 'regular', 'team': 'Texas A&M'}
  Fetching game stats 109/136: Texas State
    [cache] /games/players {'year': 2025, 'seasonType': 'regular', 'team': 'Texas State'}
  Fetching game stats 110/136: Texas Tech
    [cache] /games/players {'year': 2025, 'seasonType': 'regular', 'team': 'Texas Tech'}
  Fetching game stats 111/136: Toledo
    [cache] /games/players {'year': 2025, 'seasonType': 'regular', 'team': 'Toledo'}
  Fetching game stats 112/136: Troy
    [cache] /games/players {'year': 2025, 'seasonType': 'regular', 'team': 'Troy'}
  Fetching game stats 113/136: Tulane
    [cache] /games/players {'year': 2025, 'seasonType': 'regular', 'team': 'Tulane'}
  Fetching game stats 114/136: Tulsa
    [cache] /games/players {'year': 2025, 'seasonType': 'regular', 'team': 'Tulsa'}
  Fetching game stats 115/136: UAB
    [cache] /games/players {'year': 2025, 'seasonType': 'regular', 'team': 'UAB'}
  Fetching game stats 116/136: UCF
    [cache] /games/players {'year': 2025, 'seasonType': 'regular', 'team': 'UCF'}
  Fetching game stats 117/136: UCLA
    [cache] /games/players {'year': 2025, 'seasonType': 'regular', 'team': 'UCLA'}
  Fetching game stats 118/136: UConn
    [cache] /games/players {'year': 2025, 'seasonType': 'regular', 'team': 'UConn'}
  Fetching game stats 119/136: UL Monroe
    [cache] /games/players {'year': 2025, 'seasonType': 'regular', 'team': 'UL Monroe'}
  Fetching game stats 120/136: UNLV
    [cache] /games/players {'year': 2025, 'seasonType': 'regular', 'team': 'UNLV'}
  Fetching game stats 121/136: USC
    [cache] /games/players {'year': 2025, 'seasonType': 'regular', 'team': 'USC'}
  Fetching game stats 122/136: Utah
    [cache] /games/players {'year': 2025, 'seasonType': 'regular', 'team': 'Utah'}
  Fetching game stats 123/136: Utah State
    [cache] /games/players {'year': 2025, 'seasonType': 'regular', 'team': 'Utah State'}
  Fetching game stats 124/136: UTEP
    [cache] /games/players {'year': 2025, 'seasonType': 'regular', 'team': 'UTEP'}
  Fetching game stats 125/136: UTSA
    [cache] /games/players {'year': 2025, 'seasonType': 'regular', 'team': 'UTSA'}
  Fetching game stats 126/136: Vanderbilt
    [cache] /games/players {'year': 2025, 'seasonType': 'regular', 'team': 'Vanderbilt'}
  Fetching game stats 127/136: Virginia
    [cache] /games/players {'year': 2025, 'seasonType': 'regular', 'team': 'Virginia'}
  Fetching game stats 128/136: Virginia Tech
    [cache] /games/players {'year': 2025, 'seasonType': 'regular', 'team': 'Virginia Tech'}
  Fetching game stats 129/136: Wake Forest
    [cache] /games/players {'year': 2025, 'seasonType': 'regular', 'team': 'Wake Forest'}
  Fetching game stats 130/136: Washington
    [cache] /games/players {'year': 2025, 'seasonType': 'regular', 'team': 'Washington'}
  Fetching game stats 131/136: Washington State
    [cache] /games/players {'year': 2025, 'seasonType': 'regular', 'team': 'Washington State'}
  Fetching game stats 132/136: Western Kentucky
    [cache] /games/players {'year': 2025, 'seasonType': 'regular', 'team': 'Western Kentucky'}
  Fetching game stats 133/136: Western Michigan
    [cache] /games/players {'year': 2025, 'seasonType': 'regular', 'team': 'Western Michigan'}
  Fetching game stats 134/136: West Virginia
    [cache] /games/players {'year': 2025, 'seasonType': 'regular', 'team': 'West Virginia'}
  Fetching game stats 135/136: Wisconsin
    [cache] /games/players {'year': 2025, 'seasonType': 'regular', 'team': 'Wisconsin'}
  Fetching game stats 136/136: Wyoming
    [cache] /games/players {'year': 2025, 'seasonType': 'regular', 'team': 'Wyoming'}
  888 unique games with player stats fetched

[6c] Fetching drives and plays by week (weeks 1-16)...
    drives week 1/16
    [cache] /drives {'year': 2025, 'week': 1, 'seasonType': 'regular'}
    drives week 2/16
    [cache] /drives {'year': 2025, 'week': 2, 'seasonType': 'regular'}
    drives week 3/16
    [cache] /drives {'year': 2025, 'week': 3, 'seasonType': 'regular'}
    drives week 4/16
    [cache] /drives {'year': 2025, 'week': 4, 'seasonType': 'regular'}
    drives week 5/16
    [cache] /drives {'year': 2025, 'week': 5, 'seasonType': 'regular'}
    drives week 6/16
    [cache] /drives {'year': 2025, 'week': 6, 'seasonType': 'regular'}
    drives week 7/16
    [cache] /drives {'year': 2025, 'week': 7, 'seasonType': 'regular'}
    drives week 8/16
    [cache] /drives {'year': 2025, 'week': 8, 'seasonType': 'regular'}
    drives week 9/16
    [cache] /drives {'year': 2025, 'week': 9, 'seasonType': 'regular'}
    drives week 10/16
    [cache] /drives {'year': 2025, 'week': 10, 'seasonType': 'regular'}
    drives week 11/16
    [cache] /drives {'year': 2025, 'week': 11, 'seasonType': 'regular'}
    drives week 12/16
    [cache] /drives {'year': 2025, 'week': 12, 'seasonType': 'regular'}
    drives week 13/16
    [cache] /drives {'year': 2025, 'week': 13, 'seasonType': 'regular'}
    drives week 14/16
    [cache] /drives {'year': 2025, 'week': 14, 'seasonType': 'regular'}
    drives week 15/16
    [cache] /drives {'year': 2025, 'week': 15, 'seasonType': 'regular'}
    drives week 16/16
    [cache] /drives {'year': 2025, 'week': 16, 'seasonType': 'regular'}
  37717 total drives fetched
    plays week 1/16
    [cache] /plays {'year': 2025, 'week': 1, 'seasonType': 'regular'}
    plays week 2/16
    [cache] /plays {'year': 2025, 'week': 2, 'seasonType': 'regular'}
    plays week 3/16
    [cache] /plays {'year': 2025, 'week': 3, 'seasonType': 'regular'}
    plays week 4/16
    [cache] /plays {'year': 2025, 'week': 4, 'seasonType': 'regular'}
    plays week 5/16
    [cache] /plays {'year': 2025, 'week': 5, 'seasonType': 'regular'}
    plays week 6/16
    [cache] /plays {'year': 2025, 'week': 6, 'seasonType': 'regular'}
    plays week 7/16
    [cache] /plays {'year': 2025, 'week': 7, 'seasonType': 'regular'}
    plays week 8/16
    [cache] /plays {'year': 2025, 'week': 8, 'seasonType': 'regular'}
    plays week 9/16
    [cache] /plays {'year': 2025, 'week': 9, 'seasonType': 'regular'}
    plays week 10/16
    [cache] /plays {'year': 2025, 'week': 10, 'seasonType': 'regular'}
    plays week 11/16
    [cache] /plays {'year': 2025, 'week': 11, 'seasonType': 'regular'}
    plays week 12/16
    [cache] /plays {'year': 2025, 'week': 12, 'seasonType': 'regular'}
    plays week 13/16
    [cache] /plays {'year': 2025, 'week': 13, 'seasonType': 'regular'}
    plays week 14/16
    [cache] /plays {'year': 2025, 'week': 14, 'seasonType': 'regular'}
    plays week 15/16
    [cache] /plays {'year': 2025, 'week': 15, 'seasonType': 'regular'}
    plays week 16/16
    [cache] /plays {'year': 2025, 'week': 16, 'seasonType': 'regular'}
  284332 total plays fetched
  2569 rushers with parsed carry data (733 QBs excluded)

[7/7] Processing ratings...
  Building opponent-weighted stats from gamelog...
  12362 players with opponent-weighted stats
Building player gamelogs (early pass for gamelog-derived skills)...
  Gamelog-derived skills computed for 12362 players
Normalizing ratings...
Applying backup/no-data tier ratings...
  3916 backup/no-data players rated via star-anchor pathway
  OL boosts applied to 910 player(s) (draft/awards/continuity)
Computing team ratings...
Generating public names...

  Year 2025 rating distribution:
    40-49:  3144 (20%) ##########
    50-59:  2721 (17%) ########
    60-69:  4706 (30%) ###############
    70-79:  3091 (19%) #########
    80-89:  1600 (10%) #####
    90-99:   339 ( 2%) #
    Min=40 Max=99 Median=65
  136 teams, 15601 players.
Building schedule, drives, and plays...
  3745 games, 12362 players with gamelogs
  37717 drives, 284332 plays

Writing to C:\Projects\CFB-Video-Game\app\assets\data/
  2025/teams_private.json: 136 entries
  2025/teams_public.json: 136 entries
  2025/players_private.json: 15601 entries
  2025/players_public.json: 15601 entries
  2025/ratings.json: 15601 entries
  2025/team_schedule.json: 3745 entries
  2025/player_gamelog.json: 12362 keys, 60010 entries
  2025/team_drives.json: 311 keys, 37717 entries
  2025/team_plays_wk*.json.gz: 16 weeks, 284332 plays

Building 2026 projected roster...
  Fetching 2026 teams...
    [cache] /teams/fbs {'year': 2026}
    138 teams
  Fetching 2026 rosters...
  Fetching roster 1/138: Air Force
    [cache] /roster {'team': 'Air Force', 'year': 2026}
  Fetching roster 2/138: Akron
    [cache] /roster {'team': 'Akron', 'year': 2026}
  Fetching roster 3/138: Alabama
    [cache] /roster {'team': 'Alabama', 'year': 2026}
  Fetching roster 4/138: App State
    [cache] /roster {'team': 'App State', 'year': 2026}
  Fetching roster 5/138: Arizona
    [cache] /roster {'team': 'Arizona', 'year': 2026}
  Fetching roster 6/138: Arizona State
    [cache] /roster {'team': 'Arizona State', 'year': 2026}
  Fetching roster 7/138: Arkansas
    [cache] /roster {'team': 'Arkansas', 'year': 2026}
  Fetching roster 8/138: Arkansas State
    [cache] /roster {'team': 'Arkansas State', 'year': 2026}
  Fetching roster 9/138: Army
    [cache] /roster {'team': 'Army', 'year': 2026}
  Fetching roster 10/138: Auburn
    [cache] /roster {'team': 'Auburn', 'year': 2026}
  Fetching roster 11/138: Ball State
    [cache] /roster {'team': 'Ball State', 'year': 2026}
  Fetching roster 12/138: Baylor
    [cache] /roster {'team': 'Baylor', 'year': 2026}
  Fetching roster 13/138: Boise State
    [cache] /roster {'team': 'Boise State', 'year': 2026}
  Fetching roster 14/138: Boston College
    [cache] /roster {'team': 'Boston College', 'year': 2026}
  Fetching roster 15/138: Bowling Green
    [cache] /roster {'team': 'Bowling Green', 'year': 2026}
  Fetching roster 16/138: Buffalo
    [cache] /roster {'team': 'Buffalo', 'year': 2026}
  Fetching roster 17/138: BYU
    [cache] /roster {'team': 'BYU', 'year': 2026}
  Fetching roster 18/138: California
    [cache] /roster {'team': 'California', 'year': 2026}
  Fetching roster 19/138: Central Michigan
    [cache] /roster {'team': 'Central Michigan', 'year': 2026}
  Fetching roster 20/138: Charlotte
    [cache] /roster {'team': 'Charlotte', 'year': 2026}
  Fetching roster 21/138: Cincinnati
    [cache] /roster {'team': 'Cincinnati', 'year': 2026}
  Fetching roster 22/138: Clemson
    [cache] /roster {'team': 'Clemson', 'year': 2026}
  Fetching roster 23/138: Coastal Carolina
    [cache] /roster {'team': 'Coastal Carolina', 'year': 2026}
  Fetching roster 24/138: Colorado
    [cache] /roster {'team': 'Colorado', 'year': 2026}
  Fetching roster 25/138: Colorado State
    [cache] /roster {'team': 'Colorado State', 'year': 2026}
  Fetching roster 26/138: Delaware
    [cache] /roster {'team': 'Delaware', 'year': 2026}
  Fetching roster 27/138: Duke
    [cache] /roster {'team': 'Duke', 'year': 2026}
  Fetching roster 28/138: East Carolina
    [cache] /roster {'team': 'East Carolina', 'year': 2026}
  Fetching roster 29/138: Eastern Michigan
    [cache] /roster {'team': 'Eastern Michigan', 'year': 2026}
  Fetching roster 30/138: Florida
    [cache] /roster {'team': 'Florida', 'year': 2026}
  Fetching roster 31/138: Florida Atlantic
    [cache] /roster {'team': 'Florida Atlantic', 'year': 2026}
  Fetching roster 32/138: Florida International
    [cache] /roster {'team': 'Florida International', 'year': 2026}
  Fetching roster 33/138: Florida State
    [cache] /roster {'team': 'Florida State', 'year': 2026}
  Fetching roster 34/138: Fresno State
    [cache] /roster {'team': 'Fresno State', 'year': 2026}
  Fetching roster 35/138: Georgia
    [cache] /roster {'team': 'Georgia', 'year': 2026}
  Fetching roster 36/138: Georgia Southern
    [cache] /roster {'team': 'Georgia Southern', 'year': 2026}
  Fetching roster 37/138: Georgia State
    [cache] /roster {'team': 'Georgia State', 'year': 2026}
  Fetching roster 38/138: Georgia Tech
    [cache] /roster {'team': 'Georgia Tech', 'year': 2026}
  Fetching roster 39/138: Hawai'i
    [cache] /roster {'team': "Hawai'i", 'year': 2026}
  Fetching roster 40/138: Houston
    [cache] /roster {'team': 'Houston', 'year': 2026}
  Fetching roster 41/138: Illinois
    [cache] /roster {'team': 'Illinois', 'year': 2026}
  Fetching roster 42/138: Indiana
    [cache] /roster {'team': 'Indiana', 'year': 2026}
  Fetching roster 43/138: Iowa
    [cache] /roster {'team': 'Iowa', 'year': 2026}
  Fetching roster 44/138: Iowa State
    [cache] /roster {'team': 'Iowa State', 'year': 2026}
  Fetching roster 45/138: Jacksonville State
    [cache] /roster {'team': 'Jacksonville State', 'year': 2026}
  Fetching roster 46/138: James Madison
    [cache] /roster {'team': 'James Madison', 'year': 2026}
  Fetching roster 47/138: Kansas
    [cache] /roster {'team': 'Kansas', 'year': 2026}
  Fetching roster 48/138: Kansas State
    [cache] /roster {'team': 'Kansas State', 'year': 2026}
  Fetching roster 49/138: Kennesaw State
    [cache] /roster {'team': 'Kennesaw State', 'year': 2026}
  Fetching roster 50/138: Kent State
    [cache] /roster {'team': 'Kent State', 'year': 2026}
  Fetching roster 51/138: Kentucky
    [cache] /roster {'team': 'Kentucky', 'year': 2026}
  Fetching roster 52/138: Liberty
    [cache] /roster {'team': 'Liberty', 'year': 2026}
  Fetching roster 53/138: Louisiana
    [cache] /roster {'team': 'Louisiana', 'year': 2026}
  Fetching roster 54/138: Louisiana Tech
    [cache] /roster {'team': 'Louisiana Tech', 'year': 2026}
  Fetching roster 55/138: Louisville
    [cache] /roster {'team': 'Louisville', 'year': 2026}
  Fetching roster 56/138: LSU
    [cache] /roster {'team': 'LSU', 'year': 2026}
  Fetching roster 57/138: Marshall
    [cache] /roster {'team': 'Marshall', 'year': 2026}
  Fetching roster 58/138: Maryland
    [cache] /roster {'team': 'Maryland', 'year': 2026}
  Fetching roster 59/138: Massachusetts
    [cache] /roster {'team': 'Massachusetts', 'year': 2026}
  Fetching roster 60/138: Memphis
    [cache] /roster {'team': 'Memphis', 'year': 2026}
  Fetching roster 61/138: Miami
    [cache] /roster {'team': 'Miami', 'year': 2026}
  Fetching roster 62/138: Miami (OH)
    [cache] /roster {'team': 'Miami (OH)', 'year': 2026}
  Fetching roster 63/138: Michigan
    [cache] /roster {'team': 'Michigan', 'year': 2026}
  Fetching roster 64/138: Michigan State
    [cache] /roster {'team': 'Michigan State', 'year': 2026}
  Fetching roster 65/138: Middle Tennessee
    [cache] /roster {'team': 'Middle Tennessee', 'year': 2026}
  Fetching roster 66/138: Minnesota
    [cache] /roster {'team': 'Minnesota', 'year': 2026}
  Fetching roster 67/138: Mississippi State
    [cache] /roster {'team': 'Mississippi State', 'year': 2026}
  Fetching roster 68/138: Missouri
    [cache] /roster {'team': 'Missouri', 'year': 2026}
  Fetching roster 69/138: Missouri State
    [cache] /roster {'team': 'Missouri State', 'year': 2026}
  Fetching roster 70/138: Navy
    [cache] /roster {'team': 'Navy', 'year': 2026}
  Fetching roster 71/138: NC State
    [cache] /roster {'team': 'NC State', 'year': 2026}
  Fetching roster 72/138: Nebraska
    [cache] /roster {'team': 'Nebraska', 'year': 2026}
  Fetching roster 73/138: Nevada
    [cache] /roster {'team': 'Nevada', 'year': 2026}
  Fetching roster 74/138: New Mexico
    [cache] /roster {'team': 'New Mexico', 'year': 2026}
  Fetching roster 75/138: New Mexico State
    [cache] /roster {'team': 'New Mexico State', 'year': 2026}
  Fetching roster 76/138: North Carolina
    [cache] /roster {'team': 'North Carolina', 'year': 2026}
  Fetching roster 77/138: North Dakota State
    [cache] /roster {'team': 'North Dakota State', 'year': 2026}
  Fetching roster 78/138: Northern Illinois
    [cache] /roster {'team': 'Northern Illinois', 'year': 2026}
  Fetching roster 79/138: North Texas
    [cache] /roster {'team': 'North Texas', 'year': 2026}
  Fetching roster 80/138: Northwestern
    [cache] /roster {'team': 'Northwestern', 'year': 2026}
  Fetching roster 81/138: Notre Dame
    [cache] /roster {'team': 'Notre Dame', 'year': 2026}
  Fetching roster 82/138: Ohio
    [cache] /roster {'team': 'Ohio', 'year': 2026}
  Fetching roster 83/138: Ohio State
    [cache] /roster {'team': 'Ohio State', 'year': 2026}
  Fetching roster 84/138: Oklahoma
    [cache] /roster {'team': 'Oklahoma', 'year': 2026}
  Fetching roster 85/138: Oklahoma State
    [cache] /roster {'team': 'Oklahoma State', 'year': 2026}
  Fetching roster 86/138: Old Dominion
    [cache] /roster {'team': 'Old Dominion', 'year': 2026}
  Fetching roster 87/138: Ole Miss
    [cache] /roster {'team': 'Ole Miss', 'year': 2026}
  Fetching roster 88/138: Oregon
    [cache] /roster {'team': 'Oregon', 'year': 2026}
  Fetching roster 89/138: Oregon State
    [cache] /roster {'team': 'Oregon State', 'year': 2026}
  Fetching roster 90/138: Penn State
    [cache] /roster {'team': 'Penn State', 'year': 2026}
  Fetching roster 91/138: Pittsburgh
    [cache] /roster {'team': 'Pittsburgh', 'year': 2026}
  Fetching roster 92/138: Purdue
    [cache] /roster {'team': 'Purdue', 'year': 2026}
  Fetching roster 93/138: Rice
    [cache] /roster {'team': 'Rice', 'year': 2026}
  Fetching roster 94/138: Rutgers
    [cache] /roster {'team': 'Rutgers', 'year': 2026}
  Fetching roster 95/138: Sacramento State
    [cache] /roster {'team': 'Sacramento State', 'year': 2026}
  Fetching roster 96/138: Sam Houston
    [cache] /roster {'team': 'Sam Houston', 'year': 2026}
  Fetching roster 97/138: San Diego State
    [cache] /roster {'team': 'San Diego State', 'year': 2026}
  Fetching roster 98/138: San José State
    [cache] /roster {'team': 'San José State', 'year': 2026}
  Fetching roster 99/138: SMU
    [cache] /roster {'team': 'SMU', 'year': 2026}
  Fetching roster 100/138: South Alabama
    [cache] /roster {'team': 'South Alabama', 'year': 2026}
  Fetching roster 101/138: South Carolina
    [cache] /roster {'team': 'South Carolina', 'year': 2026}
  Fetching roster 102/138: Southern Miss
    [cache] /roster {'team': 'Southern Miss', 'year': 2026}
  Fetching roster 103/138: South Florida
    [cache] /roster {'team': 'South Florida', 'year': 2026}
  Fetching roster 104/138: Stanford
    [cache] /roster {'team': 'Stanford', 'year': 2026}
  Fetching roster 105/138: Syracuse
    [cache] /roster {'team': 'Syracuse', 'year': 2026}
  Fetching roster 106/138: TCU
    [cache] /roster {'team': 'TCU', 'year': 2026}
  Fetching roster 107/138: Temple
    [cache] /roster {'team': 'Temple', 'year': 2026}
  Fetching roster 108/138: Tennessee
    [cache] /roster {'team': 'Tennessee', 'year': 2026}
  Fetching roster 109/138: Texas
    [cache] /roster {'team': 'Texas', 'year': 2026}
  Fetching roster 110/138: Texas A&M
    [cache] /roster {'team': 'Texas A&M', 'year': 2026}
  Fetching roster 111/138: Texas State
    [cache] /roster {'team': 'Texas State', 'year': 2026}
  Fetching roster 112/138: Texas Tech
    [cache] /roster {'team': 'Texas Tech', 'year': 2026}
  Fetching roster 113/138: Toledo
    [cache] /roster {'team': 'Toledo', 'year': 2026}
  Fetching roster 114/138: Troy
    [cache] /roster {'team': 'Troy', 'year': 2026}
  Fetching roster 115/138: Tulane
    [cache] /roster {'team': 'Tulane', 'year': 2026}
  Fetching roster 116/138: Tulsa
    [cache] /roster {'team': 'Tulsa', 'year': 2026}
  Fetching roster 117/138: UAB
    [cache] /roster {'team': 'UAB', 'year': 2026}
  Fetching roster 118/138: UCF
    [cache] /roster {'team': 'UCF', 'year': 2026}
  Fetching roster 119/138: UCLA
    [cache] /roster {'team': 'UCLA', 'year': 2026}
  Fetching roster 120/138: UConn
    [cache] /roster {'team': 'UConn', 'year': 2026}
  Fetching roster 121/138: UL Monroe
    [cache] /roster {'team': 'UL Monroe', 'year': 2026}
  Fetching roster 122/138: UNLV
    [cache] /roster {'team': 'UNLV', 'year': 2026}
  Fetching roster 123/138: USC
    [cache] /roster {'team': 'USC', 'year': 2026}
  Fetching roster 124/138: Utah
    [cache] /roster {'team': 'Utah', 'year': 2026}
  Fetching roster 125/138: Utah State
    [cache] /roster {'team': 'Utah State', 'year': 2026}
  Fetching roster 126/138: UTEP
    [cache] /roster {'team': 'UTEP', 'year': 2026}
  Fetching roster 127/138: UTSA
    [cache] /roster {'team': 'UTSA', 'year': 2026}
  Fetching roster 128/138: Vanderbilt
    [cache] /roster {'team': 'Vanderbilt', 'year': 2026}
  Fetching roster 129/138: Virginia
    [cache] /roster {'team': 'Virginia', 'year': 2026}
  Fetching roster 130/138: Virginia Tech
    [cache] /roster {'team': 'Virginia Tech', 'year': 2026}
  Fetching roster 131/138: Wake Forest
    [cache] /roster {'team': 'Wake Forest', 'year': 2026}
  Fetching roster 132/138: Washington
    [cache] /roster {'team': 'Washington', 'year': 2026}
  Fetching roster 133/138: Washington State
    [cache] /roster {'team': 'Washington State', 'year': 2026}
  Fetching roster 134/138: Western Kentucky
    [cache] /roster {'team': 'Western Kentucky', 'year': 2026}
  Fetching roster 135/138: Western Michigan
    [cache] /roster {'team': 'Western Michigan', 'year': 2026}
  Fetching roster 136/138: West Virginia
    [cache] /roster {'team': 'West Virginia', 'year': 2026}
  Fetching roster 137/138: Wisconsin
    [cache] /roster {'team': 'Wisconsin', 'year': 2026}
  Fetching roster 138/138: Wyoming
    [cache] /roster {'team': 'Wyoming', 'year': 2026}
  No 2026 roster data found — falling back to 2025 rosters
  Fetching roster 1/138: Air Force
    [cache] /roster {'team': 'Air Force', 'year': 2025}
  Fetching roster 2/138: Akron
    [cache] /roster {'team': 'Akron', 'year': 2025}
  Fetching roster 3/138: Alabama
    [cache] /roster {'team': 'Alabama', 'year': 2025}
  Fetching roster 4/138: App State
    [cache] /roster {'team': 'App State', 'year': 2025}
  Fetching roster 5/138: Arizona
    [cache] /roster {'team': 'Arizona', 'year': 2025}
  Fetching roster 6/138: Arizona State
    [cache] /roster {'team': 'Arizona State', 'year': 2025}
  Fetching roster 7/138: Arkansas
    [cache] /roster {'team': 'Arkansas', 'year': 2025}
  Fetching roster 8/138: Arkansas State
    [cache] /roster {'team': 'Arkansas State', 'year': 2025}
  Fetching roster 9/138: Army
    [cache] /roster {'team': 'Army', 'year': 2025}
  Fetching roster 10/138: Auburn
    [cache] /roster {'team': 'Auburn', 'year': 2025}
  Fetching roster 11/138: Ball State
    [cache] /roster {'team': 'Ball State', 'year': 2025}
  Fetching roster 12/138: Baylor
    [cache] /roster {'team': 'Baylor', 'year': 2025}
  Fetching roster 13/138: Boise State
    [cache] /roster {'team': 'Boise State', 'year': 2025}
  Fetching roster 14/138: Boston College
    [cache] /roster {'team': 'Boston College', 'year': 2025}
  Fetching roster 15/138: Bowling Green
    [cache] /roster {'team': 'Bowling Green', 'year': 2025}
  Fetching roster 16/138: Buffalo
    [cache] /roster {'team': 'Buffalo', 'year': 2025}
  Fetching roster 17/138: BYU
    [cache] /roster {'team': 'BYU', 'year': 2025}
  Fetching roster 18/138: California
    [cache] /roster {'team': 'California', 'year': 2025}
  Fetching roster 19/138: Central Michigan
    [cache] /roster {'team': 'Central Michigan', 'year': 2025}
  Fetching roster 20/138: Charlotte
    [cache] /roster {'team': 'Charlotte', 'year': 2025}
  Fetching roster 21/138: Cincinnati
    [cache] /roster {'team': 'Cincinnati', 'year': 2025}
  Fetching roster 22/138: Clemson
    [cache] /roster {'team': 'Clemson', 'year': 2025}
  Fetching roster 23/138: Coastal Carolina
    [cache] /roster {'team': 'Coastal Carolina', 'year': 2025}
  Fetching roster 24/138: Colorado
    [cache] /roster {'team': 'Colorado', 'year': 2025}
  Fetching roster 25/138: Colorado State
    [cache] /roster {'team': 'Colorado State', 'year': 2025}
  Fetching roster 26/138: Delaware
    [cache] /roster {'team': 'Delaware', 'year': 2025}
  Fetching roster 27/138: Duke
    [cache] /roster {'team': 'Duke', 'year': 2025}
  Fetching roster 28/138: East Carolina
    [cache] /roster {'team': 'East Carolina', 'year': 2025}
  Fetching roster 29/138: Eastern Michigan
    [cache] /roster {'team': 'Eastern Michigan', 'year': 2025}
  Fetching roster 30/138: Florida
    [cache] /roster {'team': 'Florida', 'year': 2025}
  Fetching roster 31/138: Florida Atlantic
    [cache] /roster {'team': 'Florida Atlantic', 'year': 2025}
  Fetching roster 32/138: Florida International
    [cache] /roster {'team': 'Florida International', 'year': 2025}
  Fetching roster 33/138: Florida State
    [cache] /roster {'team': 'Florida State', 'year': 2025}
  Fetching roster 34/138: Fresno State
    [cache] /roster {'team': 'Fresno State', 'year': 2025}
  Fetching roster 35/138: Georgia
    [cache] /roster {'team': 'Georgia', 'year': 2025}
  Fetching roster 36/138: Georgia Southern
    [cache] /roster {'team': 'Georgia Southern', 'year': 2025}
  Fetching roster 37/138: Georgia State
    [cache] /roster {'team': 'Georgia State', 'year': 2025}
  Fetching roster 38/138: Georgia Tech
    [cache] /roster {'team': 'Georgia Tech', 'year': 2025}
  Fetching roster 39/138: Hawai'i
    [cache] /roster {'team': "Hawai'i", 'year': 2025}
  Fetching roster 40/138: Houston
    [cache] /roster {'team': 'Houston', 'year': 2025}
  Fetching roster 41/138: Illinois
    [cache] /roster {'team': 'Illinois', 'year': 2025}
  Fetching roster 42/138: Indiana
    [cache] /roster {'team': 'Indiana', 'year': 2025}
  Fetching roster 43/138: Iowa
    [cache] /roster {'team': 'Iowa', 'year': 2025}
  Fetching roster 44/138: Iowa State
    [cache] /roster {'team': 'Iowa State', 'year': 2025}
  Fetching roster 45/138: Jacksonville State
    [cache] /roster {'team': 'Jacksonville State', 'year': 2025}
  Fetching roster 46/138: James Madison
    [cache] /roster {'team': 'James Madison', 'year': 2025}
  Fetching roster 47/138: Kansas
    [cache] /roster {'team': 'Kansas', 'year': 2025}
  Fetching roster 48/138: Kansas State
    [cache] /roster {'team': 'Kansas State', 'year': 2025}
  Fetching roster 49/138: Kennesaw State
    [cache] /roster {'team': 'Kennesaw State', 'year': 2025}
  Fetching roster 50/138: Kent State
    [cache] /roster {'team': 'Kent State', 'year': 2025}
  Fetching roster 51/138: Kentucky
    [cache] /roster {'team': 'Kentucky', 'year': 2025}
  Fetching roster 52/138: Liberty
    [cache] /roster {'team': 'Liberty', 'year': 2025}
  Fetching roster 53/138: Louisiana
    [cache] /roster {'team': 'Louisiana', 'year': 2025}
  Fetching roster 54/138: Louisiana Tech
    [cache] /roster {'team': 'Louisiana Tech', 'year': 2025}
  Fetching roster 55/138: Louisville
    [cache] /roster {'team': 'Louisville', 'year': 2025}
  Fetching roster 56/138: LSU
    [cache] /roster {'team': 'LSU', 'year': 2025}
  Fetching roster 57/138: Marshall
    [cache] /roster {'team': 'Marshall', 'year': 2025}
  Fetching roster 58/138: Maryland
    [cache] /roster {'team': 'Maryland', 'year': 2025}
  Fetching roster 59/138: Massachusetts
    [cache] /roster {'team': 'Massachusetts', 'year': 2025}
  Fetching roster 60/138: Memphis
    [cache] /roster {'team': 'Memphis', 'year': 2025}
  Fetching roster 61/138: Miami
    [cache] /roster {'team': 'Miami', 'year': 2025}
  Fetching roster 62/138: Miami (OH)
    [cache] /roster {'team': 'Miami (OH)', 'year': 2025}
  Fetching roster 63/138: Michigan
    [cache] /roster {'team': 'Michigan', 'year': 2025}
  Fetching roster 64/138: Michigan State
    [cache] /roster {'team': 'Michigan State', 'year': 2025}
  Fetching roster 65/138: Middle Tennessee
    [cache] /roster {'team': 'Middle Tennessee', 'year': 2025}
  Fetching roster 66/138: Minnesota
    [cache] /roster {'team': 'Minnesota', 'year': 2025}
  Fetching roster 67/138: Mississippi State
    [cache] /roster {'team': 'Mississippi State', 'year': 2025}
  Fetching roster 68/138: Missouri
    [cache] /roster {'team': 'Missouri', 'year': 2025}
  Fetching roster 69/138: Missouri State
    [cache] /roster {'team': 'Missouri State', 'year': 2025}
  Fetching roster 70/138: Navy
    [cache] /roster {'team': 'Navy', 'year': 2025}
  Fetching roster 71/138: NC State
    [cache] /roster {'team': 'NC State', 'year': 2025}
  Fetching roster 72/138: Nebraska
    [cache] /roster {'team': 'Nebraska', 'year': 2025}
  Fetching roster 73/138: Nevada
    [cache] /roster {'team': 'Nevada', 'year': 2025}
  Fetching roster 74/138: New Mexico
    [cache] /roster {'team': 'New Mexico', 'year': 2025}
  Fetching roster 75/138: New Mexico State
    [cache] /roster {'team': 'New Mexico State', 'year': 2025}
  Fetching roster 76/138: North Carolina
    [cache] /roster {'team': 'North Carolina', 'year': 2025}
  Fetching roster 77/138: North Dakota State
    [cache] /roster {'team': 'North Dakota State', 'year': 2025}
  Fetching roster 78/138: Northern Illinois
    [cache] /roster {'team': 'Northern Illinois', 'year': 2025}
  Fetching roster 79/138: North Texas
    [cache] /roster {'team': 'North Texas', 'year': 2025}
  Fetching roster 80/138: Northwestern
    [cache] /roster {'team': 'Northwestern', 'year': 2025}
  Fetching roster 81/138: Notre Dame
    [cache] /roster {'team': 'Notre Dame', 'year': 2025}
  Fetching roster 82/138: Ohio
    [cache] /roster {'team': 'Ohio', 'year': 2025}
  Fetching roster 83/138: Ohio State
    [cache] /roster {'team': 'Ohio State', 'year': 2025}
  Fetching roster 84/138: Oklahoma
    [cache] /roster {'team': 'Oklahoma', 'year': 2025}
  Fetching roster 85/138: Oklahoma State
    [cache] /roster {'team': 'Oklahoma State', 'year': 2025}
  Fetching roster 86/138: Old Dominion
    [cache] /roster {'team': 'Old Dominion', 'year': 2025}
  Fetching roster 87/138: Ole Miss
    [cache] /roster {'team': 'Ole Miss', 'year': 2025}
  Fetching roster 88/138: Oregon
    [cache] /roster {'team': 'Oregon', 'year': 2025}
  Fetching roster 89/138: Oregon State
    [cache] /roster {'team': 'Oregon State', 'year': 2025}
  Fetching roster 90/138: Penn State
    [cache] /roster {'team': 'Penn State', 'year': 2025}
  Fetching roster 91/138: Pittsburgh
    [cache] /roster {'team': 'Pittsburgh', 'year': 2025}
  Fetching roster 92/138: Purdue
    [cache] /roster {'team': 'Purdue', 'year': 2025}
  Fetching roster 93/138: Rice
    [cache] /roster {'team': 'Rice', 'year': 2025}
  Fetching roster 94/138: Rutgers
    [cache] /roster {'team': 'Rutgers', 'year': 2025}
  Fetching roster 95/138: Sacramento State
    [cache] /roster {'team': 'Sacramento State', 'year': 2025}
  Fetching roster 96/138: Sam Houston
    [cache] /roster {'team': 'Sam Houston', 'year': 2025}
  Fetching roster 97/138: San Diego State
    [cache] /roster {'team': 'San Diego State', 'year': 2025}
  Fetching roster 98/138: San José State
    [cache] /roster {'team': 'San José State', 'year': 2025}
  Fetching roster 99/138: SMU
    [cache] /roster {'team': 'SMU', 'year': 2025}
  Fetching roster 100/138: South Alabama
    [cache] /roster {'team': 'South Alabama', 'year': 2025}
  Fetching roster 101/138: South Carolina
    [cache] /roster {'team': 'South Carolina', 'year': 2025}
  Fetching roster 102/138: Southern Miss
    [cache] /roster {'team': 'Southern Miss', 'year': 2025}
  Fetching roster 103/138: South Florida
    [cache] /roster {'team': 'South Florida', 'year': 2025}
  Fetching roster 104/138: Stanford
    [cache] /roster {'team': 'Stanford', 'year': 2025}
  Fetching roster 105/138: Syracuse
    [cache] /roster {'team': 'Syracuse', 'year': 2025}
  Fetching roster 106/138: TCU
    [cache] /roster {'team': 'TCU', 'year': 2025}
  Fetching roster 107/138: Temple
    [cache] /roster {'team': 'Temple', 'year': 2025}
  Fetching roster 108/138: Tennessee
    [cache] /roster {'team': 'Tennessee', 'year': 2025}
  Fetching roster 109/138: Texas
    [cache] /roster {'team': 'Texas', 'year': 2025}
  Fetching roster 110/138: Texas A&M
    [cache] /roster {'team': 'Texas A&M', 'year': 2025}
  Fetching roster 111/138: Texas State
    [cache] /roster {'team': 'Texas State', 'year': 2025}
  Fetching roster 112/138: Texas Tech
    [cache] /roster {'team': 'Texas Tech', 'year': 2025}
  Fetching roster 113/138: Toledo
    [cache] /roster {'team': 'Toledo', 'year': 2025}
  Fetching roster 114/138: Troy
    [cache] /roster {'team': 'Troy', 'year': 2025}
  Fetching roster 115/138: Tulane
    [cache] /roster {'team': 'Tulane', 'year': 2025}
  Fetching roster 116/138: Tulsa
    [cache] /roster {'team': 'Tulsa', 'year': 2025}
  Fetching roster 117/138: UAB
    [cache] /roster {'team': 'UAB', 'year': 2025}
  Fetching roster 118/138: UCF
    [cache] /roster {'team': 'UCF', 'year': 2025}
  Fetching roster 119/138: UCLA
    [cache] /roster {'team': 'UCLA', 'year': 2025}
  Fetching roster 120/138: UConn
    [cache] /roster {'team': 'UConn', 'year': 2025}
  Fetching roster 121/138: UL Monroe
    [cache] /roster {'team': 'UL Monroe', 'year': 2025}
  Fetching roster 122/138: UNLV
    [cache] /roster {'team': 'UNLV', 'year': 2025}
  Fetching roster 123/138: USC
    [cache] /roster {'team': 'USC', 'year': 2025}
  Fetching roster 124/138: Utah
    [cache] /roster {'team': 'Utah', 'year': 2025}
  Fetching roster 125/138: Utah State
    [cache] /roster {'team': 'Utah State', 'year': 2025}
  Fetching roster 126/138: UTEP
    [cache] /roster {'team': 'UTEP', 'year': 2025}
  Fetching roster 127/138: UTSA
    [cache] /roster {'team': 'UTSA', 'year': 2025}
  Fetching roster 128/138: Vanderbilt
    [cache] /roster {'team': 'Vanderbilt', 'year': 2025}
  Fetching roster 129/138: Virginia
    [cache] /roster {'team': 'Virginia', 'year': 2025}
  Fetching roster 130/138: Virginia Tech
    [cache] /roster {'team': 'Virginia Tech', 'year': 2025}
  Fetching roster 131/138: Wake Forest
    [cache] /roster {'team': 'Wake Forest', 'year': 2025}
  Fetching roster 132/138: Washington
    [cache] /roster {'team': 'Washington', 'year': 2025}
  Fetching roster 133/138: Washington State
    [cache] /roster {'team': 'Washington State', 'year': 2025}
  Fetching roster 134/138: Western Kentucky
    [cache] /roster {'team': 'Western Kentucky', 'year': 2025}
  Fetching roster 135/138: Western Michigan
    [cache] /roster {'team': 'Western Michigan', 'year': 2025}
  Fetching roster 136/138: West Virginia
    [cache] /roster {'team': 'West Virginia', 'year': 2025}
  Fetching roster 137/138: Wisconsin
    [cache] /roster {'team': 'Wisconsin', 'year': 2025}
  Fetching roster 138/138: Wyoming
    [cache] /roster {'team': 'Wyoming', 'year': 2025}
  Fetching 2026 transfer portal...
    [cache] /player/portal {'year': 2026}
    4406 portal entries
  Fetching 2026 recruiting class...
    [cache] /recruiting/players {'year': 2026}
    3107 recruits
    [cache] /ratings/sp {'year': 2026}
    [cache] /talent {'year': 2026}
    Class 2022...
    [cache] /recruiting/players {'year': 2022}
    Class 2023...
    [cache] /recruiting/players {'year': 2023}
    Class 2024...
    [cache] /recruiting/players {'year': 2024}
    Class 2025...
    [cache] /recruiting/players {'year': 2025}
    Class 2026...
    [cache] /recruiting/players {'year': 2026}
  Writing 2026 projected data (20883 players)...
  2026/teams_private.json: 138 entries
  2026/teams_public.json: 138 entries
  2026/players_private.json: 20883 entries
  2026/players_public.json: 20883 entries
  2026/ratings.json: 20883 entries
  2026/team_schedule.json: 0 entries
  2026/player_gamelog.json: 0 keys, 0 entries
  2026/team_drives.json: 0 keys, 0 entries
  2026/team_plays_wk*.json.gz: 0 weeks, 0 plays

Done! Processed 20 season(s). Available: [2006, 2007, 2008, 2009, 2010, 2011, 2012, 2013, 2014, 2015, 2016, 2017, 2018, 2019, 2020, 2021, 2022, 2023, 2024, 2025, 2026]
